# Generated by tools/generate_tank_model.py
mtllib challenger2.mtl
o lower_hull
usemtl Base
s off
v -0.720000 0.585327 1.902312
v -0.720000 0.697889 -2.149950
v -0.720000 0.270151 -1.575879
v -0.720000 0.270151 1.519598
v 0.720000 0.585327 1.902312
v 0.720000 0.697889 -2.149950
v 0.720000 0.270151 -1.575879
v 0.720000 0.270151 1.519598
f 1 2 3
f 1 3 4
f 8 7 6
f 8 6 5
f 5 6 2
f 5 2 1
f 6 7 3
f 6 3 2
f 7 8 4
f 7 4 3
f 8 5 1
f 8 1 4
o upper_hull
usemtl Base
s off
v -1.060000 0.517789 2.082412
v 1.060000 0.517789 2.082412
v 0.770000 0.551558 2.082412
v -0.770000 0.551558 2.082412
v -1.060000 0.596583 1.879799
v 1.060000 0.596583 1.879799
v 0.770000 0.697889 1.879799
v -0.770000 0.697889 1.879799
v -1.060000 0.641608 1.125628
v 1.060000 0.641608 1.125628
v 0.770000 0.866734 1.125628
v -0.770000 0.866734 1.125628
v -1.060000 0.675377 -0.821709
v 1.060000 0.675377 -0.821709
v 0.770000 0.956784 -0.821709
v -0.770000 0.956784 -0.821709
v -1.060000 0.720402 -2.397588
v 1.060000 0.720402 -2.397588
v 0.770000 0.979296 -2.397588
v -0.770000 0.979296 -2.397588
f 9 10 11
f 9 11 12
f 28 27 26
f 28 26 25
f 9 10 14
f 9 14 13
f 14 15 11
f 14 11 10
f 15 16 12
f 15 12 11
f 16 13 9
f 16 9 12
f 17 18 14
f 17 14 13
f 18 19 15
f 18 15 14
f 19 20 16
f 19 16 15
f 20 17 13
f 20 13 16
f 21 22 18
f 21 18 17
f 22 23 19
f 22 19 18
f 23 24 20
f 23 20 19
f 24 21 17
f 24 17 20
f 25 26 22
f 25 22 21
f 26 27 23
f 26 23 22
f 27 28 24
f 27 24 23
f 28 25 21
f 28 21 24
o left_track_belt
usemtl Tracks
s off
v -0.765000 0.461508 -2.139568
v -0.765000 0.403014 -2.131867
v -0.765000 0.348508 -2.109290
v -0.765000 0.301701 -2.073374
v -0.765000 0.265786 -2.026568
v -0.765000 0.043252 -1.583060
v -0.765000 0.017078 -1.519871
v -0.765000 0.008151 -1.452060
v -0.765000 0.008151 1.283216
v -0.765000 0.017078 1.351027
v -0.765000 0.231952 1.870754
v -0.765000 0.254530 1.925261
v -0.765000 0.290445 1.972067
v -0.765000 0.337251 2.007983
v -0.765000 0.391758 2.030561
v -0.765000 0.450251 2.038261
v -0.765000 0.508744 2.030561
v -0.765000 0.563251 2.007983
v -0.765000 0.610057 1.972067
v -0.765000 0.645973 1.925261
v -0.765000 0.668550 1.870754
v -0.765000 0.676251 1.812261
v -0.765000 0.687508 -1.913568
v -0.765000 0.679807 -1.972061
v -0.765000 0.657229 -2.026568
v -0.765000 0.621314 -2.073374
v -0.765000 0.574508 -2.109290
v -0.765000 0.520001 -2.131867
v -1.085000 0.461508 -2.139568
v -1.085000 0.403014 -2.131867
v -1.085000 0.348508 -2.109290
v -1.085000 0.301701 -2.073374
v -1.085000 0.265786 -2.026568
v -1.085000 0.043252 -1.583060
v -1.085000 0.017078 -1.519871
v -1.085000 0.008151 -1.452060
v -1.085000 0.008151 1.283216
v -1.085000 0.017078 1.351027
v -1.085000 0.231952 1.870754
v -1.085000 0.254530 1.925261
v -1.085000 0.290445 1.972067
v -1.085000 0.337251 2.007983
v -1.085000 0.391758 2.030561
v -1.085000 0.450251 2.038261
v -1.085000 0.508744 2.030561
v -1.085000 0.563251 2.007983
v -1.085000 0.610057 1.972067
v -1.085000 0.645973 1.925261
v -1.085000 0.668550 1.870754
v -1.085000 0.676251 1.812261
v -1.085000 0.687508 -1.913568
v -1.085000 0.679807 -1.972061
v -1.085000 0.657229 -2.026568
v -1.085000 0.621314 -2.073374
v -1.085000 0.574508 -2.109290
v -1.085000 0.520001 -2.131867
v -0.765000 0.461508 -2.101568
v -0.765000 0.412850 -2.095162
v -0.765000 0.367508 -2.076381
v -0.765000 0.328571 -2.046504
v -0.765000 0.297986 -2.006390
v -0.765000 0.077811 -1.567258
v -0.765000 0.053783 -1.510036
v -0.765000 0.046069 -1.449575
v -0.765000 0.046069 1.280731
v -0.765000 0.053787 1.341204
v -0.765000 0.267064 1.856224
v -0.765000 0.287438 1.906261
v -0.765000 0.317315 1.945197
v -0.765000 0.356251 1.975074
v -0.765000 0.401593 1.993855
v -0.765000 0.450251 2.000261
v -0.765000 0.498909 1.993855
v -0.765000 0.544251 1.975074
v -0.765000 0.583187 1.945197
v -0.765000 0.613064 1.906261
v -0.765000 0.631845 1.860919
v -0.765000 0.638336 1.809719
v -0.765000 0.649585 -1.911140
v -0.765000 0.643102 -1.962226
v -0.765000 0.624320 -2.007568
v -0.765000 0.594444 -2.046504
v -0.765000 0.555508 -2.076381
v -0.765000 0.510166 -2.095162
v -1.085000 0.461508 -2.101568
v -1.085000 0.412850 -2.095162
v -1.085000 0.367508 -2.076381
v -1.085000 0.328571 -2.046504
v -1.085000 0.297986 -2.006390
v -1.085000 0.077811 -1.567258
v -1.085000 0.053783 -1.510036
v -1.085000 0.046069 -1.449575
v -1.085000 0.046069 1.280731
v -1.085000 0.053787 1.341204
v -1.085000 0.267064 1.856224
v -1.085000 0.287438 1.906261
v -1.085000 0.317315 1.945197
v -1.085000 0.356251 1.975074
v -1.085000 0.401593 1.993855
v -1.085000 0.450251 2.000261
v -1.085000 0.498909 1.993855
v -1.085000 0.544251 1.975074
v -1.085000 0.583187 1.945197
v -1.085000 0.613064 1.906261
v -1.085000 0.631845 1.860919
v -1.085000 0.638336 1.809719
v -1.085000 0.649585 -1.911140
v -1.085000 0.643102 -1.962226
v -1.085000 0.624320 -2.007568
v -1.085000 0.594444 -2.046504
v -1.085000 0.555508 -2.076381
v -1.085000 0.510166 -2.095162
f 29 30 58
f 29 58 57
f 85 113 114
f 85 114 86
f 29 85 86
f 29 86 30
f 57 58 114
f 57 114 113
f 30 31 59
f 30 59 58
f 86 114 115
f 86 115 87
f 30 86 87
f 30 87 31
f 58 59 115
f 58 115 114
f 31 32 60
f 31 60 59
f 87 115 116
f 87 116 88
f 31 87 88
f 31 88 32
f 59 60 116
f 59 116 115
f 32 33 61
f 32 61 60
f 88 116 117
f 88 117 89
f 32 88 89
f 32 89 33
f 60 61 117
f 60 117 116
f 33 34 62
f 33 62 61
f 89 117 118
f 89 118 90
f 33 89 90
f 33 90 34
f 61 62 118
f 61 118 117
f 34 35 63
f 34 63 62
f 90 118 119
f 90 119 91
f 34 90 91
f 34 91 35
f 62 63 119
f 62 119 118
f 35 36 64
f 35 64 63
f 91 119 120
f 91 120 92
f 35 91 92
f 35 92 36
f 63 64 120
f 63 120 119
f 36 37 65
f 36 65 64
f 92 120 121
f 92 121 93
f 36 92 93
f 36 93 37
f 64 65 121
f 64 121 120
f 37 38 66
f 37 66 65
f 93 121 122
f 93 122 94
f 37 93 94
f 37 94 38
f 65 66 122
f 65 122 121
f 38 39 67
f 38 67 66
f 94 122 123
f 94 123 95
f 38 94 95
f 38 95 39
f 66 67 123
f 66 123 122
f 39 40 68
f 39 68 67
f 95 123 124
f 95 124 96
f 39 95 96
f 39 96 40
f 67 68 124
f 67 124 123
f 40 41 69
f 40 69 68
f 96 124 125
f 96 125 97
f 40 96 97
f 40 97 41
f 68 69 125
f 68 125 124
f 41 42 70
f 41 70 69
f 97 125 126
f 97 126 98
f 41 97 98
f 41 98 42
f 69 70 126
f 69 126 125
f 42 43 71
f 42 71 70
f 98 126 127
f 98 127 99
f 42 98 99
f 42 99 43
f 70 71 127
f 70 127 126
f 43 44 72
f 43 72 71
f 99 127 128
f 99 128 100
f 43 99 100
f 43 100 44
f 71 72 128
f 71 128 127
f 44 45 73
f 44 73 72
f 100 128 129
f 100 129 101
f 44 100 101
f 44 101 45
f 72 73 129
f 72 129 128
f 45 46 74
f 45 74 73
f 101 129 130
f 101 130 102
f 45 101 102
f 45 102 46
f 73 74 130
f 73 130 129
f 46 47 75
f 46 75 74
f 102 130 131
f 102 131 103
f 46 102 103
f 46 103 47
f 74 75 131
f 74 131 130
f 47 48 76
f 47 76 75
f 103 131 132
f 103 132 104
f 47 103 104
f 47 104 48
f 75 76 132
f 75 132 131
f 48 49 77
f 48 77 76
f 104 132 133
f 104 133 105
f 48 104 105
f 48 105 49
f 76 77 133
f 76 133 132
f 49 50 78
f 49 78 77
f 105 133 134
f 105 134 106
f 49 105 106
f 49 106 50
f 77 78 134
f 77 134 133
f 50 51 79
f 50 79 78
f 106 134 135
f 106 135 107
f 50 106 107
f 50 107 51
f 78 79 135
f 78 135 134
f 51 52 80
f 51 80 79
f 107 135 136
f 107 136 108
f 51 107 108
f 51 108 52
f 79 80 136
f 79 136 135
f 52 53 81
f 52 81 80
f 108 136 137
f 108 137 109
f 52 108 109
f 52 109 53
f 80 81 137
f 80 137 136
f 53 54 82
f 53 82 81
f 109 137 138
f 109 138 110
f 53 109 110
f 53 110 54
f 81 82 138
f 81 138 137
f 54 55 83
f 54 83 82
f 110 138 139
f 110 139 111
f 54 110 111
f 54 111 55
f 82 83 139
f 82 139 138
f 55 56 84
f 55 84 83
f 111 139 140
f 111 140 112
f 55 111 112
f 55 112 56
f 83 84 140
f 83 140 139
f 56 29 57
f 56 57 84
f 112 140 113
f 112 113 85
f 56 112 85
f 56 85 29
f 84 57 113
f 84 113 140
o left_shoe_00
usemtl Tracks
s off
v -0.750000 0.353543 -2.104881
v -1.100000 0.353543 -2.104881
v -1.100000 0.436693 -2.139323
v -0.750000 0.436693 -2.139323
v -0.750000 0.348951 -2.115968
v -1.100000 0.348951 -2.115968
v -1.100000 0.432100 -2.150409
v -0.750000 0.432100 -2.150409
f 144 143 142
f 144 142 141
f 145 146 147
f 145 147 148
f 142 146 145
f 142 145 141
f 143 147 146
f 143 146 142
f 144 148 147
f 144 147 143
f 141 145 148
f 141 148 144
o left_shoe_01
usemtl Tracks
s off
v -0.750000 0.258919 -2.007763
v -1.100000 0.258919 -2.007763
v -1.100000 0.313708 -2.079165
v -0.750000 0.313708 -2.079165
v -0.750000 0.249399 -2.015068
v -1.100000 0.249399 -2.015068
v -1.100000 0.304187 -2.086470
v -0.750000 0.304187 -2.086470
f 152 151 150
f 152 150 149
f 153 154 155
f 153 155 156
f 150 154 153
f 150 153 149
f 151 155 154
f 151 154 150
f 152 156 155
f 152 155 151
f 149 153 156
f 149 156 152
o left_shoe_02
usemtl Tracks
s off
v -0.750000 0.199770 -1.881621
v -1.100000 0.199770 -1.881621
v -1.100000 0.240133 -1.962062
v -0.750000 0.240133 -1.962062
v -0.750000 0.189045 -1.887002
v -1.100000 0.189045 -1.887002
v -1.100000 0.229407 -1.967444
v -0.750000 0.229407 -1.967444
f 160 159 158
f 160 158 157
f 161 162 163
f 161 163 164
f 158 162 161
f 158 161 157
f 159 163 162
f 159 162 158
f 160 164 163
f 160 163 159
f 157 161 164
f 157 164 160
o left_shoe_03
usemtl Tracks
s off
v -0.750000 0.136957 -1.756435
v -1.100000 0.136957 -1.756435
v -1.100000 0.177320 -1.836877
v -0.750000 0.177320 -1.836877
v -0.750000 0.126232 -1.761817
v -1.100000 0.126232 -1.761817
v -1.100000 0.166594 -1.842258
v -0.750000 0.166594 -1.842258
f 168 167 166
f 168 166 165
f 169 170 171
f 169 171 172
f 166 170 169
f 166 169 165
f 167 171 170
f 167 170 166
f 168 172 171
f 168 171 167
f 165 169 172
f 165 172 168
o left_shoe_04
usemtl Tracks
s off
v -0.750000 0.074144 -1.631249
v -1.100000 0.074144 -1.631249
v -1.100000 0.114507 -1.711691
v -0.750000 0.114507 -1.711691
v -0.750000 0.063419 -1.636631
v -1.100000 0.063419 -1.636631
v -1.100000 0.103781 -1.717073
v -0.750000 0.103781 -1.717073
f 176 175 174
f 176 174 173
f 177 178 179
f 177 179 180
f 174 178 177
f 174 177 173
f 175 179 178
f 175 178 174
f 176 180 179
f 176 179 175
f 173 177 180
f 173 180 176
o left_shoe_05
usemtl Tracks
s off
v -0.750000 0.016981 -1.503957
v -1.100000 0.016981 -1.503957
v -1.100000 0.051423 -1.587107
v -0.750000 0.051423 -1.587107
v -0.750000 0.005894 -1.508550
v -1.100000 0.005894 -1.508550
v -1.100000 0.040336 -1.591699
v -0.750000 0.040336 -1.591699
f 184 183 182
f 184 182 181
f 185 186 187
f 185 187 188
f 182 186 185
f 182 185 181
f 183 187 186
f 183 186 182
f 184 188 187
f 184 187 183
f 181 185 188
f 181 188 184
o left_shoe_06
usemtl Tracks
s off
v -0.750000 0.014151 -1.365656
v -1.100000 0.014151 -1.365656
v -1.100000 0.014151 -1.455656
v -0.750000 0.014151 -1.455656
v -0.750000 0.002151 -1.365656
v -1.100000 0.002151 -1.365656
v -1.100000 0.002151 -1.455656
v -0.750000 0.002151 -1.455656
f 192 191 190
f 192 190 189
f 193 194 195
f 193 195 196
f 190 194 193
f 190 193 189
f 191 195 194
f 191 194 190
f 192 196 195
f 192 195 191
f 189 193 196
f 189 196 192
o left_shoe_07
usemtl Tracks
s off
v -0.750000 0.014151 -1.225596
v -1.100000 0.014151 -1.225596
v -1.100000 0.014151 -1.315596
v -0.750000 0.014151 -1.315596
v -0.750000 0.002151 -1.225596
v -1.100000 0.002151 -1.225596
v -1.100000 0.002151 -1.315596
v -0.750000 0.002151 -1.315596
f 200 199 198
f 200 198 197
f 201 202 203
f 201 203 204
f 198 202 201
f 198 201 197
f 199 203 202
f 199 202 198
f 200 204 203
f 200 203 199
f 197 201 204
f 197 204 200
o left_shoe_08
usemtl Tracks
s off
v -0.750000 0.014151 -1.085536
v -1.100000 0.014151 -1.085536
v -1.100000 0.014151 -1.175536
v -0.750000 0.014151 -1.175536
v -0.750000 0.002151 -1.085536
v -1.100000 0.002151 -1.085536
v -1.100000 0.002151 -1.175536
v -0.750000 0.002151 -1.175536
f 208 207 206
f 208 206 205
f 209 210 211
f 209 211 212
f 206 210 209
f 206 209 205
f 207 211 210
f 207 210 206
f 208 212 211
f 208 211 207
f 205 209 212
f 205 212 208
o left_shoe_09
usemtl Tracks
s off
v -0.750000 0.014151 -0.945475
v -1.100000 0.014151 -0.945475
v -1.100000 0.014151 -1.035475
v -0.750000 0.014151 -1.035475
v -0.750000 0.002151 -0.945475
v -1.100000 0.002151 -0.945475
v -1.100000 0.002151 -1.035475
v -0.750000 0.002151 -1.035475
f 216 215 214
f 216 214 213
f 217 218 219
f 217 219 220
f 214 218 217
f 214 217 213
f 215 219 218
f 215 218 214
f 216 220 219
f 216 219 215
f 213 217 220
f 213 220 216
o left_shoe_10
usemtl Tracks
s off
v -0.750000 0.014151 -0.805415
v -1.100000 0.014151 -0.805415
v -1.100000 0.014151 -0.895415
v -0.750000 0.014151 -0.895415
v -0.750000 0.002151 -0.805415
v -1.100000 0.002151 -0.805415
v -1.100000 0.002151 -0.895415
v -0.750000 0.002151 -0.895415
f 224 223 222
f 224 222 221
f 225 226 227
f 225 227 228
f 222 226 225
f 222 225 221
f 223 227 226
f 223 226 222
f 224 228 227
f 224 227 223
f 221 225 228
f 221 228 224
o left_shoe_11
usemtl Tracks
s off
v -0.750000 0.014151 -0.665354
v -1.100000 0.014151 -0.665354
v -1.100000 0.014151 -0.755354
v -0.750000 0.014151 -0.755354
v -0.750000 0.002151 -0.665354
v -1.100000 0.002151 -0.665354
v -1.100000 0.002151 -0.755354
v -0.750000 0.002151 -0.755354
f 232 231 230
f 232 230 229
f 233 234 235
f 233 235 236
f 230 234 233
f 230 233 229
f 231 235 234
f 231 234 230
f 232 236 235
f 232 235 231
f 229 233 236
f 229 236 232
o left_shoe_12
usemtl Tracks
s off
v -0.750000 0.014151 -0.525294
v -1.100000 0.014151 -0.525294
v -1.100000 0.014151 -0.615294
v -0.750000 0.014151 -0.615294
v -0.750000 0.002151 -0.525294
v -1.100000 0.002151 -0.525294
v -1.100000 0.002151 -0.615294
v -0.750000 0.002151 -0.615294
f 240 239 238
f 240 238 237
f 241 242 243
f 241 243 244
f 238 242 241
f 238 241 237
f 239 243 242
f 239 242 238
f 240 244 243
f 240 243 239
f 237 241 244
f 237 244 240
o left_shoe_13
usemtl Tracks
s off
v -0.750000 0.014151 -0.385234
v -1.100000 0.014151 -0.385234
v -1.100000 0.014151 -0.475234
v -0.750000 0.014151 -0.475234
v -0.750000 0.002151 -0.385234
v -1.100000 0.002151 -0.385234
v -1.100000 0.002151 -0.475234
v -0.750000 0.002151 -0.475234
f 248 247 246
f 248 246 245
f 249 250 251
f 249 251 252
f 246 250 249
f 246 249 245
f 247 251 250
f 247 250 246
f 248 252 251
f 248 251 247
f 245 249 252
f 245 252 248
o left_shoe_14
usemtl Tracks
s off
v -0.750000 0.014151 -0.245173
v -1.100000 0.014151 -0.245173
v -1.100000 0.014151 -0.335173
v -0.750000 0.014151 -0.335173
v -0.750000 0.002151 -0.245173
v -1.100000 0.002151 -0.245173
v -1.100000 0.002151 -0.335173
v -0.750000 0.002151 -0.335173
f 256 255 254
f 256 254 253
f 257 258 259
f 257 259 260
f 254 258 257
f 254 257 253
f 255 259 258
f 255 258 254
f 256 260 259
f 256 259 255
f 253 257 260
f 253 260 256
o left_shoe_15
usemtl Tracks
s off
v -0.750000 0.014151 -0.105113
v -1.100000 0.014151 -0.105113
v -1.100000 0.014151 -0.195113
v -0.750000 0.014151 -0.195113
v -0.750000 0.002151 -0.105113
v -1.100000 0.002151 -0.105113
v -1.100000 0.002151 -0.195113
v -0.750000 0.002151 -0.195113
f 264 263 262
f 264 262 261
f 265 266 267
f 265 267 268
f 262 266 265
f 262 265 261
f 263 267 266
f 263 266 262
f 264 268 267
f 264 267 263
f 261 265 268
f 261 268 264
o left_shoe_16
usemtl Tracks
s off
v -0.750000 0.014151 0.034947
v -1.100000 0.014151 0.034947
v -1.100000 0.014151 -0.055053
v -0.750000 0.014151 -0.055053
v -0.750000 0.002151 0.034947
v -1.100000 0.002151 0.034947
v -1.100000 0.002151 -0.055053
v -0.750000 0.002151 -0.055053
f 272 271 270
f 272 270 269
f 273 274 275
f 273 275 276
f 270 274 273
f 270 273 269
f 271 275 274
f 271 274 270
f 272 276 275
f 272 275 271
f 269 273 276
f 269 276 272
o left_shoe_17
usemtl Tracks
s off
v -0.750000 0.014151 0.175008
v -1.100000 0.014151 0.175008
v -1.100000 0.014151 0.085008
v -0.750000 0.014151 0.085008
v -0.750000 0.002151 0.175008
v -1.100000 0.002151 0.175008
v -1.100000 0.002151 0.085008
v -0.750000 0.002151 0.085008
f 280 279 278
f 280 278 277
f 281 282 283
f 281 283 284
f 278 282 281
f 278 281 277
f 279 283 282
f 279 282 278
f 280 284 283
f 280 283 279
f 277 281 284
f 277 284 280
o left_shoe_18
usemtl Tracks
s off
v -0.750000 0.014151 0.315068
v -1.100000 0.014151 0.315068
v -1.100000 0.014151 0.225068
v -0.750000 0.014151 0.225068
v -0.750000 0.002151 0.315068
v -1.100000 0.002151 0.315068
v -1.100000 0.002151 0.225068
v -0.750000 0.002151 0.225068
f 288 287 286
f 288 286 285
f 289 290 291
f 289 291 292
f 286 290 289
f 286 289 285
f 287 291 290
f 287 290 286
f 288 292 291
f 288 291 287
f 285 289 292
f 285 292 288
o left_shoe_19
usemtl Tracks
s off
v -0.750000 0.014151 0.455129
v -1.100000 0.014151 0.455129
v -1.100000 0.014151 0.365129
v -0.750000 0.014151 0.365129
v -0.750000 0.002151 0.455129
v -1.100000 0.002151 0.455129
v -1.100000 0.002151 0.365129
v -0.750000 0.002151 0.365129
f 296 295 294
f 296 294 293
f 297 298 299
f 297 299 300
f 294 298 297
f 294 297 293
f 295 299 298
f 295 298 294
f 296 300 299
f 296 299 295
f 293 297 300
f 293 300 296
o left_shoe_20
usemtl Tracks
s off
v -0.750000 0.014151 0.595189
v -1.100000 0.014151 0.595189
v -1.100000 0.014151 0.505189
v -0.750000 0.014151 0.505189
v -0.750000 0.002151 0.595189
v -1.100000 0.002151 0.595189
v -1.100000 0.002151 0.505189
v -0.750000 0.002151 0.505189
f 304 303 302
f 304 302 301
f 305 306 307
f 305 307 308
f 302 306 305
f 302 305 301
f 303 307 306
f 303 306 302
f 304 308 307
f 304 307 303
f 301 305 308
f 301 308 304
o left_shoe_21
usemtl Tracks
s off
v -0.750000 0.014151 0.735249
v -1.100000 0.014151 0.735249
v -1.100000 0.014151 0.645249
v -0.750000 0.014151 0.645249
v -0.750000 0.002151 0.735249
v -1.100000 0.002151 0.735249
v -1.100000 0.002151 0.645249
v -0.750000 0.002151 0.645249
f 312 311 310
f 312 310 309
f 313 314 315
f 313 315 316
f 310 314 313
f 310 313 309
f 311 315 314
f 311 314 310
f 312 316 315
f 312 315 311
f 309 313 316
f 309 316 312
o left_shoe_22
usemtl Tracks
s off
v -0.750000 0.014151 0.875310
v -1.100000 0.014151 0.875310
v -1.100000 0.014151 0.785310
v -0.750000 0.014151 0.785310
v -0.750000 0.002151 0.875310
v -1.100000 0.002151 0.875310
v -1.100000 0.002151 0.785310
v -0.750000 0.002151 0.785310
f 320 319 318
f 320 318 317
f 321 322 323
f 321 323 324
f 318 322 321
f 318 321 317
f 319 323 322
f 319 322 318
f 320 324 323
f 320 323 319
f 317 321 324
f 317 324 320
o left_shoe_23
usemtl Tracks
s off
v -0.750000 0.014151 1.015370
v -1.100000 0.014151 1.015370
v -1.100000 0.014151 0.925370
v -0.750000 0.014151 0.925370
v -0.750000 0.002151 1.015370
v -1.100000 0.002151 1.015370
v -1.100000 0.002151 0.925370
v -0.750000 0.002151 0.925370
f 328 327 326
f 328 326 325
f 329 330 331
f 329 331 332
f 326 330 329
f 326 329 325
f 327 331 330
f 327 330 326
f 328 332 331
f 328 331 327
f 325 329 332
f 325 332 328
o left_shoe_24
usemtl Tracks
s off
v -0.750000 0.014151 1.155431
v -1.100000 0.014151 1.155431
v -1.100000 0.014151 1.065431
v -0.750000 0.014151 1.065431
v -0.750000 0.002151 1.155431
v -1.100000 0.002151 1.155431
v -1.100000 0.002151 1.065431
v -0.750000 0.002151 1.065431
f 336 335 334
f 336 334 333
f 337 338 339
f 337 339 340
f 334 338 337
f 334 337 333
f 335 339 338
f 335 338 334
f 336 340 339
f 336 339 335
f 333 337 340
f 333 340 336
o left_shoe_25
usemtl Tracks
s off
v -0.750000 0.014151 1.295491
v -1.100000 0.014151 1.295491
v -1.100000 0.014151 1.205491
v -0.750000 0.014151 1.205491
v -0.750000 0.002151 1.295491
v -1.100000 0.002151 1.295491
v -1.100000 0.002151 1.205491
v -0.750000 0.002151 1.205491
f 344 343 342
f 344 342 341
f 345 346 347
f 345 347 348
f 342 346 345
f 342 345 341
f 343 347 346
f 343 346 342
f 344 348 347
f 344 347 343
f 341 345 348
f 341 348 344
o left_shoe_26
usemtl Tracks
s off
v -0.750000 0.054694 1.426306
v -1.100000 0.054694 1.426306
v -1.100000 0.020307 1.343134
v -0.750000 0.020307 1.343134
v -0.750000 0.043604 1.430890
v -1.100000 0.043604 1.430890
v -1.100000 0.009218 1.347718
v -0.750000 0.009218 1.347718
f 352 351 350
f 352 350 349
f 353 354 355
f 353 355 356
f 350 354 353
f 350 353 349
f 351 355 354
f 351 354 350
f 352 356 355
f 352 355 351
f 349 353 356
f 349 356 352
o left_shoe_27
usemtl Tracks
s off
v -0.750000 0.108207 1.555740
v -1.100000 0.108207 1.555740
v -1.100000 0.073820 1.472568
v -0.750000 0.073820 1.472568
v -0.750000 0.097117 1.560325
v -1.100000 0.097117 1.560325
v -1.100000 0.062731 1.477153
v -0.750000 0.062731 1.477153
f 360 359 358
f 360 358 357
f 361 362 363
f 361 363 364
f 358 362 361
f 358 361 357
f 359 363 362
f 359 362 358
f 360 364 363
f 360 363 359
f 357 361 364
f 357 364 360
o left_shoe_28
usemtl Tracks
s off
v -0.750000 0.161719 1.685175
v -1.100000 0.161719 1.685175
v -1.100000 0.127333 1.602003
v -0.750000 0.127333 1.602003
v -0.750000 0.150630 1.689759
v -1.100000 0.150630 1.689759
v -1.100000 0.116243 1.606587
v -0.750000 0.116243 1.606587
f 368 367 366
f 368 366 365
f 369 370 371
f 369 371 372
f 366 370 369
f 366 369 365
f 367 371 370
f 367 370 366
f 368 372 371
f 368 371 367
f 365 369 372
f 365 372 368
o left_shoe_29
usemtl Tracks
s off
v -0.750000 0.215232 1.814609
v -1.100000 0.215232 1.814609
v -1.100000 0.180846 1.731437
v -0.750000 0.180846 1.731437
v -0.750000 0.204143 1.819194
v -1.100000 0.204143 1.819194
v -1.100000 0.169756 1.736022
v -0.750000 0.169756 1.736022
f 376 375 374
f 376 374 373
f 377 378 379
f 377 379 380
f 374 378 377
f 374 377 373
f 375 379 378
f 375 378 374
f 376 380 379
f 376 379 375
f 373 377 380
f 373 380 376
o left_shoe_30
usemtl Tracks
s off
v -0.750000 0.268794 1.944019
v -1.100000 0.268794 1.944019
v -1.100000 0.234352 1.860870
v -0.750000 0.234352 1.860870
v -0.750000 0.257707 1.948611
v -1.100000 0.257707 1.948611
v -1.100000 0.223266 1.865462
v -0.750000 0.223266 1.865462
f 384 383 382
f 384 382 381
f 385 386 387
f 385 387 388
f 382 386 385
f 382 385 381
f 383 387 386
f 383 386 382
f 384 388 387
f 384 387 383
f 381 385 388
f 381 388 384
o left_shoe_31
usemtl Tracks
s off
v -0.750000 0.376488 2.030528
v -1.100000 0.376488 2.030528
v -1.100000 0.305087 1.975739
v -0.750000 0.305087 1.975739
v -0.750000 0.369183 2.040048
v -1.100000 0.369183 2.040048
v -1.100000 0.297781 1.985260
v -0.750000 0.297781 1.985260
f 392 391 390
f 392 390 389
f 393 394 395
f 393 395 396
f 390 394 393
f 390 393 389
f 391 395 394
f 391 394 390
f 392 396 395
f 392 395 391
f 389 393 396
f 389 396 392
o left_shoe_32
usemtl Tracks
s off
v -0.750000 0.515814 2.023578
v -1.100000 0.515814 2.023578
v -1.100000 0.426584 2.035325
v -0.750000 0.426584 2.035325
v -0.750000 0.517380 2.035475
v -1.100000 0.517380 2.035475
v -1.100000 0.428150 2.047223
v -0.750000 0.428150 2.047223
f 400 399 398
f 400 398 397
f 401 402 403
f 401 403 404
f 398 402 401
f 398 401 397
f 399 403 402
f 399 402 398
f 400 404 403
f 400 403 399
f 397 401 404
f 397 404 400
o left_shoe_33
usemtl Tracks
s off
v -0.750000 0.630193 1.949054
v -1.100000 0.630193 1.949054
v -1.100000 0.558792 2.003842
v -0.750000 0.558792 2.003842
v -0.750000 0.637499 1.958574
v -1.100000 0.637499 1.958574
v -1.100000 0.566097 2.013362
v -0.750000 0.566097 2.013362
f 408 407 406
f 408 406 405
f 409 410 411
f 409 411 412
f 406 410 409
f 406 409 405
f 407 411 410
f 407 410 406
f 408 412 411
f 408 411 407
f 405 409 412
f 405 412 408
o left_shoe_34
usemtl Tracks
s off
v -0.750000 0.669396 1.818367
v -1.100000 0.669396 1.818367
v -1.100000 0.657648 1.907597
v -0.750000 0.657648 1.907597
v -0.750000 0.681293 1.819933
v -1.100000 0.681293 1.819933
v -1.100000 0.669546 1.909163
v -0.750000 0.669546 1.909163
f 416 415 414
f 416 414 413
f 417 418 419
f 417 419 420
f 414 418 417
f 414 417 413
f 415 419 418
f 415 418 414
f 416 420 419
f 416 419 415
f 413 417 420
f 413 420 416
o left_shoe_35
usemtl Tracks
s off
v -0.750000 0.670653 1.679132
v -1.100000 0.670653 1.679132
v -1.100000 0.670382 1.769131
v -0.750000 0.670382 1.769131
v -0.750000 0.682653 1.679168
v -1.100000 0.682653 1.679168
v -1.100000 0.682381 1.769167
v -0.750000 0.682381 1.769167
f 424 423 422
f 424 422 421
f 425 426 427
f 425 427 428
f 422 426 425
f 422 425 421
f 423 427 426
f 423 426 422
f 424 428 427
f 424 427 423
f 421 425 428
f 421 428 424
o left_shoe_36
usemtl Tracks
s off
v -0.750000 0.671077 1.539072
v -1.100000 0.671077 1.539072
v -1.100000 0.670805 1.629071
v -0.750000 0.670805 1.629071
v -0.750000 0.683077 1.539108
v -1.100000 0.683077 1.539108
v -1.100000 0.682805 1.629108
v -0.750000 0.682805 1.629108
f 432 431 430
f 432 430 429
f 433 434 435
f 433 435 436
f 430 434 433
f 430 433 429
f 431 435 434
f 431 434 430
f 432 436 435
f 432 435 431
f 429 433 436
f 429 436 432
o left_shoe_37
usemtl Tracks
s off
v -0.750000 0.671500 1.399012
v -1.100000 0.671500 1.399012
v -1.100000 0.671228 1.489012
v -0.750000 0.671228 1.489012
v -0.750000 0.683500 1.399048
v -1.100000 0.683500 1.399048
v -1.100000 0.683228 1.489048
v -0.750000 0.683228 1.489048
f 440 439 438
f 440 438 437
f 441 442 443
f 441 443 444
f 438 442 441
f 438 441 437
f 439 443 442
f 439 442 438
f 440 444 443
f 440 443 439
f 437 441 444
f 437 444 440
o left_shoe_38
usemtl Tracks
s off
v -0.750000 0.671923 1.258952
v -1.100000 0.671923 1.258952
v -1.100000 0.671651 1.348952
v -0.750000 0.671651 1.348952
v -0.750000 0.683923 1.258989
v -1.100000 0.683923 1.258989
v -1.100000 0.683651 1.348988
v -0.750000 0.683651 1.348988
f 448 447 446
f 448 446 445
f 449 450 451
f 449 451 452
f 446 450 449
f 446 449 445
f 447 451 450
f 447 450 446
f 448 452 451
f 448 451 447
f 445 449 452
f 445 452 448
o left_shoe_39
usemtl Tracks
s off
v -0.750000 0.672346 1.118893
v -1.100000 0.672346 1.118893
v -1.100000 0.672074 1.208892
v -0.750000 0.672074 1.208892
v -0.750000 0.684346 1.118929
v -1.100000 0.684346 1.118929
v -1.100000 0.684074 1.208928
v -0.750000 0.684074 1.208928
f 456 455 454
f 456 454 453
f 457 458 459
f 457 459 460
f 454 458 457
f 454 457 453
f 455 459 458
f 455 458 454
f 456 460 459
f 456 459 455
f 453 457 460
f 453 460 456
o left_shoe_40
usemtl Tracks
s off
v -0.750000 0.672769 0.978833
v -1.100000 0.672769 0.978833
v -1.100000 0.672497 1.068832
v -0.750000 0.672497 1.068832
v -0.750000 0.684769 0.978869
v -1.100000 0.684769 0.978869
v -1.100000 0.684497 1.068869
v -0.750000 0.684497 1.068869
f 464 463 462
f 464 462 461
f 465 466 467
f 465 467 468
f 462 466 465
f 462 465 461
f 463 467 466
f 463 466 462
f 464 468 467
f 464 467 463
f 461 465 468
f 461 468 464
o left_shoe_41
usemtl Tracks
s off
v -0.750000 0.673192 0.838773
v -1.100000 0.673192 0.838773
v -1.100000 0.672920 0.928773
v -0.750000 0.672920 0.928773
v -0.750000 0.685192 0.838809
v -1.100000 0.685192 0.838809
v -1.100000 0.684920 0.928809
v -0.750000 0.684920 0.928809
f 472 471 470
f 472 470 469
f 473 474 475
f 473 475 476
f 470 474 473
f 470 473 469
f 471 475 474
f 471 474 470
f 472 476 475
f 472 475 471
f 469 473 476
f 469 476 472
o left_shoe_42
usemtl Tracks
s off
v -0.750000 0.673615 0.698713
v -1.100000 0.673615 0.698713
v -1.100000 0.673344 0.788713
v -0.750000 0.673344 0.788713
v -0.750000 0.685615 0.698750
v -1.100000 0.685615 0.698750
v -1.100000 0.685343 0.788749
v -0.750000 0.685343 0.788749
f 480 479 478
f 480 478 477
f 481 482 483
f 481 483 484
f 478 482 481
f 478 481 477
f 479 483 482
f 479 482 478
f 480 484 483
f 480 483 479
f 477 481 484
f 477 484 480
o left_shoe_43
usemtl Tracks
s off
v -0.750000 0.674039 0.558654
v -1.100000 0.674039 0.558654
v -1.100000 0.673767 0.648653
v -0.750000 0.673767 0.648653
v -0.750000 0.686039 0.558690
v -1.100000 0.686039 0.558690
v -1.100000 0.685767 0.648689
v -0.750000 0.685767 0.648689
f 488 487 486
f 488 486 485
f 489 490 491
f 489 491 492
f 486 490 489
f 486 489 485
f 487 491 490
f 487 490 486
f 488 492 491
f 488 491 487
f 485 489 492
f 485 492 488
o left_shoe_44
usemtl Tracks
s off
v -0.750000 0.674462 0.418594
v -1.100000 0.674462 0.418594
v -1.100000 0.674190 0.508593
v -0.750000 0.674190 0.508593
v -0.750000 0.686462 0.418630
v -1.100000 0.686462 0.418630
v -1.100000 0.686190 0.508630
v -0.750000 0.686190 0.508630
f 496 495 494
f 496 494 493
f 497 498 499
f 497 499 500
f 494 498 497
f 494 497 493
f 495 499 498
f 495 498 494
f 496 500 499
f 496 499 495
f 493 497 500
f 493 500 496
o left_shoe_45
usemtl Tracks
s off
v -0.750000 0.674885 0.278534
v -1.100000 0.674885 0.278534
v -1.100000 0.674613 0.368534
v -0.750000 0.674613 0.368534
v -0.750000 0.686885 0.278570
v -1.100000 0.686885 0.278570
v -1.100000 0.686613 0.368570
v -0.750000 0.686613 0.368570
f 504 503 502
f 504 502 501
f 505 506 507
f 505 507 508
f 502 506 505
f 502 505 501
f 503 507 506
f 503 506 502
f 504 508 507
f 504 507 503
f 501 505 508
f 501 508 504
o left_shoe_46
usemtl Tracks
s off
v -0.750000 0.675308 0.138474
v -1.100000 0.675308 0.138474
v -1.100000 0.675036 0.228474
v -0.750000 0.675036 0.228474
v -0.750000 0.687308 0.138511
v -1.100000 0.687308 0.138511
v -1.100000 0.687036 0.228510
v -0.750000 0.687036 0.228510
f 512 511 510
f 512 510 509
f 513 514 515
f 513 515 516
f 510 514 513
f 510 513 509
f 511 515 514
f 511 514 510
f 512 516 515
f 512 515 511
f 509 513 516
f 509 516 512
o left_shoe_47
usemtl Tracks
s off
v -0.750000 0.675731 -0.001585
v -1.100000 0.675731 -0.001585
v -1.100000 0.675459 0.088414
v -0.750000 0.675459 0.088414
v -0.750000 0.687731 -0.001549
v -1.100000 0.687731 -0.001549
v -1.100000 0.687459 0.088450
v -0.750000 0.687459 0.088450
f 520 519 518
f 520 518 517
f 521 522 523
f 521 523 524
f 518 522 521
f 518 521 517
f 519 523 522
f 519 522 518
f 520 524 523
f 520 523 519
f 517 521 524
f 517 524 520
o left_shoe_48
usemtl Tracks
s off
v -0.750000 0.676154 -0.141645
v -1.100000 0.676154 -0.141645
v -1.100000 0.675882 -0.051646
v -0.750000 0.675882 -0.051646
v -0.750000 0.688154 -0.141609
v -1.100000 0.688154 -0.141609
v -1.100000 0.687882 -0.051609
v -0.750000 0.687882 -0.051609
f 528 527 526
f 528 526 525
f 529 530 531
f 529 531 532
f 526 530 529
f 526 529 525
f 527 531 530
f 527 530 526
f 528 532 531
f 528 531 527
f 525 529 532
f 525 532 528
o left_shoe_49
usemtl Tracks
s off
v -0.750000 0.676577 -0.281705
v -1.100000 0.676577 -0.281705
v -1.100000 0.676306 -0.191705
v -0.750000 0.676306 -0.191705
v -0.750000 0.688577 -0.281669
v -1.100000 0.688577 -0.281669
v -1.100000 0.688305 -0.191669
v -0.750000 0.688305 -0.191669
f 536 535 534
f 536 534 533
f 537 538 539
f 537 539 540
f 534 538 537
f 534 537 533
f 535 539 538
f 535 538 534
f 536 540 539
f 536 539 535
f 533 537 540
f 533 540 536
o left_shoe_50
usemtl Tracks
s off
v -0.750000 0.677001 -0.421765
v -1.100000 0.677001 -0.421765
v -1.100000 0.676729 -0.331765
v -0.750000 0.676729 -0.331765
v -0.750000 0.689000 -0.421728
v -1.100000 0.689000 -0.421728
v -1.100000 0.688729 -0.331729
v -0.750000 0.688729 -0.331729
f 544 543 542
f 544 542 541
f 545 546 547
f 545 547 548
f 542 546 545
f 542 545 541
f 543 547 546
f 543 546 542
f 544 548 547
f 544 547 543
f 541 545 548
f 541 548 544
o left_shoe_51
usemtl Tracks
s off
v -0.750000 0.677424 -0.561824
v -1.100000 0.677424 -0.561824
v -1.100000 0.677152 -0.471825
v -0.750000 0.677152 -0.471825
v -0.750000 0.689424 -0.561788
v -1.100000 0.689424 -0.561788
v -1.100000 0.689152 -0.471788
v -0.750000 0.689152 -0.471788
f 552 551 550
f 552 550 549
f 553 554 555
f 553 555 556
f 550 554 553
f 550 553 549
f 551 555 554
f 551 554 550
f 552 556 555
f 552 555 551
f 549 553 556
f 549 556 552
o left_shoe_52
usemtl Tracks
s off
v -0.750000 0.677847 -0.701884
v -1.100000 0.677847 -0.701884
v -1.100000 0.677575 -0.611884
v -0.750000 0.677575 -0.611884
v -0.750000 0.689847 -0.701848
v -1.100000 0.689847 -0.701848
v -1.100000 0.689575 -0.611848
v -0.750000 0.689575 -0.611848
f 560 559 558
f 560 558 557
f 561 562 563
f 561 563 564
f 558 562 561
f 558 561 557
f 559 563 562
f 559 562 558
f 560 564 563
f 560 563 559
f 557 561 564
f 557 564 560
o left_shoe_53
usemtl Tracks
s off
v -0.750000 0.678270 -0.841944
v -1.100000 0.678270 -0.841944
v -1.100000 0.677998 -0.751944
v -0.750000 0.677998 -0.751944
v -0.750000 0.690270 -0.841908
v -1.100000 0.690270 -0.841908
v -1.100000 0.689998 -0.751908
v -0.750000 0.689998 -0.751908
f 568 567 566
f 568 566 565
f 569 570 571
f 569 571 572
f 566 570 569
f 566 569 565
f 567 571 570
f 567 570 566
f 568 572 571
f 568 571 567
f 565 569 572
f 565 572 568
o left_shoe_54
usemtl Tracks
s off
v -0.750000 0.678693 -0.982004
v -1.100000 0.678693 -0.982004
v -1.100000 0.678421 -0.892004
v -0.750000 0.678421 -0.892004
v -0.750000 0.690693 -0.981967
v -1.100000 0.690693 -0.981967
v -1.100000 0.690421 -0.891968
v -0.750000 0.690421 -0.891968
f 576 575 574
f 576 574 573
f 577 578 579
f 577 579 580
f 574 578 577
f 574 577 573
f 575 579 578
f 575 578 574
f 576 580 579
f 576 579 575
f 573 577 580
f 573 580 576
o left_shoe_55
usemtl Tracks
s off
v -0.750000 0.679116 -1.122063
v -1.100000 0.679116 -1.122063
v -1.100000 0.678844 -1.032064
v -0.750000 0.678844 -1.032064
v -0.750000 0.691116 -1.122027
v -1.100000 0.691116 -1.122027
v -1.100000 0.690844 -1.032027
v -0.750000 0.690844 -1.032027
f 584 583 582
f 584 582 581
f 585 586 587
f 585 587 588
f 582 586 585
f 582 585 581
f 583 587 586
f 583 586 582
f 584 588 587
f 584 587 583
f 581 585 588
f 581 588 584
o left_shoe_56
usemtl Tracks
s off
v -0.750000 0.679539 -1.262123
v -1.100000 0.679539 -1.262123
v -1.100000 0.679267 -1.172123
v -0.750000 0.679267 -1.172123
v -0.750000 0.691539 -1.262087
v -1.100000 0.691539 -1.262087
v -1.100000 0.691267 -1.172087
v -0.750000 0.691267 -1.172087
f 592 591 590
f 592 590 589
f 593 594 595
f 593 595 596
f 590 594 593
f 590 593 589
f 591 595 594
f 591 594 590
f 592 596 595
f 592 595 591
f 589 593 596
f 589 596 592
o left_shoe_57
usemtl Tracks
s off
v -0.750000 0.679963 -1.402183
v -1.100000 0.679963 -1.402183
v -1.100000 0.679691 -1.312183
v -0.750000 0.679691 -1.312183
v -0.750000 0.691962 -1.402147
v -1.100000 0.691962 -1.402147
v -1.100000 0.691691 -1.312147
v -0.750000 0.691691 -1.312147
f 600 599 598
f 600 598 597
f 601 602 603
f 601 603 604
f 598 602 601
f 598 601 597
f 599 603 602
f 599 602 598
f 600 604 603
f 600 603 599
f 597 601 604
f 597 604 600
o left_shoe_58
usemtl Tracks
s off
v -0.750000 0.680386 -1.542243
v -1.100000 0.680386 -1.542243
v -1.100000 0.680114 -1.452243
v -0.750000 0.680114 -1.452243
v -0.750000 0.692386 -1.542206
v -1.100000 0.692386 -1.542206
v -1.100000 0.692114 -1.452207
v -0.750000 0.692114 -1.452207
f 608 607 606
f 608 606 605
f 609 610 611
f 609 611 612
f 606 610 609
f 606 609 605
f 607 611 610
f 607 610 606
f 608 612 611
f 608 611 607
f 605 609 612
f 605 612 608
o left_shoe_59
usemtl Tracks
s off
v -0.750000 0.680809 -1.682302
v -1.100000 0.680809 -1.682302
v -1.100000 0.680537 -1.592303
v -0.750000 0.680537 -1.592303
v -0.750000 0.692809 -1.682266
v -1.100000 0.692809 -1.682266
v -1.100000 0.692537 -1.592266
v -0.750000 0.692537 -1.592266
f 616 615 614
f 616 614 613
f 617 618 619
f 617 619 620
f 614 618 617
f 614 617 613
f 615 619 618
f 615 618 614
f 616 620 619
f 616 619 615
f 613 617 620
f 613 620 616
o left_shoe_60
usemtl Tracks
s off
v -0.750000 0.681232 -1.822362
v -1.100000 0.681232 -1.822362
v -1.100000 0.680960 -1.732362
v -0.750000 0.680960 -1.732362
v -0.750000 0.693232 -1.822326
v -1.100000 0.693232 -1.822326
v -1.100000 0.692960 -1.732326
v -0.750000 0.692960 -1.732326
f 624 623 622
f 624 622 621
f 625 626 627
f 625 627 628
f 622 626 625
f 622 625 621
f 623 627 626
f 623 626 622
f 624 628 627
f 624 627 623
f 621 625 628
f 621 628 624
o left_shoe_61
usemtl Tracks
s off
v -0.750000 0.675184 -1.961203
v -1.100000 0.675184 -1.961203
v -1.100000 0.686932 -1.871973
v -0.750000 0.686932 -1.871973
v -0.750000 0.687082 -1.962769
v -1.100000 0.687082 -1.962769
v -1.100000 0.698829 -1.873539
v -0.750000 0.698829 -1.873539
f 632 631 630
f 632 630 629
f 633 634 635
f 633 635 636
f 630 634 633
f 630 633 629
f 631 635 634
f 631 634 630
f 632 636 635
f 632 635 631
f 629 633 636
f 629 636 632
o left_shoe_62
usemtl Tracks
s off
v -0.750000 0.609308 -2.079165
v -1.100000 0.609308 -2.079165
v -1.100000 0.664096 -2.007763
v -0.750000 0.664096 -2.007763
v -0.750000 0.618828 -2.086470
v -1.100000 0.618828 -2.086470
v -1.100000 0.673616 -2.015068
v -0.750000 0.673616 -2.015068
f 640 639 638
f 640 638 637
f 641 642 643
f 641 643 644
f 638 642 641
f 638 641 637
f 639 643 642
f 639 642 638
f 640 644 643
f 640 643 639
f 637 641 644
f 637 644 640
o left_shoe_63
usemtl Tracks
s off
v -0.750000 0.486323 -2.139323
v -1.100000 0.486323 -2.139323
v -1.100000 0.569472 -2.104881
v -0.750000 0.569472 -2.104881
v -0.750000 0.490915 -2.150409
v -1.100000 0.490915 -2.150409
v -1.100000 0.574064 -2.115968
v -0.750000 0.574064 -2.115968
f 648 647 646
f 648 646 645
f 649 650 651
f 649 651 652
f 646 650 649
f 646 649 645
f 647 651 650
f 647 650 646
f 648 652 651
f 648 651 647
f 645 649 652
f 645 652 648
o left_road_wheel_1
usemtl Tracks
s off
v -1.070000 0.492151 1.283216
v -1.070000 0.484586 1.340674
v -1.070000 0.462408 1.394216
v -1.070000 0.427128 1.440194
v -1.070000 0.381151 1.475474
v -1.070000 0.327609 1.497652
v -1.070000 0.270151 1.505216
v -1.070000 0.212693 1.497652
v -1.070000 0.159151 1.475474
v -1.070000 0.113173 1.440194
v -1.070000 0.077893 1.394216
v -1.070000 0.055715 1.340674
v -1.070000 0.048151 1.283216
v -1.070000 0.055715 1.225758
v -1.070000 0.077893 1.172216
v -1.070000 0.113173 1.126238
v -1.070000 0.159151 1.090958
v -1.070000 0.212693 1.068781
v -1.070000 0.270151 1.061216
v -1.070000 0.327609 1.068781
v -1.070000 0.381151 1.090958
v -1.070000 0.427128 1.126238
v -1.070000 0.462408 1.172216
v -1.070000 0.484586 1.225758
v -0.780000 0.492151 1.283216
v -0.780000 0.484586 1.340674
v -0.780000 0.462408 1.394216
v -0.780000 0.427128 1.440194
v -0.780000 0.381151 1.475474
v -0.780000 0.327609 1.497652
v -0.780000 0.270151 1.505216
v -0.780000 0.212693 1.497652
v -0.780000 0.159151 1.475474
v -0.780000 0.113173 1.440194
v -0.780000 0.077893 1.394216
v -0.780000 0.055715 1.340674
v -0.780000 0.048151 1.283216
v -0.780000 0.055715 1.225758
v -0.780000 0.077893 1.172216
v -0.780000 0.113173 1.126238
v -0.780000 0.159151 1.090958
v -0.780000 0.212693 1.068781
v -0.780000 0.270151 1.061216
v -0.780000 0.327609 1.068781
v -0.780000 0.381151 1.090958
v -0.780000 0.427128 1.126238
v -0.780000 0.462408 1.172216
v -0.780000 0.484586 1.225758
f 676 675 674
f 676 674 673
f 676 673 672
f 676 672 671
f 676 671 670
f 676 670 669
f 676 669 668
f 676 668 667
f 676 667 666
f 676 666 665
f 676 665 664
f 676 664 663
f 676 663 662
f 676 662 661
f 676 661 660
f 676 660 659
f 676 659 658
f 676 658 657
f 676 657 656
f 676 656 655
f 676 655 654
f 676 654 653
f 677 678 679
f 677 679 680
f 677 680 681
f 677 681 682
f 677 682 683
f 677 683 684
f 677 684 685
f 677 685 686
f 677 686 687
f 677 687 688
f 677 688 689
f 677 689 690
f 677 690 691
f 677 691 692
f 677 692 693
f 677 693 694
f 677 694 695
f 677 695 696
f 677 696 697
f 677 697 698
f 677 698 699
f 677 699 700
f 653 654 678
f 653 678 677
f 654 655 679
f 654 679 678
f 655 656 680
f 655 680 679
f 656 657 681
f 656 681 680
f 657 658 682
f 657 682 681
f 658 659 683
f 658 683 682
f 659 660 684
f 659 684 683
f 660 661 685
f 660 685 684
f 661 662 686
f 661 686 685
f 662 663 687
f 662 687 686
f 663 664 688
f 663 688 687
f 664 665 689
f 664 689 688
f 665 666 690
f 665 690 689
f 666 667 691
f 666 691 690
f 667 668 692
f 667 692 691
f 668 669 693
f 668 693 692
f 669 670 694
f 669 694 693
f 670 671 695
f 670 695 694
f 671 672 696
f 671 696 695
f 672 673 697
f 672 697 696
f 673 674 698
f 673 698 697
f 674 675 699
f 674 699 698
f 675 676 700
f 675 700 699
f 676 653 677
f 676 677 700
o left_wheel_disc_1
usemtl Base
s off
v -1.089000 0.451151 1.283216
v -1.089000 0.444983 1.330062
v -1.089000 0.426901 1.373716
v -1.089000 0.398137 1.411202
v -1.089000 0.360651 1.439967
v -1.089000 0.316997 1.458049
v -1.089000 0.270151 1.464216
v -1.089000 0.223305 1.458049
v -1.089000 0.179651 1.439967
v -1.089000 0.142164 1.411202
v -1.089000 0.113400 1.373716
v -1.089000 0.095318 1.330062
v -1.089000 0.089151 1.283216
v -1.089000 0.095318 1.236370
v -1.089000 0.113400 1.192716
v -1.089000 0.142164 1.155230
v -1.089000 0.179651 1.126465
v -1.089000 0.223305 1.108384
v -1.089000 0.270151 1.102216
v -1.089000 0.316997 1.108384
v -1.089000 0.360651 1.126465
v -1.089000 0.398137 1.155230
v -1.089000 0.426901 1.192716
v -1.089000 0.444983 1.236370
v -1.063000 0.451151 1.283216
v -1.063000 0.444983 1.330062
v -1.063000 0.426901 1.373716
v -1.063000 0.398137 1.411202
v -1.063000 0.360651 1.439967
v -1.063000 0.316997 1.458049
v -1.063000 0.270151 1.464216
v -1.063000 0.223305 1.458049
v -1.063000 0.179651 1.439967
v -1.063000 0.142164 1.411202
v -1.063000 0.113400 1.373716
v -1.063000 0.095318 1.330062
v -1.063000 0.089151 1.283216
v -1.063000 0.095318 1.236370
v -1.063000 0.113400 1.192716
v -1.063000 0.142164 1.155230
v -1.063000 0.179651 1.126465
v -1.063000 0.223305 1.108384
v -1.063000 0.270151 1.102216
v -1.063000 0.316997 1.108384
v -1.063000 0.360651 1.126465
v -1.063000 0.398137 1.155230
v -1.063000 0.426901 1.192716
v -1.063000 0.444983 1.236370
f 724 723 722
f 724 722 721
f 724 721 720
f 724 720 719
f 724 719 718
f 724 718 717
f 724 717 716
f 724 716 715
f 724 715 714
f 724 714 713
f 724 713 712
f 724 712 711
f 724 711 710
f 724 710 709
f 724 709 708
f 724 708 707
f 724 707 706
f 724 706 705
f 724 705 704
f 724 704 703
f 724 703 702
f 724 702 701
f 725 726 727
f 725 727 728
f 725 728 729
f 725 729 730
f 725 730 731
f 725 731 732
f 725 732 733
f 725 733 734
f 725 734 735
f 725 735 736
f 725 736 737
f 725 737 738
f 725 738 739
f 725 739 740
f 725 740 741
f 725 741 742
f 725 742 743
f 725 743 744
f 725 744 745
f 725 745 746
f 725 746 747
f 725 747 748
f 701 702 726
f 701 726 725
f 702 703 727
f 702 727 726
f 703 704 728
f 703 728 727
f 704 705 729
f 704 729 728
f 705 706 730
f 705 730 729
f 706 707 731
f 706 731 730
f 707 708 732
f 707 732 731
f 708 709 733
f 708 733 732
f 709 710 734
f 709 734 733
f 710 711 735
f 710 735 734
f 711 712 736
f 711 736 735
f 712 713 737
f 712 737 736
f 713 714 738
f 713 738 737
f 714 715 739
f 714 739 738
f 715 716 740
f 715 740 739
f 716 717 741
f 716 741 740
f 717 718 742
f 717 742 741
f 718 719 743
f 718 743 742
f 719 720 744
f 719 744 743
f 720 721 745
f 720 745 744
f 721 722 746
f 721 746 745
f 722 723 747
f 722 747 746
f 723 724 748
f 723 748 747
f 724 701 725
f 724 725 748
o left_wheel_hub_1
usemtl Base
s off
v -1.111000 0.340151 1.283216
v -1.111000 0.334822 1.310004
v -1.111000 0.319648 1.332714
v -1.111000 0.296939 1.347888
v -1.111000 0.270151 1.353216
v -1.111000 0.243363 1.347888
v -1.111000 0.220653 1.332714
v -1.111000 0.205479 1.310004
v -1.111000 0.200151 1.283216
v -1.111000 0.205479 1.256428
v -1.111000 0.220653 1.233719
v -1.111000 0.243363 1.218545
v -1.111000 0.270151 1.213216
v -1.111000 0.296939 1.218545
v -1.111000 0.319648 1.233719
v -1.111000 0.334822 1.256428
v -1.085000 0.340151 1.283216
v -1.085000 0.334822 1.310004
v -1.085000 0.319648 1.332714
v -1.085000 0.296939 1.347888
v -1.085000 0.270151 1.353216
v -1.085000 0.243363 1.347888
v -1.085000 0.220653 1.332714
v -1.085000 0.205479 1.310004
v -1.085000 0.200151 1.283216
v -1.085000 0.205479 1.256428
v -1.085000 0.220653 1.233719
v -1.085000 0.243363 1.218545
v -1.085000 0.270151 1.213216
v -1.085000 0.296939 1.218545
v -1.085000 0.319648 1.233719
v -1.085000 0.334822 1.256428
f 764 763 762
f 764 762 761
f 764 761 760
f 764 760 759
f 764 759 758
f 764 758 757
f 764 757 756
f 764 756 755
f 764 755 754
f 764 754 753
f 764 753 752
f 764 752 751
f 764 751 750
f 764 750 749
f 765 766 767
f 765 767 768
f 765 768 769
f 765 769 770
f 765 770 771
f 765 771 772
f 765 772 773
f 765 773 774
f 765 774 775
f 765 775 776
f 765 776 777
f 765 777 778
f 765 778 779
f 765 779 780
f 749 750 766
f 749 766 765
f 750 751 767
f 750 767 766
f 751 752 768
f 751 768 767
f 752 753 769
f 752 769 768
f 753 754 770
f 753 770 769
f 754 755 771
f 754 771 770
f 755 756 772
f 755 772 771
f 756 757 773
f 756 773 772
f 757 758 774
f 757 774 773
f 758 759 775
f 758 775 774
f 759 760 776
f 759 776 775
f 760 761 777
f 760 777 776
f 761 762 778
f 761 778 777
f 762 763 779
f 762 779 778
f 763 764 780
f 763 780 779
f 764 749 765
f 764 765 780
o left_road_wheel_2
usemtl Tracks
s off
v -1.070000 0.492151 0.742915
v -1.070000 0.484586 0.800372
v -1.070000 0.462408 0.853915
v -1.070000 0.427128 0.899892
v -1.070000 0.381151 0.935172
v -1.070000 0.327609 0.957350
v -1.070000 0.270151 0.964915
v -1.070000 0.212693 0.957350
v -1.070000 0.159151 0.935172
v -1.070000 0.113173 0.899892
v -1.070000 0.077893 0.853915
v -1.070000 0.055715 0.800372
v -1.070000 0.048151 0.742915
v -1.070000 0.055715 0.685457
v -1.070000 0.077893 0.631915
v -1.070000 0.113173 0.585937
v -1.070000 0.159151 0.550657
v -1.070000 0.212693 0.528479
v -1.070000 0.270151 0.520915
v -1.070000 0.327609 0.528479
v -1.070000 0.381151 0.550657
v -1.070000 0.427128 0.585937
v -1.070000 0.462408 0.631915
v -1.070000 0.484586 0.685457
v -0.780000 0.492151 0.742915
v -0.780000 0.484586 0.800372
v -0.780000 0.462408 0.853915
v -0.780000 0.427128 0.899892
v -0.780000 0.381151 0.935172
v -0.780000 0.327609 0.957350
v -0.780000 0.270151 0.964915
v -0.780000 0.212693 0.957350
v -0.780000 0.159151 0.935172
v -0.780000 0.113173 0.899892
v -0.780000 0.077893 0.853915
v -0.780000 0.055715 0.800372
v -0.780000 0.048151 0.742915
v -0.780000 0.055715 0.685457
v -0.780000 0.077893 0.631915
v -0.780000 0.113173 0.585937
v -0.780000 0.159151 0.550657
v -0.780000 0.212693 0.528479
v -0.780000 0.270151 0.520915
v -0.780000 0.327609 0.528479
v -0.780000 0.381151 0.550657
v -0.780000 0.427128 0.585937
v -0.780000 0.462408 0.631915
v -0.780000 0.484586 0.685457
f 804 803 802
f 804 802 801
f 804 801 800
f 804 800 799
f 804 799 798
f 804 798 797
f 804 797 796
f 804 796 795
f 804 795 794
f 804 794 793
f 804 793 792
f 804 792 791
f 804 791 790
f 804 790 789
f 804 789 788
f 804 788 787
f 804 787 786
f 804 786 785
f 804 785 784
f 804 784 783
f 804 783 782
f 804 782 781
f 805 806 807
f 805 807 808
f 805 808 809
f 805 809 810
f 805 810 811
f 805 811 812
f 805 812 813
f 805 813 814
f 805 814 815
f 805 815 816
f 805 816 817
f 805 817 818
f 805 818 819
f 805 819 820
f 805 820 821
f 805 821 822
f 805 822 823
f 805 823 824
f 805 824 825
f 805 825 826
f 805 826 827
f 805 827 828
f 781 782 806
f 781 806 805
f 782 783 807
f 782 807 806
f 783 784 808
f 783 808 807
f 784 785 809
f 784 809 808
f 785 786 810
f 785 810 809
f 786 787 811
f 786 811 810
f 787 788 812
f 787 812 811
f 788 789 813
f 788 813 812
f 789 790 814
f 789 814 813
f 790 791 815
f 790 815 814
f 791 792 816
f 791 816 815
f 792 793 817
f 792 817 816
f 793 794 818
f 793 818 817
f 794 795 819
f 794 819 818
f 795 796 820
f 795 820 819
f 796 797 821
f 796 821 820
f 797 798 822
f 797 822 821
f 798 799 823
f 798 823 822
f 799 800 824
f 799 824 823
f 800 801 825
f 800 825 824
f 801 802 826
f 801 826 825
f 802 803 827
f 802 827 826
f 803 804 828
f 803 828 827
f 804 781 805
f 804 805 828
o left_wheel_disc_2
usemtl Base
s off
v -1.089000 0.451151 0.742915
v -1.089000 0.444983 0.789761
v -1.089000 0.426901 0.833415
v -1.089000 0.398137 0.870901
v -1.089000 0.360651 0.899665
v -1.089000 0.316997 0.917747
v -1.089000 0.270151 0.923915
v -1.089000 0.223305 0.917747
v -1.089000 0.179651 0.899665
v -1.089000 0.142164 0.870901
v -1.089000 0.113400 0.833415
v -1.089000 0.095318 0.789761
v -1.089000 0.089151 0.742915
v -1.089000 0.095318 0.696068
v -1.089000 0.113400 0.652415
v -1.089000 0.142164 0.614928
v -1.089000 0.179651 0.586164
v -1.089000 0.223305 0.568082
v -1.089000 0.270151 0.561915
v -1.089000 0.316997 0.568082
v -1.089000 0.360651 0.586164
v -1.089000 0.398137 0.614928
v -1.089000 0.426901 0.652415
v -1.089000 0.444983 0.696068
v -1.063000 0.451151 0.742915
v -1.063000 0.444983 0.789761
v -1.063000 0.426901 0.833415
v -1.063000 0.398137 0.870901
v -1.063000 0.360651 0.899665
v -1.063000 0.316997 0.917747
v -1.063000 0.270151 0.923915
v -1.063000 0.223305 0.917747
v -1.063000 0.179651 0.899665
v -1.063000 0.142164 0.870901
v -1.063000 0.113400 0.833415
v -1.063000 0.095318 0.789761
v -1.063000 0.089151 0.742915
v -1.063000 0.095318 0.696068
v -1.063000 0.113400 0.652415
v -1.063000 0.142164 0.614928
v -1.063000 0.179651 0.586164
v -1.063000 0.223305 0.568082
v -1.063000 0.270151 0.561915
v -1.063000 0.316997 0.568082
v -1.063000 0.360651 0.586164
v -1.063000 0.398137 0.614928
v -1.063000 0.426901 0.652415
v -1.063000 0.444983 0.696068
f 852 851 850
f 852 850 849
f 852 849 848
f 852 848 847
f 852 847 846
f 852 846 845
f 852 845 844
f 852 844 843
f 852 843 842
f 852 842 841
f 852 841 840
f 852 840 839
f 852 839 838
f 852 838 837
f 852 837 836
f 852 836 835
f 852 835 834
f 852 834 833
f 852 833 832
f 852 832 831
f 852 831 830
f 852 830 829
f 853 854 855
f 853 855 856
f 853 856 857
f 853 857 858
f 853 858 859
f 853 859 860
f 853 860 861
f 853 861 862
f 853 862 863
f 853 863 864
f 853 864 865
f 853 865 866
f 853 866 867
f 853 867 868
f 853 868 869
f 853 869 870
f 853 870 871
f 853 871 872
f 853 872 873
f 853 873 874
f 853 874 875
f 853 875 876
f 829 830 854
f 829 854 853
f 830 831 855
f 830 855 854
f 831 832 856
f 831 856 855
f 832 833 857
f 832 857 856
f 833 834 858
f 833 858 857
f 834 835 859
f 834 859 858
f 835 836 860
f 835 860 859
f 836 837 861
f 836 861 860
f 837 838 862
f 837 862 861
f 838 839 863
f 838 863 862
f 839 840 864
f 839 864 863
f 840 841 865
f 840 865 864
f 841 842 866
f 841 866 865
f 842 843 867
f 842 867 866
f 843 844 868
f 843 868 867
f 844 845 869
f 844 869 868
f 845 846 870
f 845 870 869
f 846 847 871
f 846 871 870
f 847 848 872
f 847 872 871
f 848 849 873
f 848 873 872
f 849 850 874
f 849 874 873
f 850 851 875
f 850 875 874
f 851 852 876
f 851 876 875
f 852 829 853
f 852 853 876
o left_wheel_hub_2
usemtl Base
s off
v -1.111000 0.340151 0.742915
v -1.111000 0.334822 0.769702
v -1.111000 0.319648 0.792412
v -1.111000 0.296939 0.807586
v -1.111000 0.270151 0.812915
v -1.111000 0.243363 0.807586
v -1.111000 0.220653 0.792412
v -1.111000 0.205479 0.769702
v -1.111000 0.200151 0.742915
v -1.111000 0.205479 0.716127
v -1.111000 0.220653 0.693417
v -1.111000 0.243363 0.678243
v -1.111000 0.270151 0.672915
v -1.111000 0.296939 0.678243
v -1.111000 0.319648 0.693417
v -1.111000 0.334822 0.716127
v -1.085000 0.340151 0.742915
v -1.085000 0.334822 0.769702
v -1.085000 0.319648 0.792412
v -1.085000 0.296939 0.807586
v -1.085000 0.270151 0.812915
v -1.085000 0.243363 0.807586
v -1.085000 0.220653 0.792412
v -1.085000 0.205479 0.769702
v -1.085000 0.200151 0.742915
v -1.085000 0.205479 0.716127
v -1.085000 0.220653 0.693417
v -1.085000 0.243363 0.678243
v -1.085000 0.270151 0.672915
v -1.085000 0.296939 0.678243
v -1.085000 0.319648 0.693417
v -1.085000 0.334822 0.716127
f 892 891 890
f 892 890 889
f 892 889 888
f 892 888 887
f 892 887 886
f 892 886 885
f 892 885 884
f 892 884 883
f 892 883 882
f 892 882 881
f 892 881 880
f 892 880 879
f 892 879 878
f 892 878 877
f 893 894 895
f 893 895 896
f 893 896 897
f 893 897 898
f 893 898 899
f 893 899 900
f 893 900 901
f 893 901 902
f 893 902 903
f 893 903 904
f 893 904 905
f 893 905 906
f 893 906 907
f 893 907 908
f 877 878 894
f 877 894 893
f 878 879 895
f 878 895 894
f 879 880 896
f 879 896 895
f 880 881 897
f 880 897 896
f 881 882 898
f 881 898 897
f 882 883 899
f 882 899 898
f 883 884 900
f 883 900 899
f 884 885 901
f 884 901 900
f 885 886 902
f 885 902 901
f 886 887 903
f 886 903 902
f 887 888 904
f 887 904 903
f 888 889 905
f 888 905 904
f 889 890 906
f 889 906 905
f 890 891 907
f 890 907 906
f 891 892 908
f 891 908 907
f 892 877 893
f 892 893 908
o left_road_wheel_3
usemtl Tracks
s off
v -1.070000 0.492151 0.191357
v -1.070000 0.484586 0.248815
v -1.070000 0.462408 0.302357
v -1.070000 0.427128 0.348334
v -1.070000 0.381151 0.383614
v -1.070000 0.327609 0.405792
v -1.070000 0.270151 0.413357
v -1.070000 0.212693 0.405792
v -1.070000 0.159151 0.383614
v -1.070000 0.113173 0.348334
v -1.070000 0.077893 0.302357
v -1.070000 0.055715 0.248815
v -1.070000 0.048151 0.191357
v -1.070000 0.055715 0.133899
v -1.070000 0.077893 0.080357
v -1.070000 0.113173 0.034379
v -1.070000 0.159151 -0.000901
v -1.070000 0.212693 -0.023079
v -1.070000 0.270151 -0.030643
v -1.070000 0.327609 -0.023079
v -1.070000 0.381151 -0.000901
v -1.070000 0.427128 0.034379
v -1.070000 0.462408 0.080357
v -1.070000 0.484586 0.133899
v -0.780000 0.492151 0.191357
v -0.780000 0.484586 0.248815
v -0.780000 0.462408 0.302357
v -0.780000 0.427128 0.348334
v -0.780000 0.381151 0.383614
v -0.780000 0.327609 0.405792
v -0.780000 0.270151 0.413357
v -0.780000 0.212693 0.405792
v -0.780000 0.159151 0.383614
v -0.780000 0.113173 0.348334
v -0.780000 0.077893 0.302357
v -0.780000 0.055715 0.248815
v -0.780000 0.048151 0.191357
v -0.780000 0.055715 0.133899
v -0.780000 0.077893 0.080357
v -0.780000 0.113173 0.034379
v -0.780000 0.159151 -0.000901
v -0.780000 0.212693 -0.023079
v -0.780000 0.270151 -0.030643
v -0.780000 0.327609 -0.023079
v -0.780000 0.381151 -0.000901
v -0.780000 0.427128 0.034379
v -0.780000 0.462408 0.080357
v -0.780000 0.484586 0.133899
f 932 931 930
f 932 930 929
f 932 929 928
f 932 928 927
f 932 927 926
f 932 926 925
f 932 925 924
f 932 924 923
f 932 923 922
f 932 922 921
f 932 921 920
f 932 920 919
f 932 919 918
f 932 918 917
f 932 917 916
f 932 916 915
f 932 915 914
f 932 914 913
f 932 913 912
f 932 912 911
f 932 911 910
f 932 910 909
f 933 934 935
f 933 935 936
f 933 936 937
f 933 937 938
f 933 938 939
f 933 939 940
f 933 940 941
f 933 941 942
f 933 942 943
f 933 943 944
f 933 944 945
f 933 945 946
f 933 946 947
f 933 947 948
f 933 948 949
f 933 949 950
f 933 950 951
f 933 951 952
f 933 952 953
f 933 953 954
f 933 954 955
f 933 955 956
f 909 910 934
f 909 934 933
f 910 911 935
f 910 935 934
f 911 912 936
f 911 936 935
f 912 913 937
f 912 937 936
f 913 914 938
f 913 938 937
f 914 915 939
f 914 939 938
f 915 916 940
f 915 940 939
f 916 917 941
f 916 941 940
f 917 918 942
f 917 942 941
f 918 919 943
f 918 943 942
f 919 920 944
f 919 944 943
f 920 921 945
f 920 945 944
f 921 922 946
f 921 946 945
f 922 923 947
f 922 947 946
f 923 924 948
f 923 948 947
f 924 925 949
f 924 949 948
f 925 926 950
f 925 950 949
f 926 927 951
f 926 951 950
f 927 928 952
f 927 952 951
f 928 929 953
f 928 953 952
f 929 930 954
f 929 954 953
f 930 931 955
f 930 955 954
f 931 932 956
f 931 956 955
f 932 909 933
f 932 933 956
o left_wheel_disc_3
usemtl Base
s off
v -1.089000 0.451151 0.191357
v -1.089000 0.444983 0.238203
v -1.089000 0.426901 0.281857
v -1.089000 0.398137 0.319343
v -1.089000 0.360651 0.348107
v -1.089000 0.316997 0.366189
v -1.089000 0.270151 0.372357
v -1.089000 0.223305 0.366189
v -1.089000 0.179651 0.348107
v -1.089000 0.142164 0.319343
v -1.089000 0.113400 0.281857
v -1.089000 0.095318 0.238203
v -1.089000 0.089151 0.191357
v -1.089000 0.095318 0.144511
v -1.089000 0.113400 0.100857
v -1.089000 0.142164 0.063370
v -1.089000 0.179651 0.034606
v -1.089000 0.223305 0.016524
v -1.089000 0.270151 0.010357
v -1.089000 0.316997 0.016524
v -1.089000 0.360651 0.034606
v -1.089000 0.398137 0.063370
v -1.089000 0.426901 0.100857
v -1.089000 0.444983 0.144511
v -1.063000 0.451151 0.191357
v -1.063000 0.444983 0.238203
v -1.063000 0.426901 0.281857
v -1.063000 0.398137 0.319343
v -1.063000 0.360651 0.348107
v -1.063000 0.316997 0.366189
v -1.063000 0.270151 0.372357
v -1.063000 0.223305 0.366189
v -1.063000 0.179651 0.348107
v -1.063000 0.142164 0.319343
v -1.063000 0.113400 0.281857
v -1.063000 0.095318 0.238203
v -1.063000 0.089151 0.191357
v -1.063000 0.095318 0.144511
v -1.063000 0.113400 0.100857
v -1.063000 0.142164 0.063370
v -1.063000 0.179651 0.034606
v -1.063000 0.223305 0.016524
v -1.063000 0.270151 0.010357
v -1.063000 0.316997 0.016524
v -1.063000 0.360651 0.034606
v -1.063000 0.398137 0.063370
v -1.063000 0.426901 0.100857
v -1.063000 0.444983 0.144511
f 980 979 978
f 980 978 977
f 980 977 976
f 980 976 975
f 980 975 974
f 980 974 973
f 980 973 972
f 980 972 971
f 980 971 970
f 980 970 969
f 980 969 968
f 980 968 967
f 980 967 966
f 980 966 965
f 980 965 964
f 980 964 963
f 980 963 962
f 980 962 961
f 980 961 960
f 980 960 959
f 980 959 958
f 980 958 957
f 981 982 983
f 981 983 984
f 981 984 985
f 981 985 986
f 981 986 987
f 981 987 988
f 981 988 989
f 981 989 990
f 981 990 991
f 981 991 992
f 981 992 993
f 981 993 994
f 981 994 995
f 981 995 996
f 981 996 997
f 981 997 998
f 981 998 999
f 981 999 1000
f 981 1000 1001
f 981 1001 1002
f 981 1002 1003
f 981 1003 1004
f 957 958 982
f 957 982 981
f 958 959 983
f 958 983 982
f 959 960 984
f 959 984 983
f 960 961 985
f 960 985 984
f 961 962 986
f 961 986 985
f 962 963 987
f 962 987 986
f 963 964 988
f 963 988 987
f 964 965 989
f 964 989 988
f 965 966 990
f 965 990 989
f 966 967 991
f 966 991 990
f 967 968 992
f 967 992 991
f 968 969 993
f 968 993 992
f 969 970 994
f 969 994 993
f 970 971 995
f 970 995 994
f 971 972 996
f 971 996 995
f 972 973 997
f 972 997 996
f 973 974 998
f 973 998 997
f 974 975 999
f 974 999 998
f 975 976 1000
f 975 1000 999
f 976 977 1001
f 976 1001 1000
f 977 978 1002
f 977 1002 1001
f 978 979 1003
f 978 1003 1002
f 979 980 1004
f 979 1004 1003
f 980 957 981
f 980 981 1004
o left_wheel_hub_3
usemtl Base
s off
v -1.111000 0.340151 0.191357
v -1.111000 0.334822 0.218145
v -1.111000 0.319648 0.240854
v -1.111000 0.296939 0.256028
v -1.111000 0.270151 0.261357
v -1.111000 0.243363 0.256028
v -1.111000 0.220653 0.240854
v -1.111000 0.205479 0.218145
v -1.111000 0.200151 0.191357
v -1.111000 0.205479 0.164569
v -1.111000 0.220653 0.141859
v -1.111000 0.243363 0.126685
v -1.111000 0.270151 0.121357
v -1.111000 0.296939 0.126685
v -1.111000 0.319648 0.141859
v -1.111000 0.334822 0.164569
v -1.085000 0.340151 0.191357
v -1.085000 0.334822 0.218145
v -1.085000 0.319648 0.240854
v -1.085000 0.296939 0.256028
v -1.085000 0.270151 0.261357
v -1.085000 0.243363 0.256028
v -1.085000 0.220653 0.240854
v -1.085000 0.205479 0.218145
v -1.085000 0.200151 0.191357
v -1.085000 0.205479 0.164569
v -1.085000 0.220653 0.141859
v -1.085000 0.243363 0.126685
v -1.085000 0.270151 0.121357
v -1.085000 0.296939 0.126685
v -1.085000 0.319648 0.141859
v -1.085000 0.334822 0.164569
f 1020 1019 1018
f 1020 1018 1017
f 1020 1017 1016
f 1020 1016 1015
f 1020 1015 1014
f 1020 1014 1013
f 1020 1013 1012
f 1020 1012 1011
f 1020 1011 1010
f 1020 1010 1009
f 1020 1009 1008
f 1020 1008 1007
f 1020 1007 1006
f 1020 1006 1005
f 1021 1022 1023
f 1021 1023 1024
f 1021 1024 1025
f 1021 1025 1026
f 1021 1026 1027
f 1021 1027 1028
f 1021 1028 1029
f 1021 1029 1030
f 1021 1030 1031
f 1021 1031 1032
f 1021 1032 1033
f 1021 1033 1034
f 1021 1034 1035
f 1021 1035 1036
f 1005 1006 1022
f 1005 1022 1021
f 1006 1007 1023
f 1006 1023 1022
f 1007 1008 1024
f 1007 1024 1023
f 1008 1009 1025
f 1008 1025 1024
f 1009 1010 1026
f 1009 1026 1025
f 1010 1011 1027
f 1010 1027 1026
f 1011 1012 1028
f 1011 1028 1027
f 1012 1013 1029
f 1012 1029 1028
f 1013 1014 1030
f 1013 1030 1029
f 1014 1015 1031
f 1014 1031 1030
f 1015 1016 1032
f 1015 1032 1031
f 1016 1017 1033
f 1016 1033 1032
f 1017 1018 1034
f 1017 1034 1033
f 1018 1019 1035
f 1018 1035 1034
f 1019 1020 1036
f 1019 1036 1035
f 1020 1005 1021
f 1020 1021 1036
o left_road_wheel_4
usemtl Tracks
s off
v -1.070000 0.492151 -0.360201
v -1.070000 0.484586 -0.302743
v -1.070000 0.462408 -0.249201
v -1.070000 0.427128 -0.203223
v -1.070000 0.381151 -0.167943
v -1.070000 0.327609 -0.145765
v -1.070000 0.270151 -0.138201
v -1.070000 0.212693 -0.145765
v -1.070000 0.159151 -0.167943
v -1.070000 0.113173 -0.203223
v -1.070000 0.077893 -0.249201
v -1.070000 0.055715 -0.302743
v -1.070000 0.048151 -0.360201
v -1.070000 0.055715 -0.417659
v -1.070000 0.077893 -0.471201
v -1.070000 0.113173 -0.517179
v -1.070000 0.159151 -0.552459
v -1.070000 0.212693 -0.574637
v -1.070000 0.270151 -0.582201
v -1.070000 0.327609 -0.574637
v -1.070000 0.381151 -0.552459
v -1.070000 0.427128 -0.517179
v -1.070000 0.462408 -0.471201
v -1.070000 0.484586 -0.417659
v -0.780000 0.492151 -0.360201
v -0.780000 0.484586 -0.302743
v -0.780000 0.462408 -0.249201
v -0.780000 0.427128 -0.203223
v -0.780000 0.381151 -0.167943
v -0.780000 0.327609 -0.145765
v -0.780000 0.270151 -0.138201
v -0.780000 0.212693 -0.145765
v -0.780000 0.159151 -0.167943
v -0.780000 0.113173 -0.203223
v -0.780000 0.077893 -0.249201
v -0.780000 0.055715 -0.302743
v -0.780000 0.048151 -0.360201
v -0.780000 0.055715 -0.417659
v -0.780000 0.077893 -0.471201
v -0.780000 0.113173 -0.517179
v -0.780000 0.159151 -0.552459
v -0.780000 0.212693 -0.574637
v -0.780000 0.270151 -0.582201
v -0.780000 0.327609 -0.574637
v -0.780000 0.381151 -0.552459
v -0.780000 0.427128 -0.517179
v -0.780000 0.462408 -0.471201
v -0.780000 0.484586 -0.417659
f 1060 1059 1058
f 1060 1058 1057
f 1060 1057 1056
f 1060 1056 1055
f 1060 1055 1054
f 1060 1054 1053
f 1060 1053 1052
f 1060 1052 1051
f 1060 1051 1050
f 1060 1050 1049
f 1060 1049 1048
f 1060 1048 1047
f 1060 1047 1046
f 1060 1046 1045
f 1060 1045 1044
f 1060 1044 1043
f 1060 1043 1042
f 1060 1042 1041
f 1060 1041 1040
f 1060 1040 1039
f 1060 1039 1038
f 1060 1038 1037
f 1061 1062 1063
f 1061 1063 1064
f 1061 1064 1065
f 1061 1065 1066
f 1061 1066 1067
f 1061 1067 1068
f 1061 1068 1069
f 1061 1069 1070
f 1061 1070 1071
f 1061 1071 1072
f 1061 1072 1073
f 1061 1073 1074
f 1061 1074 1075
f 1061 1075 1076
f 1061 1076 1077
f 1061 1077 1078
f 1061 1078 1079
f 1061 1079 1080
f 1061 1080 1081
f 1061 1081 1082
f 1061 1082 1083
f 1061 1083 1084
f 1037 1038 1062
f 1037 1062 1061
f 1038 1039 1063
f 1038 1063 1062
f 1039 1040 1064
f 1039 1064 1063
f 1040 1041 1065
f 1040 1065 1064
f 1041 1042 1066
f 1041 1066 1065
f 1042 1043 1067
f 1042 1067 1066
f 1043 1044 1068
f 1043 1068 1067
f 1044 1045 1069
f 1044 1069 1068
f 1045 1046 1070
f 1045 1070 1069
f 1046 1047 1071
f 1046 1071 1070
f 1047 1048 1072
f 1047 1072 1071
f 1048 1049 1073
f 1048 1073 1072
f 1049 1050 1074
f 1049 1074 1073
f 1050 1051 1075
f 1050 1075 1074
f 1051 1052 1076
f 1051 1076 1075
f 1052 1053 1077
f 1052 1077 1076
f 1053 1054 1078
f 1053 1078 1077
f 1054 1055 1079
f 1054 1079 1078
f 1055 1056 1080
f 1055 1080 1079
f 1056 1057 1081
f 1056 1081 1080
f 1057 1058 1082
f 1057 1082 1081
f 1058 1059 1083
f 1058 1083 1082
f 1059 1060 1084
f 1059 1084 1083
f 1060 1037 1061
f 1060 1061 1084
o left_wheel_disc_4
usemtl Base
s off
v -1.089000 0.451151 -0.360201
v -1.089000 0.444983 -0.313355
v -1.089000 0.426901 -0.269701
v -1.089000 0.398137 -0.232215
v -1.089000 0.360651 -0.203450
v -1.089000 0.316997 -0.185368
v -1.089000 0.270151 -0.179201
v -1.089000 0.223305 -0.185368
v -1.089000 0.179651 -0.203450
v -1.089000 0.142164 -0.232215
v -1.089000 0.113400 -0.269701
v -1.089000 0.095318 -0.313355
v -1.089000 0.089151 -0.360201
v -1.089000 0.095318 -0.407047
v -1.089000 0.113400 -0.450701
v -1.089000 0.142164 -0.488187
v -1.089000 0.179651 -0.516952
v -1.089000 0.223305 -0.535034
v -1.089000 0.270151 -0.541201
v -1.089000 0.316997 -0.535034
v -1.089000 0.360651 -0.516952
v -1.089000 0.398137 -0.488187
v -1.089000 0.426901 -0.450701
v -1.089000 0.444983 -0.407047
v -1.063000 0.451151 -0.360201
v -1.063000 0.444983 -0.313355
v -1.063000 0.426901 -0.269701
v -1.063000 0.398137 -0.232215
v -1.063000 0.360651 -0.203450
v -1.063000 0.316997 -0.185368
v -1.063000 0.270151 -0.179201
v -1.063000 0.223305 -0.185368
v -1.063000 0.179651 -0.203450
v -1.063000 0.142164 -0.232215
v -1.063000 0.113400 -0.269701
v -1.063000 0.095318 -0.313355
v -1.063000 0.089151 -0.360201
v -1.063000 0.095318 -0.407047
v -1.063000 0.113400 -0.450701
v -1.063000 0.142164 -0.488187
v -1.063000 0.179651 -0.516952
v -1.063000 0.223305 -0.535034
v -1.063000 0.270151 -0.541201
v -1.063000 0.316997 -0.535034
v -1.063000 0.360651 -0.516952
v -1.063000 0.398137 -0.488187
v -1.063000 0.426901 -0.450701
v -1.063000 0.444983 -0.407047
f 1108 1107 1106
f 1108 1106 1105
f 1108 1105 1104
f 1108 1104 1103
f 1108 1103 1102
f 1108 1102 1101
f 1108 1101 1100
f 1108 1100 1099
f 1108 1099 1098
f 1108 1098 1097
f 1108 1097 1096
f 1108 1096 1095
f 1108 1095 1094
f 1108 1094 1093
f 1108 1093 1092
f 1108 1092 1091
f 1108 1091 1090
f 1108 1090 1089
f 1108 1089 1088
f 1108 1088 1087
f 1108 1087 1086
f 1108 1086 1085
f 1109 1110 1111
f 1109 1111 1112
f 1109 1112 1113
f 1109 1113 1114
f 1109 1114 1115
f 1109 1115 1116
f 1109 1116 1117
f 1109 1117 1118
f 1109 1118 1119
f 1109 1119 1120
f 1109 1120 1121
f 1109 1121 1122
f 1109 1122 1123
f 1109 1123 1124
f 1109 1124 1125
f 1109 1125 1126
f 1109 1126 1127
f 1109 1127 1128
f 1109 1128 1129
f 1109 1129 1130
f 1109 1130 1131
f 1109 1131 1132
f 1085 1086 1110
f 1085 1110 1109
f 1086 1087 1111
f 1086 1111 1110
f 1087 1088 1112
f 1087 1112 1111
f 1088 1089 1113
f 1088 1113 1112
f 1089 1090 1114
f 1089 1114 1113
f 1090 1091 1115
f 1090 1115 1114
f 1091 1092 1116
f 1091 1116 1115
f 1092 1093 1117
f 1092 1117 1116
f 1093 1094 1118
f 1093 1118 1117
f 1094 1095 1119
f 1094 1119 1118
f 1095 1096 1120
f 1095 1120 1119
f 1096 1097 1121
f 1096 1121 1120
f 1097 1098 1122
f 1097 1122 1121
f 1098 1099 1123
f 1098 1123 1122
f 1099 1100 1124
f 1099 1124 1123
f 1100 1101 1125
f 1100 1125 1124
f 1101 1102 1126
f 1101 1126 1125
f 1102 1103 1127
f 1102 1127 1126
f 1103 1104 1128
f 1103 1128 1127
f 1104 1105 1129
f 1104 1129 1128
f 1105 1106 1130
f 1105 1130 1129
f 1106 1107 1131
f 1106 1131 1130
f 1107 1108 1132
f 1107 1132 1131
f 1108 1085 1109
f 1108 1109 1132
o left_wheel_hub_4
usemtl Base
s off
v -1.111000 0.340151 -0.360201
v -1.111000 0.334822 -0.333413
v -1.111000 0.319648 -0.310704
v -1.111000 0.296939 -0.295529
v -1.111000 0.270151 -0.290201
v -1.111000 0.243363 -0.295529
v -1.111000 0.220653 -0.310704
v -1.111000 0.205479 -0.333413
v -1.111000 0.200151 -0.360201
v -1.111000 0.205479 -0.386989
v -1.111000 0.220653 -0.409698
v -1.111000 0.243363 -0.424873
v -1.111000 0.270151 -0.430201
v -1.111000 0.296939 -0.424873
v -1.111000 0.319648 -0.409698
v -1.111000 0.334822 -0.386989
v -1.085000 0.340151 -0.360201
v -1.085000 0.334822 -0.333413
v -1.085000 0.319648 -0.310704
v -1.085000 0.296939 -0.295529
v -1.085000 0.270151 -0.290201
v -1.085000 0.243363 -0.295529
v -1.085000 0.220653 -0.310704
v -1.085000 0.205479 -0.333413
v -1.085000 0.200151 -0.360201
v -1.085000 0.205479 -0.386989
v -1.085000 0.220653 -0.409698
v -1.085000 0.243363 -0.424873
v -1.085000 0.270151 -0.430201
v -1.085000 0.296939 -0.424873
v -1.085000 0.319648 -0.409698
v -1.085000 0.334822 -0.386989
f 1148 1147 1146
f 1148 1146 1145
f 1148 1145 1144
f 1148 1144 1143
f 1148 1143 1142
f 1148 1142 1141
f 1148 1141 1140
f 1148 1140 1139
f 1148 1139 1138
f 1148 1138 1137
f 1148 1137 1136
f 1148 1136 1135
f 1148 1135 1134
f 1148 1134 1133
f 1149 1150 1151
f 1149 1151 1152
f 1149 1152 1153
f 1149 1153 1154
f 1149 1154 1155
f 1149 1155 1156
f 1149 1156 1157
f 1149 1157 1158
f 1149 1158 1159
f 1149 1159 1160
f 1149 1160 1161
f 1149 1161 1162
f 1149 1162 1163
f 1149 1163 1164
f 1133 1134 1150
f 1133 1150 1149
f 1134 1135 1151
f 1134 1151 1150
f 1135 1136 1152
f 1135 1152 1151
f 1136 1137 1153
f 1136 1153 1152
f 1137 1138 1154
f 1137 1154 1153
f 1138 1139 1155
f 1138 1155 1154
f 1139 1140 1156
f 1139 1156 1155
f 1140 1141 1157
f 1140 1157 1156
f 1141 1142 1158
f 1141 1158 1157
f 1142 1143 1159
f 1142 1159 1158
f 1143 1144 1160
f 1143 1160 1159
f 1144 1145 1161
f 1144 1161 1160
f 1145 1146 1162
f 1145 1162 1161
f 1146 1147 1163
f 1146 1163 1162
f 1147 1148 1164
f 1147 1164 1163
f 1148 1133 1149
f 1148 1149 1164
o left_road_wheel_5
usemtl Tracks
s off
v -1.070000 0.492151 -0.923015
v -1.070000 0.484586 -0.865557
v -1.070000 0.462408 -0.812015
v -1.070000 0.427128 -0.766037
v -1.070000 0.381151 -0.730757
v -1.070000 0.327609 -0.708580
v -1.070000 0.270151 -0.701015
v -1.070000 0.212693 -0.708580
v -1.070000 0.159151 -0.730757
v -1.070000 0.113173 -0.766037
v -1.070000 0.077893 -0.812015
v -1.070000 0.055715 -0.865557
v -1.070000 0.048151 -0.923015
v -1.070000 0.055715 -0.980473
v -1.070000 0.077893 -1.034015
v -1.070000 0.113173 -1.079993
v -1.070000 0.159151 -1.115273
v -1.070000 0.212693 -1.137451
v -1.070000 0.270151 -1.145015
v -1.070000 0.327609 -1.137451
v -1.070000 0.381151 -1.115273
v -1.070000 0.427128 -1.079993
v -1.070000 0.462408 -1.034015
v -1.070000 0.484586 -0.980473
v -0.780000 0.492151 -0.923015
v -0.780000 0.484586 -0.865557
v -0.780000 0.462408 -0.812015
v -0.780000 0.427128 -0.766037
v -0.780000 0.381151 -0.730757
v -0.780000 0.327609 -0.708580
v -0.780000 0.270151 -0.701015
v -0.780000 0.212693 -0.708580
v -0.780000 0.159151 -0.730757
v -0.780000 0.113173 -0.766037
v -0.780000 0.077893 -0.812015
v -0.780000 0.055715 -0.865557
v -0.780000 0.048151 -0.923015
v -0.780000 0.055715 -0.980473
v -0.780000 0.077893 -1.034015
v -0.780000 0.113173 -1.079993
v -0.780000 0.159151 -1.115273
v -0.780000 0.212693 -1.137451
v -0.780000 0.270151 -1.145015
v -0.780000 0.327609 -1.137451
v -0.780000 0.381151 -1.115273
v -0.780000 0.427128 -1.079993
v -0.780000 0.462408 -1.034015
v -0.780000 0.484586 -0.980473
f 1188 1187 1186
f 1188 1186 1185
f 1188 1185 1184
f 1188 1184 1183
f 1188 1183 1182
f 1188 1182 1181
f 1188 1181 1180
f 1188 1180 1179
f 1188 1179 1178
f 1188 1178 1177
f 1188 1177 1176
f 1188 1176 1175
f 1188 1175 1174
f 1188 1174 1173
f 1188 1173 1172
f 1188 1172 1171
f 1188 1171 1170
f 1188 1170 1169
f 1188 1169 1168
f 1188 1168 1167
f 1188 1167 1166
f 1188 1166 1165
f 1189 1190 1191
f 1189 1191 1192
f 1189 1192 1193
f 1189 1193 1194
f 1189 1194 1195
f 1189 1195 1196
f 1189 1196 1197
f 1189 1197 1198
f 1189 1198 1199
f 1189 1199 1200
f 1189 1200 1201
f 1189 1201 1202
f 1189 1202 1203
f 1189 1203 1204
f 1189 1204 1205
f 1189 1205 1206
f 1189 1206 1207
f 1189 1207 1208
f 1189 1208 1209
f 1189 1209 1210
f 1189 1210 1211
f 1189 1211 1212
f 1165 1166 1190
f 1165 1190 1189
f 1166 1167 1191
f 1166 1191 1190
f 1167 1168 1192
f 1167 1192 1191
f 1168 1169 1193
f 1168 1193 1192
f 1169 1170 1194
f 1169 1194 1193
f 1170 1171 1195
f 1170 1195 1194
f 1171 1172 1196
f 1171 1196 1195
f 1172 1173 1197
f 1172 1197 1196
f 1173 1174 1198
f 1173 1198 1197
f 1174 1175 1199
f 1174 1199 1198
f 1175 1176 1200
f 1175 1200 1199
f 1176 1177 1201
f 1176 1201 1200
f 1177 1178 1202
f 1177 1202 1201
f 1178 1179 1203
f 1178 1203 1202
f 1179 1180 1204
f 1179 1204 1203
f 1180 1181 1205
f 1180 1205 1204
f 1181 1182 1206
f 1181 1206 1205
f 1182 1183 1207
f 1182 1207 1206
f 1183 1184 1208
f 1183 1208 1207
f 1184 1185 1209
f 1184 1209 1208
f 1185 1186 1210
f 1185 1210 1209
f 1186 1187 1211
f 1186 1211 1210
f 1187 1188 1212
f 1187 1212 1211
f 1188 1165 1189
f 1188 1189 1212
o left_wheel_disc_5
usemtl Base
s off
v -1.089000 0.451151 -0.923015
v -1.089000 0.444983 -0.876169
v -1.089000 0.426901 -0.832515
v -1.089000 0.398137 -0.795029
v -1.089000 0.360651 -0.766264
v -1.089000 0.316997 -0.748183
v -1.089000 0.270151 -0.742015
v -1.089000 0.223305 -0.748183
v -1.089000 0.179651 -0.766264
v -1.089000 0.142164 -0.795029
v -1.089000 0.113400 -0.832515
v -1.089000 0.095318 -0.876169
v -1.089000 0.089151 -0.923015
v -1.089000 0.095318 -0.969861
v -1.089000 0.113400 -1.013515
v -1.089000 0.142164 -1.051001
v -1.089000 0.179651 -1.079766
v -1.089000 0.223305 -1.097848
v -1.089000 0.270151 -1.104015
v -1.089000 0.316997 -1.097848
v -1.089000 0.360651 -1.079766
v -1.089000 0.398137 -1.051001
v -1.089000 0.426901 -1.013515
v -1.089000 0.444983 -0.969861
v -1.063000 0.451151 -0.923015
v -1.063000 0.444983 -0.876169
v -1.063000 0.426901 -0.832515
v -1.063000 0.398137 -0.795029
v -1.063000 0.360651 -0.766264
v -1.063000 0.316997 -0.748183
v -1.063000 0.270151 -0.742015
v -1.063000 0.223305 -0.748183
v -1.063000 0.179651 -0.766264
v -1.063000 0.142164 -0.795029
v -1.063000 0.113400 -0.832515
v -1.063000 0.095318 -0.876169
v -1.063000 0.089151 -0.923015
v -1.063000 0.095318 -0.969861
v -1.063000 0.113400 -1.013515
v -1.063000 0.142164 -1.051001
v -1.063000 0.179651 -1.079766
v -1.063000 0.223305 -1.097848
v -1.063000 0.270151 -1.104015
v -1.063000 0.316997 -1.097848
v -1.063000 0.360651 -1.079766
v -1.063000 0.398137 -1.051001
v -1.063000 0.426901 -1.013515
v -1.063000 0.444983 -0.969861
f 1236 1235 1234
f 1236 1234 1233
f 1236 1233 1232
f 1236 1232 1231
f 1236 1231 1230
f 1236 1230 1229
f 1236 1229 1228
f 1236 1228 1227
f 1236 1227 1226
f 1236 1226 1225
f 1236 1225 1224
f 1236 1224 1223
f 1236 1223 1222
f 1236 1222 1221
f 1236 1221 1220
f 1236 1220 1219
f 1236 1219 1218
f 1236 1218 1217
f 1236 1217 1216
f 1236 1216 1215
f 1236 1215 1214
f 1236 1214 1213
f 1237 1238 1239
f 1237 1239 1240
f 1237 1240 1241
f 1237 1241 1242
f 1237 1242 1243
f 1237 1243 1244
f 1237 1244 1245
f 1237 1245 1246
f 1237 1246 1247
f 1237 1247 1248
f 1237 1248 1249
f 1237 1249 1250
f 1237 1250 1251
f 1237 1251 1252
f 1237 1252 1253
f 1237 1253 1254
f 1237 1254 1255
f 1237 1255 1256
f 1237 1256 1257
f 1237 1257 1258
f 1237 1258 1259
f 1237 1259 1260
f 1213 1214 1238
f 1213 1238 1237
f 1214 1215 1239
f 1214 1239 1238
f 1215 1216 1240
f 1215 1240 1239
f 1216 1217 1241
f 1216 1241 1240
f 1217 1218 1242
f 1217 1242 1241
f 1218 1219 1243
f 1218 1243 1242
f 1219 1220 1244
f 1219 1244 1243
f 1220 1221 1245
f 1220 1245 1244
f 1221 1222 1246
f 1221 1246 1245
f 1222 1223 1247
f 1222 1247 1246
f 1223 1224 1248
f 1223 1248 1247
f 1224 1225 1249
f 1224 1249 1248
f 1225 1226 1250
f 1225 1250 1249
f 1226 1227 1251
f 1226 1251 1250
f 1227 1228 1252
f 1227 1252 1251
f 1228 1229 1253
f 1228 1253 1252
f 1229 1230 1254
f 1229 1254 1253
f 1230 1231 1255
f 1230 1255 1254
f 1231 1232 1256
f 1231 1256 1255
f 1232 1233 1257
f 1232 1257 1256
f 1233 1234 1258
f 1233 1258 1257
f 1234 1235 1259
f 1234 1259 1258
f 1235 1236 1260
f 1235 1260 1259
f 1236 1213 1237
f 1236 1237 1260
o left_wheel_hub_5
usemtl Base
s off
v -1.111000 0.340151 -0.923015
v -1.111000 0.334822 -0.896227
v -1.111000 0.319648 -0.873518
v -1.111000 0.296939 -0.858344
v -1.111000 0.270151 -0.853015
v -1.111000 0.243363 -0.858344
v -1.111000 0.220653 -0.873518
v -1.111000 0.205479 -0.896227
v -1.111000 0.200151 -0.923015
v -1.111000 0.205479 -0.949803
v -1.111000 0.220653 -0.972513
v -1.111000 0.243363 -0.987687
v -1.111000 0.270151 -0.993015
v -1.111000 0.296939 -0.987687
v -1.111000 0.319648 -0.972513
v -1.111000 0.334822 -0.949803
v -1.085000 0.340151 -0.923015
v -1.085000 0.334822 -0.896227
v -1.085000 0.319648 -0.873518
v -1.085000 0.296939 -0.858344
v -1.085000 0.270151 -0.853015
v -1.085000 0.243363 -0.858344
v -1.085000 0.220653 -0.873518
v -1.085000 0.205479 -0.896227
v -1.085000 0.200151 -0.923015
v -1.085000 0.205479 -0.949803
v -1.085000 0.220653 -0.972513
v -1.085000 0.243363 -0.987687
v -1.085000 0.270151 -0.993015
v -1.085000 0.296939 -0.987687
v -1.085000 0.319648 -0.972513
v -1.085000 0.334822 -0.949803
f 1276 1275 1274
f 1276 1274 1273
f 1276 1273 1272
f 1276 1272 1271
f 1276 1271 1270
f 1276 1270 1269
f 1276 1269 1268
f 1276 1268 1267
f 1276 1267 1266
f 1276 1266 1265
f 1276 1265 1264
f 1276 1264 1263
f 1276 1263 1262
f 1276 1262 1261
f 1277 1278 1279
f 1277 1279 1280
f 1277 1280 1281
f 1277 1281 1282
f 1277 1282 1283
f 1277 1283 1284
f 1277 1284 1285
f 1277 1285 1286
f 1277 1286 1287
f 1277 1287 1288
f 1277 1288 1289
f 1277 1289 1290
f 1277 1290 1291
f 1277 1291 1292
f 1261 1262 1278
f 1261 1278 1277
f 1262 1263 1279
f 1262 1279 1278
f 1263 1264 1280
f 1263 1280 1279
f 1264 1265 1281
f 1264 1281 1280
f 1265 1266 1282
f 1265 1282 1281
f 1266 1267 1283
f 1266 1283 1282
f 1267 1268 1284
f 1267 1284 1283
f 1268 1269 1285
f 1268 1285 1284
f 1269 1270 1286
f 1269 1286 1285
f 1270 1271 1287
f 1270 1287 1286
f 1271 1272 1288
f 1271 1288 1287
f 1272 1273 1289
f 1272 1289 1288
f 1273 1274 1290
f 1273 1290 1289
f 1274 1275 1291
f 1274 1291 1290
f 1275 1276 1292
f 1275 1292 1291
f 1276 1261 1277
f 1276 1277 1292
o left_road_wheel_6
usemtl Tracks
s off
v -1.070000 0.492151 -1.452060
v -1.070000 0.484586 -1.394602
v -1.070000 0.462408 -1.341060
v -1.070000 0.427128 -1.295083
v -1.070000 0.381151 -1.259803
v -1.070000 0.327609 -1.237625
v -1.070000 0.270151 -1.230060
v -1.070000 0.212693 -1.237625
v -1.070000 0.159151 -1.259803
v -1.070000 0.113173 -1.295083
v -1.070000 0.077893 -1.341060
v -1.070000 0.055715 -1.394602
v -1.070000 0.048151 -1.452060
v -1.070000 0.055715 -1.509518
v -1.070000 0.077893 -1.563060
v -1.070000 0.113173 -1.609038
v -1.070000 0.159151 -1.644318
v -1.070000 0.212693 -1.666496
v -1.070000 0.270151 -1.674060
v -1.070000 0.327609 -1.666496
v -1.070000 0.381151 -1.644318
v -1.070000 0.427128 -1.609038
v -1.070000 0.462408 -1.563060
v -1.070000 0.484586 -1.509518
v -0.780000 0.492151 -1.452060
v -0.780000 0.484586 -1.394602
v -0.780000 0.462408 -1.341060
v -0.780000 0.427128 -1.295083
v -0.780000 0.381151 -1.259803
v -0.780000 0.327609 -1.237625
v -0.780000 0.270151 -1.230060
v -0.780000 0.212693 -1.237625
v -0.780000 0.159151 -1.259803
v -0.780000 0.113173 -1.295083
v -0.780000 0.077893 -1.341060
v -0.780000 0.055715 -1.394602
v -0.780000 0.048151 -1.452060
v -0.780000 0.055715 -1.509518
v -0.780000 0.077893 -1.563060
v -0.780000 0.113173 -1.609038
v -0.780000 0.159151 -1.644318
v -0.780000 0.212693 -1.666496
v -0.780000 0.270151 -1.674060
v -0.780000 0.327609 -1.666496
v -0.780000 0.381151 -1.644318
v -0.780000 0.427128 -1.609038
v -0.780000 0.462408 -1.563060
v -0.780000 0.484586 -1.509518
f 1316 1315 1314
f 1316 1314 1313
f 1316 1313 1312
f 1316 1312 1311
f 1316 1311 1310
f 1316 1310 1309
f 1316 1309 1308
f 1316 1308 1307
f 1316 1307 1306
f 1316 1306 1305
f 1316 1305 1304
f 1316 1304 1303
f 1316 1303 1302
f 1316 1302 1301
f 1316 1301 1300
f 1316 1300 1299
f 1316 1299 1298
f 1316 1298 1297
f 1316 1297 1296
f 1316 1296 1295
f 1316 1295 1294
f 1316 1294 1293
f 1317 1318 1319
f 1317 1319 1320
f 1317 1320 1321
f 1317 1321 1322
f 1317 1322 1323
f 1317 1323 1324
f 1317 1324 1325
f 1317 1325 1326
f 1317 1326 1327
f 1317 1327 1328
f 1317 1328 1329
f 1317 1329 1330
f 1317 1330 1331
f 1317 1331 1332
f 1317 1332 1333
f 1317 1333 1334
f 1317 1334 1335
f 1317 1335 1336
f 1317 1336 1337
f 1317 1337 1338
f 1317 1338 1339
f 1317 1339 1340
f 1293 1294 1318
f 1293 1318 1317
f 1294 1295 1319
f 1294 1319 1318
f 1295 1296 1320
f 1295 1320 1319
f 1296 1297 1321
f 1296 1321 1320
f 1297 1298 1322
f 1297 1322 1321
f 1298 1299 1323
f 1298 1323 1322
f 1299 1300 1324
f 1299 1324 1323
f 1300 1301 1325
f 1300 1325 1324
f 1301 1302 1326
f 1301 1326 1325
f 1302 1303 1327
f 1302 1327 1326
f 1303 1304 1328
f 1303 1328 1327
f 1304 1305 1329
f 1304 1329 1328
f 1305 1306 1330
f 1305 1330 1329
f 1306 1307 1331
f 1306 1331 1330
f 1307 1308 1332
f 1307 1332 1331
f 1308 1309 1333
f 1308 1333 1332
f 1309 1310 1334
f 1309 1334 1333
f 1310 1311 1335
f 1310 1335 1334
f 1311 1312 1336
f 1311 1336 1335
f 1312 1313 1337
f 1312 1337 1336
f 1313 1314 1338
f 1313 1338 1337
f 1314 1315 1339
f 1314 1339 1338
f 1315 1316 1340
f 1315 1340 1339
f 1316 1293 1317
f 1316 1317 1340
o left_wheel_disc_6
usemtl Base
s off
v -1.089000 0.451151 -1.452060
v -1.089000 0.444983 -1.405214
v -1.089000 0.426901 -1.361560
v -1.089000 0.398137 -1.324074
v -1.089000 0.360651 -1.295310
v -1.089000 0.316997 -1.277228
v -1.089000 0.270151 -1.271060
v -1.089000 0.223305 -1.277228
v -1.089000 0.179651 -1.295310
v -1.089000 0.142164 -1.324074
v -1.089000 0.113400 -1.361560
v -1.089000 0.095318 -1.405214
v -1.089000 0.089151 -1.452060
v -1.089000 0.095318 -1.498907
v -1.089000 0.113400 -1.542560
v -1.089000 0.142164 -1.580047
v -1.089000 0.179651 -1.608811
v -1.089000 0.223305 -1.626893
v -1.089000 0.270151 -1.633060
v -1.089000 0.316997 -1.626893
v -1.089000 0.360651 -1.608811
v -1.089000 0.398137 -1.580047
v -1.089000 0.426901 -1.542560
v -1.089000 0.444983 -1.498907
v -1.063000 0.451151 -1.452060
v -1.063000 0.444983 -1.405214
v -1.063000 0.426901 -1.361560
v -1.063000 0.398137 -1.324074
v -1.063000 0.360651 -1.295310
v -1.063000 0.316997 -1.277228
v -1.063000 0.270151 -1.271060
v -1.063000 0.223305 -1.277228
v -1.063000 0.179651 -1.295310
v -1.063000 0.142164 -1.324074
v -1.063000 0.113400 -1.361560
v -1.063000 0.095318 -1.405214
v -1.063000 0.089151 -1.452060
v -1.063000 0.095318 -1.498907
v -1.063000 0.113400 -1.542560
v -1.063000 0.142164 -1.580047
v -1.063000 0.179651 -1.608811
v -1.063000 0.223305 -1.626893
v -1.063000 0.270151 -1.633060
v -1.063000 0.316997 -1.626893
v -1.063000 0.360651 -1.608811
v -1.063000 0.398137 -1.580047
v -1.063000 0.426901 -1.542560
v -1.063000 0.444983 -1.498907
f 1364 1363 1362
f 1364 1362 1361
f 1364 1361 1360
f 1364 1360 1359
f 1364 1359 1358
f 1364 1358 1357
f 1364 1357 1356
f 1364 1356 1355
f 1364 1355 1354
f 1364 1354 1353
f 1364 1353 1352
f 1364 1352 1351
f 1364 1351 1350
f 1364 1350 1349
f 1364 1349 1348
f 1364 1348 1347
f 1364 1347 1346
f 1364 1346 1345
f 1364 1345 1344
f 1364 1344 1343
f 1364 1343 1342
f 1364 1342 1341
f 1365 1366 1367
f 1365 1367 1368
f 1365 1368 1369
f 1365 1369 1370
f 1365 1370 1371
f 1365 1371 1372
f 1365 1372 1373
f 1365 1373 1374
f 1365 1374 1375
f 1365 1375 1376
f 1365 1376 1377
f 1365 1377 1378
f 1365 1378 1379
f 1365 1379 1380
f 1365 1380 1381
f 1365 1381 1382
f 1365 1382 1383
f 1365 1383 1384
f 1365 1384 1385
f 1365 1385 1386
f 1365 1386 1387
f 1365 1387 1388
f 1341 1342 1366
f 1341 1366 1365
f 1342 1343 1367
f 1342 1367 1366
f 1343 1344 1368
f 1343 1368 1367
f 1344 1345 1369
f 1344 1369 1368
f 1345 1346 1370
f 1345 1370 1369
f 1346 1347 1371
f 1346 1371 1370
f 1347 1348 1372
f 1347 1372 1371
f 1348 1349 1373
f 1348 1373 1372
f 1349 1350 1374
f 1349 1374 1373
f 1350 1351 1375
f 1350 1375 1374
f 1351 1352 1376
f 1351 1376 1375
f 1352 1353 1377
f 1352 1377 1376
f 1353 1354 1378
f 1353 1378 1377
f 1354 1355 1379
f 1354 1379 1378
f 1355 1356 1380
f 1355 1380 1379
f 1356 1357 1381
f 1356 1381 1380
f 1357 1358 1382
f 1357 1382 1381
f 1358 1359 1383
f 1358 1383 1382
f 1359 1360 1384
f 1359 1384 1383
f 1360 1361 1385
f 1360 1385 1384
f 1361 1362 1386
f 1361 1386 1385
f 1362 1363 1387
f 1362 1387 1386
f 1363 1364 1388
f 1363 1388 1387
f 1364 1341 1365
f 1364 1365 1388
o left_wheel_hub_6
usemtl Base
s off
v -1.111000 0.340151 -1.452060
v -1.111000 0.334822 -1.425272
v -1.111000 0.319648 -1.402563
v -1.111000 0.296939 -1.387389
v -1.111000 0.270151 -1.382060
v -1.111000 0.243363 -1.387389
v -1.111000 0.220653 -1.402563
v -1.111000 0.205479 -1.425272
v -1.111000 0.200151 -1.452060
v -1.111000 0.205479 -1.478848
v -1.111000 0.220653 -1.501558
v -1.111000 0.243363 -1.516732
v -1.111000 0.270151 -1.522060
v -1.111000 0.296939 -1.516732
v -1.111000 0.319648 -1.501558
v -1.111000 0.334822 -1.478848
v -1.085000 0.340151 -1.452060
v -1.085000 0.334822 -1.425272
v -1.085000 0.319648 -1.402563
v -1.085000 0.296939 -1.387389
v -1.085000 0.270151 -1.382060
v -1.085000 0.243363 -1.387389
v -1.085000 0.220653 -1.402563
v -1.085000 0.205479 -1.425272
v -1.085000 0.200151 -1.452060
v -1.085000 0.205479 -1.478848
v -1.085000 0.220653 -1.501558
v -1.085000 0.243363 -1.516732
v -1.085000 0.270151 -1.522060
v -1.085000 0.296939 -1.516732
v -1.085000 0.319648 -1.501558
v -1.085000 0.334822 -1.478848
f 1404 1403 1402
f 1404 1402 1401
f 1404 1401 1400
f 1404 1400 1399
f 1404 1399 1398
f 1404 1398 1397
f 1404 1397 1396
f 1404 1396 1395
f 1404 1395 1394
f 1404 1394 1393
f 1404 1393 1392
f 1404 1392 1391
f 1404 1391 1390
f 1404 1390 1389
f 1405 1406 1407
f 1405 1407 1408
f 1405 1408 1409
f 1405 1409 1410
f 1405 1410 1411
f 1405 1411 1412
f 1405 1412 1413
f 1405 1413 1414
f 1405 1414 1415
f 1405 1415 1416
f 1405 1416 1417
f 1405 1417 1418
f 1405 1418 1419
f 1405 1419 1420
f 1389 1390 1406
f 1389 1406 1405
f 1390 1391 1407
f 1390 1407 1406
f 1391 1392 1408
f 1391 1408 1407
f 1392 1393 1409
f 1392 1409 1408
f 1393 1394 1410
f 1393 1410 1409
f 1394 1395 1411
f 1394 1411 1410
f 1395 1396 1412
f 1395 1412 1411
f 1396 1397 1413
f 1396 1413 1412
f 1397 1398 1414
f 1397 1414 1413
f 1398 1399 1415
f 1398 1415 1414
f 1399 1400 1416
f 1399 1416 1415
f 1400 1401 1417
f 1400 1417 1416
f 1401 1402 1418
f 1401 1418 1417
f 1402 1403 1419
f 1402 1419 1418
f 1403 1404 1420
f 1403 1420 1419
f 1404 1389 1405
f 1404 1405 1420
o left_idler
usemtl Tracks
s off
v -1.070000 0.637251 1.812261
v -1.070000 0.630879 1.860660
v -1.070000 0.612198 1.905761
v -1.070000 0.582480 1.944490
v -1.070000 0.543751 1.974208
v -1.070000 0.498650 1.992889
v -1.070000 0.450251 1.999261
v -1.070000 0.401852 1.992889
v -1.070000 0.356751 1.974208
v -1.070000 0.318022 1.944490
v -1.070000 0.288305 1.905761
v -1.070000 0.269623 1.860660
v -1.070000 0.263251 1.812261
v -1.070000 0.269623 1.763862
v -1.070000 0.288305 1.718761
v -1.070000 0.318022 1.680032
v -1.070000 0.356751 1.650315
v -1.070000 0.401852 1.631633
v -1.070000 0.450251 1.625261
v -1.070000 0.498650 1.631633
v -1.070000 0.543751 1.650315
v -1.070000 0.582480 1.680032
v -1.070000 0.612198 1.718761
v -1.070000 0.630879 1.763862
v -0.780000 0.637251 1.812261
v -0.780000 0.630879 1.860660
v -0.780000 0.612198 1.905761
v -0.780000 0.582480 1.944490
v -0.780000 0.543751 1.974208
v -0.780000 0.498650 1.992889
v -0.780000 0.450251 1.999261
v -0.780000 0.401852 1.992889
v -0.780000 0.356751 1.974208
v -0.780000 0.318022 1.944490
v -0.780000 0.288305 1.905761
v -0.780000 0.269623 1.860660
v -0.780000 0.263251 1.812261
v -0.780000 0.269623 1.763862
v -0.780000 0.288305 1.718761
v -0.780000 0.318022 1.680032
v -0.780000 0.356751 1.650315
v -0.780000 0.401852 1.631633
v -0.780000 0.450251 1.625261
v -0.780000 0.498650 1.631633
v -0.780000 0.543751 1.650315
v -0.780000 0.582480 1.680032
v -0.780000 0.612198 1.718761
v -0.780000 0.630879 1.763862
f 1444 1443 1442
f 1444 1442 1441
f 1444 1441 1440
f 1444 1440 1439
f 1444 1439 1438
f 1444 1438 1437
f 1444 1437 1436
f 1444 1436 1435
f 1444 1435 1434
f 1444 1434 1433
f 1444 1433 1432
f 1444 1432 1431
f 1444 1431 1430
f 1444 1430 1429
f 1444 1429 1428
f 1444 1428 1427
f 1444 1427 1426
f 1444 1426 1425
f 1444 1425 1424
f 1444 1424 1423
f 1444 1423 1422
f 1444 1422 1421
f 1445 1446 1447
f 1445 1447 1448
f 1445 1448 1449
f 1445 1449 1450
f 1445 1450 1451
f 1445 1451 1452
f 1445 1452 1453
f 1445 1453 1454
f 1445 1454 1455
f 1445 1455 1456
f 1445 1456 1457
f 1445 1457 1458
f 1445 1458 1459
f 1445 1459 1460
f 1445 1460 1461
f 1445 1461 1462
f 1445 1462 1463
f 1445 1463 1464
f 1445 1464 1465
f 1445 1465 1466
f 1445 1466 1467
f 1445 1467 1468
f 1421 1422 1446
f 1421 1446 1445
f 1422 1423 1447
f 1422 1447 1446
f 1423 1424 1448
f 1423 1448 1447
f 1424 1425 1449
f 1424 1449 1448
f 1425 1426 1450
f 1425 1450 1449
f 1426 1427 1451
f 1426 1451 1450
f 1427 1428 1452
f 1427 1452 1451
f 1428 1429 1453
f 1428 1453 1452
f 1429 1430 1454
f 1429 1454 1453
f 1430 1431 1455
f 1430 1455 1454
f 1431 1432 1456
f 1431 1456 1455
f 1432 1433 1457
f 1432 1457 1456
f 1433 1434 1458
f 1433 1458 1457
f 1434 1435 1459
f 1434 1459 1458
f 1435 1436 1460
f 1435 1460 1459
f 1436 1437 1461
f 1436 1461 1460
f 1437 1438 1462
f 1437 1462 1461
f 1438 1439 1463
f 1438 1463 1462
f 1439 1440 1464
f 1439 1464 1463
f 1440 1441 1465
f 1440 1465 1464
f 1441 1442 1466
f 1441 1466 1465
f 1442 1443 1467
f 1442 1467 1466
f 1443 1444 1468
f 1443 1468 1467
f 1444 1421 1445
f 1444 1445 1468
o left_idler_disc
usemtl Base
s off
v -1.086000 0.595251 1.812261
v -1.086000 0.590311 1.849790
v -1.086000 0.575825 1.884761
v -1.086000 0.552782 1.914792
v -1.086000 0.522751 1.937835
v -1.086000 0.487780 1.952321
v -1.086000 0.450251 1.957261
v -1.086000 0.412722 1.952321
v -1.086000 0.377751 1.937835
v -1.086000 0.347721 1.914792
v -1.086000 0.324678 1.884761
v -1.086000 0.310192 1.849790
v -1.086000 0.305251 1.812261
v -1.086000 0.310192 1.774733
v -1.086000 0.324678 1.739761
v -1.086000 0.347721 1.709731
v -1.086000 0.377751 1.686688
v -1.086000 0.412722 1.672202
v -1.086000 0.450251 1.667261
v -1.086000 0.487780 1.672202
v -1.086000 0.522751 1.686688
v -1.086000 0.552782 1.709731
v -1.086000 0.575825 1.739761
v -1.086000 0.590311 1.774733
v -1.060000 0.595251 1.812261
v -1.060000 0.590311 1.849790
v -1.060000 0.575825 1.884761
v -1.060000 0.552782 1.914792
v -1.060000 0.522751 1.937835
v -1.060000 0.487780 1.952321
v -1.060000 0.450251 1.957261
v -1.060000 0.412722 1.952321
v -1.060000 0.377751 1.937835
v -1.060000 0.347721 1.914792
v -1.060000 0.324678 1.884761
v -1.060000 0.310192 1.849790
v -1.060000 0.305251 1.812261
v -1.060000 0.310192 1.774733
v -1.060000 0.324678 1.739761
v -1.060000 0.347721 1.709731
v -1.060000 0.377751 1.686688
v -1.060000 0.412722 1.672202
v -1.060000 0.450251 1.667261
v -1.060000 0.487780 1.672202
v -1.060000 0.522751 1.686688
v -1.060000 0.552782 1.709731
v -1.060000 0.575825 1.739761
v -1.060000 0.590311 1.774733
f 1492 1491 1490
f 1492 1490 1489
f 1492 1489 1488
f 1492 1488 1487
f 1492 1487 1486
f 1492 1486 1485
f 1492 1485 1484
f 1492 1484 1483
f 1492 1483 1482
f 1492 1482 1481
f 1492 1481 1480
f 1492 1480 1479
f 1492 1479 1478
f 1492 1478 1477
f 1492 1477 1476
f 1492 1476 1475
f 1492 1475 1474
f 1492 1474 1473
f 1492 1473 1472
f 1492 1472 1471
f 1492 1471 1470
f 1492 1470 1469
f 1493 1494 1495
f 1493 1495 1496
f 1493 1496 1497
f 1493 1497 1498
f 1493 1498 1499
f 1493 1499 1500
f 1493 1500 1501
f 1493 1501 1502
f 1493 1502 1503
f 1493 1503 1504
f 1493 1504 1505
f 1493 1505 1506
f 1493 1506 1507
f 1493 1507 1508
f 1493 1508 1509
f 1493 1509 1510
f 1493 1510 1511
f 1493 1511 1512
f 1493 1512 1513
f 1493 1513 1514
f 1493 1514 1515
f 1493 1515 1516
f 1469 1470 1494
f 1469 1494 1493
f 1470 1471 1495
f 1470 1495 1494
f 1471 1472 1496
f 1471 1496 1495
f 1472 1473 1497
f 1472 1497 1496
f 1473 1474 1498
f 1473 1498 1497
f 1474 1475 1499
f 1474 1499 1498
f 1475 1476 1500
f 1475 1500 1499
f 1476 1477 1501
f 1476 1501 1500
f 1477 1478 1502
f 1477 1502 1501
f 1478 1479 1503
f 1478 1503 1502
f 1479 1480 1504
f 1479 1504 1503
f 1480 1481 1505
f 1480 1505 1504
f 1481 1482 1506
f 1481 1506 1505
f 1482 1483 1507
f 1482 1507 1506
f 1483 1484 1508
f 1483 1508 1507
f 1484 1485 1509
f 1484 1509 1508
f 1485 1486 1510
f 1485 1510 1509
f 1486 1487 1511
f 1486 1511 1510
f 1487 1488 1512
f 1487 1512 1511
f 1488 1489 1513
f 1488 1513 1512
f 1489 1490 1514
f 1489 1514 1513
f 1490 1491 1515
f 1490 1515 1514
f 1491 1492 1516
f 1491 1516 1515
f 1492 1469 1493
f 1492 1493 1516
o left_idler_hub
usemtl Base
s off
v -1.108000 0.515251 1.812261
v -1.108000 0.510303 1.837136
v -1.108000 0.496213 1.858223
v -1.108000 0.475126 1.872313
v -1.108000 0.450251 1.877261
v -1.108000 0.425377 1.872313
v -1.108000 0.404289 1.858223
v -1.108000 0.390199 1.837136
v -1.108000 0.385251 1.812261
v -1.108000 0.390199 1.787387
v -1.108000 0.404289 1.766299
v -1.108000 0.425377 1.752209
v -1.108000 0.450251 1.747261
v -1.108000 0.475126 1.752209
v -1.108000 0.496213 1.766299
v -1.108000 0.510303 1.787387
v -1.082000 0.515251 1.812261
v -1.082000 0.510303 1.837136
v -1.082000 0.496213 1.858223
v -1.082000 0.475126 1.872313
v -1.082000 0.450251 1.877261
v -1.082000 0.425377 1.872313
v -1.082000 0.404289 1.858223
v -1.082000 0.390199 1.837136
v -1.082000 0.385251 1.812261
v -1.082000 0.390199 1.787387
v -1.082000 0.404289 1.766299
v -1.082000 0.425377 1.752209
v -1.082000 0.450251 1.747261
v -1.082000 0.475126 1.752209
v -1.082000 0.496213 1.766299
v -1.082000 0.510303 1.787387
f 1532 1531 1530
f 1532 1530 1529
f 1532 1529 1528
f 1532 1528 1527
f 1532 1527 1526
f 1532 1526 1525
f 1532 1525 1524
f 1532 1524 1523
f 1532 1523 1522
f 1532 1522 1521
f 1532 1521 1520
f 1532 1520 1519
f 1532 1519 1518
f 1532 1518 1517
f 1533 1534 1535
f 1533 1535 1536
f 1533 1536 1537
f 1533 1537 1538
f 1533 1538 1539
f 1533 1539 1540
f 1533 1540 1541
f 1533 1541 1542
f 1533 1542 1543
f 1533 1543 1544
f 1533 1544 1545
f 1533 1545 1546
f 1533 1546 1547
f 1533 1547 1548
f 1517 1518 1534
f 1517 1534 1533
f 1518 1519 1535
f 1518 1535 1534
f 1519 1520 1536
f 1519 1536 1535
f 1520 1521 1537
f 1520 1537 1536
f 1521 1522 1538
f 1521 1538 1537
f 1522 1523 1539
f 1522 1539 1538
f 1523 1524 1540
f 1523 1540 1539
f 1524 1525 1541
f 1524 1541 1540
f 1525 1526 1542
f 1525 1542 1541
f 1526 1527 1543
f 1526 1543 1542
f 1527 1528 1544
f 1527 1544 1543
f 1528 1529 1545
f 1528 1545 1544
f 1529 1530 1546
f 1529 1546 1545
f 1530 1531 1547
f 1530 1547 1546
f 1531 1532 1548
f 1531 1548 1547
f 1532 1517 1533
f 1532 1533 1548
o left_sprocket
usemtl Tracks
s off
v -1.070000 0.648508 -1.913568
v -1.070000 0.642136 -1.865169
v -1.070000 0.623454 -1.820068
v -1.070000 0.593737 -1.781339
v -1.070000 0.555008 -1.751621
v -1.070000 0.509907 -1.732940
v -1.070000 0.461508 -1.726568
v -1.070000 0.413108 -1.732940
v -1.070000 0.368008 -1.751621
v -1.070000 0.329279 -1.781339
v -1.070000 0.299561 -1.820068
v -1.070000 0.280879 -1.865169
v -1.070000 0.274508 -1.913568
v -1.070000 0.280879 -1.961967
v -1.070000 0.299561 -2.007068
v -1.070000 0.329279 -2.045797
v -1.070000 0.368008 -2.075515
v -1.070000 0.413108 -2.094196
v -1.070000 0.461508 -2.100568
v -1.070000 0.509907 -2.094196
v -1.070000 0.555008 -2.075515
v -1.070000 0.593737 -2.045797
v -1.070000 0.623454 -2.007068
v -1.070000 0.642136 -1.961967
v -0.780000 0.648508 -1.913568
v -0.780000 0.642136 -1.865169
v -0.780000 0.623454 -1.820068
v -0.780000 0.593737 -1.781339
v -0.780000 0.555008 -1.751621
v -0.780000 0.509907 -1.732940
v -0.780000 0.461508 -1.726568
v -0.780000 0.413108 -1.732940
v -0.780000 0.368008 -1.751621
v -0.780000 0.329279 -1.781339
v -0.780000 0.299561 -1.820068
v -0.780000 0.280879 -1.865169
v -0.780000 0.274508 -1.913568
v -0.780000 0.280879 -1.961967
v -0.780000 0.299561 -2.007068
v -0.780000 0.329279 -2.045797
v -0.780000 0.368008 -2.075515
v -0.780000 0.413108 -2.094196
v -0.780000 0.461508 -2.100568
v -0.780000 0.509907 -2.094196
v -0.780000 0.555008 -2.075515
v -0.780000 0.593737 -2.045797
v -0.780000 0.623454 -2.007068
v -0.780000 0.642136 -1.961967
f 1572 1571 1570
f 1572 1570 1569
f 1572 1569 1568
f 1572 1568 1567
f 1572 1567 1566
f 1572 1566 1565
f 1572 1565 1564
f 1572 1564 1563
f 1572 1563 1562
f 1572 1562 1561
f 1572 1561 1560
f 1572 1560 1559
f 1572 1559 1558
f 1572 1558 1557
f 1572 1557 1556
f 1572 1556 1555
f 1572 1555 1554
f 1572 1554 1553
f 1572 1553 1552
f 1572 1552 1551
f 1572 1551 1550
f 1572 1550 1549
f 1573 1574 1575
f 1573 1575 1576
f 1573 1576 1577
f 1573 1577 1578
f 1573 1578 1579
f 1573 1579 1580
f 1573 1580 1581
f 1573 1581 1582
f 1573 1582 1583
f 1573 1583 1584
f 1573 1584 1585
f 1573 1585 1586
f 1573 1586 1587
f 1573 1587 1588
f 1573 1588 1589
f 1573 1589 1590
f 1573 1590 1591
f 1573 1591 1592
f 1573 1592 1593
f 1573 1593 1594
f 1573 1594 1595
f 1573 1595 1596
f 1549 1550 1574
f 1549 1574 1573
f 1550 1551 1575
f 1550 1575 1574
f 1551 1552 1576
f 1551 1576 1575
f 1552 1553 1577
f 1552 1577 1576
f 1553 1554 1578
f 1553 1578 1577
f 1554 1555 1579
f 1554 1579 1578
f 1555 1556 1580
f 1555 1580 1579
f 1556 1557 1581
f 1556 1581 1580
f 1557 1558 1582
f 1557 1582 1581
f 1558 1559 1583
f 1558 1583 1582
f 1559 1560 1584
f 1559 1584 1583
f 1560 1561 1585
f 1560 1585 1584
f 1561 1562 1586
f 1561 1586 1585
f 1562 1563 1587
f 1562 1587 1586
f 1563 1564 1588
f 1563 1588 1587
f 1564 1565 1589
f 1564 1589 1588
f 1565 1566 1590
f 1565 1590 1589
f 1566 1567 1591
f 1566 1591 1590
f 1567 1568 1592
f 1567 1592 1591
f 1568 1569 1593
f 1568 1593 1592
f 1569 1570 1594
f 1569 1594 1593
f 1570 1571 1595
f 1570 1595 1594
f 1571 1572 1596
f 1571 1596 1595
f 1572 1549 1573
f 1572 1573 1596
o left_sprocket_disc
usemtl Base
s off
v -1.086000 0.606508 -1.913568
v -1.086000 0.601567 -1.876039
v -1.086000 0.587081 -1.841068
v -1.086000 0.564038 -1.811037
v -1.086000 0.534008 -1.787994
v -1.086000 0.499036 -1.773509
v -1.086000 0.461508 -1.768568
v -1.086000 0.423979 -1.773509
v -1.086000 0.389008 -1.787994
v -1.086000 0.358977 -1.811037
v -1.086000 0.335934 -1.841068
v -1.086000 0.321448 -1.876039
v -1.086000 0.316508 -1.913568
v -1.086000 0.321448 -1.951097
v -1.086000 0.335934 -1.986068
v -1.086000 0.358977 -2.016098
v -1.086000 0.389008 -2.039142
v -1.086000 0.423979 -2.053627
v -1.086000 0.461508 -2.058568
v -1.086000 0.499036 -2.053627
v -1.086000 0.534008 -2.039142
v -1.086000 0.564038 -2.016098
v -1.086000 0.587081 -1.986068
v -1.086000 0.601567 -1.951097
v -1.060000 0.606508 -1.913568
v -1.060000 0.601567 -1.876039
v -1.060000 0.587081 -1.841068
v -1.060000 0.564038 -1.811037
v -1.060000 0.534008 -1.787994
v -1.060000 0.499036 -1.773509
v -1.060000 0.461508 -1.768568
v -1.060000 0.423979 -1.773509
v -1.060000 0.389008 -1.787994
v -1.060000 0.358977 -1.811037
v -1.060000 0.335934 -1.841068
v -1.060000 0.321448 -1.876039
v -1.060000 0.316508 -1.913568
v -1.060000 0.321448 -1.951097
v -1.060000 0.335934 -1.986068
v -1.060000 0.358977 -2.016098
v -1.060000 0.389008 -2.039142
v -1.060000 0.423979 -2.053627
v -1.060000 0.461508 -2.058568
v -1.060000 0.499036 -2.053627
v -1.060000 0.534008 -2.039142
v -1.060000 0.564038 -2.016098
v -1.060000 0.587081 -1.986068
v -1.060000 0.601567 -1.951097
f 1620 1619 1618
f 1620 1618 1617
f 1620 1617 1616
f 1620 1616 1615
f 1620 1615 1614
f 1620 1614 1613
f 1620 1613 1612
f 1620 1612 1611
f 1620 1611 1610
f 1620 1610 1609
f 1620 1609 1608
f 1620 1608 1607
f 1620 1607 1606
f 1620 1606 1605
f 1620 1605 1604
f 1620 1604 1603
f 1620 1603 1602
f 1620 1602 1601
f 1620 1601 1600
f 1620 1600 1599
f 1620 1599 1598
f 1620 1598 1597
f 1621 1622 1623
f 1621 1623 1624
f 1621 1624 1625
f 1621 1625 1626
f 1621 1626 1627
f 1621 1627 1628
f 1621 1628 1629
f 1621 1629 1630
f 1621 1630 1631
f 1621 1631 1632
f 1621 1632 1633
f 1621 1633 1634
f 1621 1634 1635
f 1621 1635 1636
f 1621 1636 1637
f 1621 1637 1638
f 1621 1638 1639
f 1621 1639 1640
f 1621 1640 1641
f 1621 1641 1642
f 1621 1642 1643
f 1621 1643 1644
f 1597 1598 1622
f 1597 1622 1621
f 1598 1599 1623
f 1598 1623 1622
f 1599 1600 1624
f 1599 1624 1623
f 1600 1601 1625
f 1600 1625 1624
f 1601 1602 1626
f 1601 1626 1625
f 1602 1603 1627
f 1602 1627 1626
f 1603 1604 1628
f 1603 1628 1627
f 1604 1605 1629
f 1604 1629 1628
f 1605 1606 1630
f 1605 1630 1629
f 1606 1607 1631
f 1606 1631 1630
f 1607 1608 1632
f 1607 1632 1631
f 1608 1609 1633
f 1608 1633 1632
f 1609 1610 1634
f 1609 1634 1633
f 1610 1611 1635
f 1610 1635 1634
f 1611 1612 1636
f 1611 1636 1635
f 1612 1613 1637
f 1612 1637 1636
f 1613 1614 1638
f 1613 1638 1637
f 1614 1615 1639
f 1614 1639 1638
f 1615 1616 1640
f 1615 1640 1639
f 1616 1617 1641
f 1616 1641 1640
f 1617 1618 1642
f 1617 1642 1641
f 1618 1619 1643
f 1618 1643 1642
f 1619 1620 1644
f 1619 1644 1643
f 1620 1597 1621
f 1620 1621 1644
o left_sprocket_hub
usemtl Base
s off
v -1.108000 0.526508 -1.913568
v -1.108000 0.521560 -1.888693
v -1.108000 0.507469 -1.867606
v -1.108000 0.486382 -1.853516
v -1.108000 0.461508 -1.848568
v -1.108000 0.436633 -1.853516
v -1.108000 0.415546 -1.867606
v -1.108000 0.401455 -1.888693
v -1.108000 0.396508 -1.913568
v -1.108000 0.401455 -1.938442
v -1.108000 0.415546 -1.959530
v -1.108000 0.436633 -1.973620
v -1.108000 0.461508 -1.978568
v -1.108000 0.486382 -1.973620
v -1.108000 0.507469 -1.959530
v -1.108000 0.521560 -1.938442
v -1.082000 0.526508 -1.913568
v -1.082000 0.521560 -1.888693
v -1.082000 0.507469 -1.867606
v -1.082000 0.486382 -1.853516
v -1.082000 0.461508 -1.848568
v -1.082000 0.436633 -1.853516
v -1.082000 0.415546 -1.867606
v -1.082000 0.401455 -1.888693
v -1.082000 0.396508 -1.913568
v -1.082000 0.401455 -1.938442
v -1.082000 0.415546 -1.959530
v -1.082000 0.436633 -1.973620
v -1.082000 0.461508 -1.978568
v -1.082000 0.486382 -1.973620
v -1.082000 0.507469 -1.959530
v -1.082000 0.521560 -1.938442
f 1660 1659 1658
f 1660 1658 1657
f 1660 1657 1656
f 1660 1656 1655
f 1660 1655 1654
f 1660 1654 1653
f 1660 1653 1652
f 1660 1652 1651
f 1660 1651 1650
f 1660 1650 1649
f 1660 1649 1648
f 1660 1648 1647
f 1660 1647 1646
f 1660 1646 1645
f 1661 1662 1663
f 1661 1663 1664
f 1661 1664 1665
f 1661 1665 1666
f 1661 1666 1667
f 1661 1667 1668
f 1661 1668 1669
f 1661 1669 1670
f 1661 1670 1671
f 1661 1671 1672
f 1661 1672 1673
f 1661 1673 1674
f 1661 1674 1675
f 1661 1675 1676
f 1645 1646 1662
f 1645 1662 1661
f 1646 1647 1663
f 1646 1663 1662
f 1647 1648 1664
f 1647 1664 1663
f 1648 1649 1665
f 1648 1665 1664
f 1649 1650 1666
f 1649 1666 1665
f 1650 1651 1667
f 1650 1667 1666
f 1651 1652 1668
f 1651 1668 1667
f 1652 1653 1669
f 1652 1669 1668
f 1653 1654 1670
f 1653 1670 1669
f 1654 1655 1671
f 1654 1671 1670
f 1655 1656 1672
f 1655 1672 1671
f 1656 1657 1673
f 1656 1673 1672
f 1657 1658 1674
f 1657 1674 1673
f 1658 1659 1675
f 1658 1675 1674
f 1659 1660 1676
f 1659 1676 1675
f 1660 1645 1661
f 1660 1661 1676
o left_skirt_0
usemtl Base
s off
v -1.060000 0.529045 1.931578
v -1.060000 0.709146 1.636663
v -1.060000 0.292663 1.636663
v -1.060000 0.450251 1.931578
v -1.111000 0.529045 1.931578
v -1.111000 0.709146 1.636663
v -1.111000 0.292663 1.636663
v -1.111000 0.450251 1.931578
f 1680 1679 1678
f 1680 1678 1677
f 1681 1682 1683
f 1681 1683 1684
f 1677 1678 1682
f 1677 1682 1681
f 1678 1679 1683
f 1678 1683 1682
f 1679 1680 1684
f 1679 1684 1683
f 1680 1677 1681
f 1680 1681 1684
o left_skirt_1
usemtl Base
s off
v -1.060000 0.709146 1.627658
v -1.060000 0.720402 1.051337
v -1.060000 0.281407 1.051337
v -1.060000 0.292663 1.627658
v -1.111000 0.709146 1.627658
v -1.111000 0.720402 1.051337
v -1.111000 0.281407 1.051337
v -1.111000 0.292663 1.627658
f 1688 1687 1686
f 1688 1686 1685
f 1689 1690 1691
f 1689 1691 1692
f 1685 1686 1690
f 1685 1690 1689
f 1686 1687 1691
f 1686 1691 1690
f 1687 1688 1692
f 1687 1692 1691
f 1688 1685 1689
f 1688 1689 1692
o left_skirt_2
usemtl Base
s off
v -1.060000 0.720402 1.042332
v -1.060000 0.720402 0.409729
v -1.060000 0.281407 0.409729
v -1.060000 0.281407 1.042332
v -1.111000 0.720402 1.042332
v -1.111000 0.720402 0.409729
v -1.111000 0.281407 0.409729
v -1.111000 0.281407 1.042332
f 1696 1695 1694
f 1696 1694 1693
f 1697 1698 1699
f 1697 1699 1700
f 1693 1694 1698
f 1693 1698 1697
f 1694 1695 1699
f 1694 1699 1698
f 1695 1696 1700
f 1695 1700 1699
f 1696 1693 1697
f 1696 1697 1700
o left_skirt_3
usemtl Base
s off
v -1.060000 0.720402 0.400724
v -1.060000 0.731658 -0.276905
v -1.060000 0.281407 -0.276905
v -1.060000 0.281407 0.400724
v -1.111000 0.720402 0.400724
v -1.111000 0.731658 -0.276905
v -1.111000 0.281407 -0.276905
v -1.111000 0.281407 0.400724
f 1704 1703 1702
f 1704 1702 1701
f 1705 1706 1707
f 1705 1707 1708
f 1701 1702 1706
f 1701 1706 1705
f 1702 1703 1707
f 1702 1707 1706
f 1703 1704 1708
f 1703 1708 1707
f 1704 1701 1705
f 1704 1705 1708
o left_skirt_4
usemtl Base
s off
v -1.060000 0.731658 -0.285910
v -1.060000 0.742915 -0.929769
v -1.060000 0.281407 -0.929769
v -1.060000 0.281407 -0.285910
v -1.111000 0.731658 -0.285910
v -1.111000 0.742915 -0.929769
v -1.111000 0.281407 -0.929769
v -1.111000 0.281407 -0.285910
f 1712 1711 1710
f 1712 1710 1709
f 1713 1714 1715
f 1713 1715 1716
f 1709 1710 1714
f 1709 1714 1713
f 1710 1711 1715
f 1710 1715 1714
f 1711 1712 1716
f 1711 1716 1715
f 1712 1709 1713
f 1712 1713 1716
o left_skirt_5
usemtl Base
s off
v -1.060000 0.742915 -0.938774
v -1.060000 0.754171 -1.571377
v -1.060000 0.292663 -1.571377
v -1.060000 0.281407 -0.938774
v -1.111000 0.742915 -0.938774
v -1.111000 0.754171 -1.571377
v -1.111000 0.292663 -1.571377
v -1.111000 0.281407 -0.938774
f 1720 1719 1718
f 1720 1718 1717
f 1721 1722 1723
f 1721 1723 1724
f 1717 1718 1722
f 1717 1722 1721
f 1718 1719 1723
f 1718 1723 1722
f 1719 1720 1724
f 1719 1724 1723
f 1720 1717 1721
f 1720 1721 1724
o left_skirt_6
usemtl Base
s off
v -1.060000 0.754171 -1.580382
v -1.060000 0.765427 -2.212985
v -1.060000 0.630352 -2.212985
v -1.060000 0.292663 -1.580382
v -1.111000 0.754171 -1.580382
v -1.111000 0.765427 -2.212985
v -1.111000 0.630352 -2.212985
v -1.111000 0.292663 -1.580382
f 1728 1727 1726
f 1728 1726 1725
f 1729 1730 1731
f 1729 1731 1732
f 1725 1726 1730
f 1725 1730 1729
f 1726 1727 1731
f 1726 1731 1730
f 1727 1728 1732
f 1727 1732 1731
f 1728 1725 1729
f 1728 1729 1732
o left_rear_drum
usemtl HullFittings
s off
v -0.720000 1.028709 -2.656482
v -0.720000 1.021655 -2.602907
v -0.720000 1.000976 -2.552982
v -0.720000 0.968080 -2.510111
v -0.720000 0.925209 -2.477215
v -0.720000 0.875284 -2.456536
v -0.720000 0.821709 -2.449482
v -0.720000 0.768133 -2.456536
v -0.720000 0.718209 -2.477215
v -0.720000 0.675337 -2.510111
v -0.720000 0.642441 -2.552982
v -0.720000 0.621762 -2.602907
v -0.720000 0.614709 -2.656482
v -0.720000 0.621762 -2.710058
v -0.720000 0.642441 -2.759982
v -0.720000 0.675337 -2.802854
v -0.720000 0.718209 -2.835750
v -0.720000 0.768133 -2.856429
v -0.720000 0.821709 -2.863482
v -0.720000 0.875284 -2.856429
v -0.720000 0.925209 -2.835750
v -0.720000 0.968080 -2.802854
v -0.720000 1.000976 -2.759982
v -0.720000 1.021655 -2.710058
v -0.220000 1.028709 -2.656482
v -0.220000 1.021655 -2.602907
v -0.220000 1.000976 -2.552982
v -0.220000 0.968080 -2.510111
v -0.220000 0.925209 -2.477215
v -0.220000 0.875284 -2.456536
v -0.220000 0.821709 -2.449482
v -0.220000 0.768133 -2.456536
v -0.220000 0.718209 -2.477215
v -0.220000 0.675337 -2.510111
v -0.220000 0.642441 -2.552982
v -0.220000 0.621762 -2.602907
v -0.220000 0.614709 -2.656482
v -0.220000 0.621762 -2.710058
v -0.220000 0.642441 -2.759982
v -0.220000 0.675337 -2.802854
v -0.220000 0.718209 -2.835750
v -0.220000 0.768133 -2.856429
v -0.220000 0.821709 -2.863482
v -0.220000 0.875284 -2.856429
v -0.220000 0.925209 -2.835750
v -0.220000 0.968080 -2.802854
v -0.220000 1.000976 -2.759982
v -0.220000 1.021655 -2.710058
f 1756 1755 1754
f 1756 1754 1753
f 1756 1753 1752
f 1756 1752 1751
f 1756 1751 1750
f 1756 1750 1749
f 1756 1749 1748
f 1756 1748 1747
f 1756 1747 1746
f 1756 1746 1745
f 1756 1745 1744
f 1756 1744 1743
f 1756 1743 1742
f 1756 1742 1741
f 1756 1741 1740
f 1756 1740 1739
f 1756 1739 1738
f 1756 1738 1737
f 1756 1737 1736
f 1756 1736 1735
f 1756 1735 1734
f 1756 1734 1733
f 1757 1758 1759
f 1757 1759 1760
f 1757 1760 1761
f 1757 1761 1762
f 1757 1762 1763
f 1757 1763 1764
f 1757 1764 1765
f 1757 1765 1766
f 1757 1766 1767
f 1757 1767 1768
f 1757 1768 1769
f 1757 1769 1770
f 1757 1770 1771
f 1757 1771 1772
f 1757 1772 1773
f 1757 1773 1774
f 1757 1774 1775
f 1757 1775 1776
f 1757 1776 1777
f 1757 1777 1778
f 1757 1778 1779
f 1757 1779 1780
f 1733 1734 1758
f 1733 1758 1757
f 1734 1735 1759
f 1734 1759 1758
f 1735 1736 1760
f 1735 1760 1759
f 1736 1737 1761
f 1736 1761 1760
f 1737 1738 1762
f 1737 1762 1761
f 1738 1739 1763
f 1738 1763 1762
f 1739 1740 1764
f 1739 1764 1763
f 1740 1741 1765
f 1740 1765 1764
f 1741 1742 1766
f 1741 1766 1765
f 1742 1743 1767
f 1742 1767 1766
f 1743 1744 1768
f 1743 1768 1767
f 1744 1745 1769
f 1744 1769 1768
f 1745 1746 1770
f 1745 1770 1769
f 1746 1747 1771
f 1746 1771 1770
f 1747 1748 1772
f 1747 1772 1771
f 1748 1749 1773
f 1748 1773 1772
f 1749 1750 1774
f 1749 1774 1773
f 1750 1751 1775
f 1750 1775 1774
f 1751 1752 1776
f 1751 1776 1775
f 1752 1753 1777
f 1752 1777 1776
f 1753 1754 1778
f 1753 1778 1777
f 1754 1755 1779
f 1754 1779 1778
f 1755 1756 1780
f 1755 1780 1779
f 1756 1733 1757
f 1756 1757 1780
o left_drum_band_-0.34
usemtl Tracks
s off
v -0.357500 1.038709 -2.656482
v -0.357500 1.031314 -2.600319
v -0.357500 1.009636 -2.547982
v -0.357500 0.975151 -2.503040
v -0.357500 0.930209 -2.468555
v -0.357500 0.877872 -2.446877
v -0.357500 0.821709 -2.439482
v -0.357500 0.765545 -2.446877
v -0.357500 0.713209 -2.468555
v -0.357500 0.668266 -2.503040
v -0.357500 0.633781 -2.547982
v -0.357500 0.612103 -2.600319
v -0.357500 0.604709 -2.656482
v -0.357500 0.612103 -2.712646
v -0.357500 0.633781 -2.764982
v -0.357500 0.668266 -2.809925
v -0.357500 0.713209 -2.844410
v -0.357500 0.765545 -2.866088
v -0.357500 0.821709 -2.873482
v -0.357500 0.877872 -2.866088
v -0.357500 0.930209 -2.844410
v -0.357500 0.975151 -2.809925
v -0.357500 1.009636 -2.764982
v -0.357500 1.031314 -2.712646
v -0.322500 1.038709 -2.656482
v -0.322500 1.031314 -2.600319
v -0.322500 1.009636 -2.547982
v -0.322500 0.975151 -2.503040
v -0.322500 0.930209 -2.468555
v -0.322500 0.877872 -2.446877
v -0.322500 0.821709 -2.439482
v -0.322500 0.765545 -2.446877
v -0.322500 0.713209 -2.468555
v -0.322500 0.668266 -2.503040
v -0.322500 0.633781 -2.547982
v -0.322500 0.612103 -2.600319
v -0.322500 0.604709 -2.656482
v -0.322500 0.612103 -2.712646
v -0.322500 0.633781 -2.764982
v -0.322500 0.668266 -2.809925
v -0.322500 0.713209 -2.844410
v -0.322500 0.765545 -2.866088
v -0.322500 0.821709 -2.873482
v -0.322500 0.877872 -2.866088
v -0.322500 0.930209 -2.844410
v -0.322500 0.975151 -2.809925
v -0.322500 1.009636 -2.764982
v -0.322500 1.031314 -2.712646
f 1804 1803 1802
f 1804 1802 1801
f 1804 1801 1800
f 1804 1800 1799
f 1804 1799 1798
f 1804 1798 1797
f 1804 1797 1796
f 1804 1796 1795
f 1804 1795 1794
f 1804 1794 1793
f 1804 1793 1792
f 1804 1792 1791
f 1804 1791 1790
f 1804 1790 1789
f 1804 1789 1788
f 1804 1788 1787
f 1804 1787 1786
f 1804 1786 1785
f 1804 1785 1784
f 1804 1784 1783
f 1804 1783 1782
f 1804 1782 1781
f 1805 1806 1807
f 1805 1807 1808
f 1805 1808 1809
f 1805 1809 1810
f 1805 1810 1811
f 1805 1811 1812
f 1805 1812 1813
f 1805 1813 1814
f 1805 1814 1815
f 1805 1815 1816
f 1805 1816 1817
f 1805 1817 1818
f 1805 1818 1819
f 1805 1819 1820
f 1805 1820 1821
f 1805 1821 1822
f 1805 1822 1823
f 1805 1823 1824
f 1805 1824 1825
f 1805 1825 1826
f 1805 1826 1827
f 1805 1827 1828
f 1781 1782 1806
f 1781 1806 1805
f 1782 1783 1807
f 1782 1807 1806
f 1783 1784 1808
f 1783 1808 1807
f 1784 1785 1809
f 1784 1809 1808
f 1785 1786 1810
f 1785 1810 1809
f 1786 1787 1811
f 1786 1811 1810
f 1787 1788 1812
f 1787 1812 1811
f 1788 1789 1813
f 1788 1813 1812
f 1789 1790 1814
f 1789 1814 1813
f 1790 1791 1815
f 1790 1815 1814
f 1791 1792 1816
f 1791 1816 1815
f 1792 1793 1817
f 1792 1817 1816
f 1793 1794 1818
f 1793 1818 1817
f 1794 1795 1819
f 1794 1819 1818
f 1795 1796 1820
f 1795 1820 1819
f 1796 1797 1821
f 1796 1821 1820
f 1797 1798 1822
f 1797 1822 1821
f 1798 1799 1823
f 1798 1823 1822
f 1799 1800 1824
f 1799 1824 1823
f 1800 1801 1825
f 1800 1825 1824
f 1801 1802 1826
f 1801 1826 1825
f 1802 1803 1827
f 1802 1827 1826
f 1803 1804 1828
f 1803 1828 1827
f 1804 1781 1805
f 1804 1805 1828
o left_drum_buckle_-0.34
usemtl HullFittings
s off
v -0.373000 0.766709 -2.885482
v -0.307000 0.766709 -2.885482
v -0.307000 0.766709 -2.870482
v -0.373000 0.766709 -2.870482
v -0.373000 0.876709 -2.885482
v -0.307000 0.876709 -2.885482
v -0.307000 0.876709 -2.870482
v -0.373000 0.876709 -2.870482
f 1829 1830 1831
f 1829 1831 1832
f 1836 1835 1834
f 1836 1834 1833
f 1833 1834 1830
f 1833 1830 1829
f 1834 1835 1831
f 1834 1831 1830
f 1835 1836 1832
f 1835 1832 1831
f 1836 1833 1829
f 1836 1829 1832
o left_drum_band_-0.61
usemtl Tracks
s off
v -0.627500 1.038709 -2.656482
v -0.627500 1.031314 -2.600319
v -0.627500 1.009636 -2.547982
v -0.627500 0.975151 -2.503040
v -0.627500 0.930209 -2.468555
v -0.627500 0.877872 -2.446877
v -0.627500 0.821709 -2.439482
v -0.627500 0.765545 -2.446877
v -0.627500 0.713209 -2.468555
v -0.627500 0.668266 -2.503040
v -0.627500 0.633781 -2.547982
v -0.627500 0.612103 -2.600319
v -0.627500 0.604709 -2.656482
v -0.627500 0.612103 -2.712646
v -0.627500 0.633781 -2.764982
v -0.627500 0.668266 -2.809925
v -0.627500 0.713209 -2.844410
v -0.627500 0.765545 -2.866088
v -0.627500 0.821709 -2.873482
v -0.627500 0.877872 -2.866088
v -0.627500 0.930209 -2.844410
v -0.627500 0.975151 -2.809925
v -0.627500 1.009636 -2.764982
v -0.627500 1.031314 -2.712646
v -0.592500 1.038709 -2.656482
v -0.592500 1.031314 -2.600319
v -0.592500 1.009636 -2.547982
v -0.592500 0.975151 -2.503040
v -0.592500 0.930209 -2.468555
v -0.592500 0.877872 -2.446877
v -0.592500 0.821709 -2.439482
v -0.592500 0.765545 -2.446877
v -0.592500 0.713209 -2.468555
v -0.592500 0.668266 -2.503040
v -0.592500 0.633781 -2.547982
v -0.592500 0.612103 -2.600319
v -0.592500 0.604709 -2.656482
v -0.592500 0.612103 -2.712646
v -0.592500 0.633781 -2.764982
v -0.592500 0.668266 -2.809925
v -0.592500 0.713209 -2.844410
v -0.592500 0.765545 -2.866088
v -0.592500 0.821709 -2.873482
v -0.592500 0.877872 -2.866088
v -0.592500 0.930209 -2.844410
v -0.592500 0.975151 -2.809925
v -0.592500 1.009636 -2.764982
v -0.592500 1.031314 -2.712646
f 1860 1859 1858
f 1860 1858 1857
f 1860 1857 1856
f 1860 1856 1855
f 1860 1855 1854
f 1860 1854 1853
f 1860 1853 1852
f 1860 1852 1851
f 1860 1851 1850
f 1860 1850 1849
f 1860 1849 1848
f 1860 1848 1847
f 1860 1847 1846
f 1860 1846 1845
f 1860 1845 1844
f 1860 1844 1843
f 1860 1843 1842
f 1860 1842 1841
f 1860 1841 1840
f 1860 1840 1839
f 1860 1839 1838
f 1860 1838 1837
f 1861 1862 1863
f 1861 1863 1864
f 1861 1864 1865
f 1861 1865 1866
f 1861 1866 1867
f 1861 1867 1868
f 1861 1868 1869
f 1861 1869 1870
f 1861 1870 1871
f 1861 1871 1872
f 1861 1872 1873
f 1861 1873 1874
f 1861 1874 1875
f 1861 1875 1876
f 1861 1876 1877
f 1861 1877 1878
f 1861 1878 1879
f 1861 1879 1880
f 1861 1880 1881
f 1861 1881 1882
f 1861 1882 1883
f 1861 1883 1884
f 1837 1838 1862
f 1837 1862 1861
f 1838 1839 1863
f 1838 1863 1862
f 1839 1840 1864
f 1839 1864 1863
f 1840 1841 1865
f 1840 1865 1864
f 1841 1842 1866
f 1841 1866 1865
f 1842 1843 1867
f 1842 1867 1866
f 1843 1844 1868
f 1843 1868 1867
f 1844 1845 1869
f 1844 1869 1868
f 1845 1846 1870
f 1845 1870 1869
f 1846 1847 1871
f 1846 1871 1870
f 1847 1848 1872
f 1847 1872 1871
f 1848 1849 1873
f 1848 1873 1872
f 1849 1850 1874
f 1849 1874 1873
f 1850 1851 1875
f 1850 1875 1874
f 1851 1852 1876
f 1851 1876 1875
f 1852 1853 1877
f 1852 1877 1876
f 1853 1854 1878
f 1853 1878 1877
f 1854 1855 1879
f 1854 1879 1878
f 1855 1856 1880
f 1855 1880 1879
f 1856 1857 1881
f 1856 1881 1880
f 1857 1858 1882
f 1857 1882 1881
f 1858 1859 1883
f 1858 1883 1882
f 1859 1860 1884
f 1859 1884 1883
f 1860 1837 1861
f 1860 1861 1884
o left_drum_buckle_-0.61
usemtl HullFittings
s off
v -0.643000 0.766709 -2.885482
v -0.577000 0.766709 -2.885482
v -0.577000 0.766709 -2.870482
v -0.643000 0.766709 -2.870482
v -0.643000 0.876709 -2.885482
v -0.577000 0.876709 -2.885482
v -0.577000 0.876709 -2.870482
v -0.643000 0.876709 -2.870482
f 1885 1886 1887
f 1885 1887 1888
f 1892 1891 1890
f 1892 1890 1889
f 1889 1890 1886
f 1889 1886 1885
f 1890 1891 1887
f 1890 1887 1886
f 1891 1892 1888
f 1891 1888 1887
f 1892 1889 1885
f 1892 1885 1888
o left_drum_mount
usemtl HullFittings
s off
v -0.660000 0.510000 -2.730000
v -0.280000 0.510000 -2.730000
v -0.280000 0.510000 -2.200000
v -0.660000 0.510000 -2.200000
v -0.660000 0.570000 -2.730000
v -0.280000 0.570000 -2.730000
v -0.280000 0.570000 -2.200000
v -0.660000 0.570000 -2.200000
f 1893 1894 1895
f 1893 1895 1896
f 1900 1899 1898
f 1900 1898 1897
f 1897 1898 1894
f 1897 1894 1893
f 1898 1899 1895
f 1898 1895 1894
f 1899 1900 1896
f 1899 1896 1895
f 1900 1897 1893
f 1900 1893 1896
o left_front_fender
usemtl Base
s off
v -1.105000 0.650000 1.670000
v -0.745000 0.650000 1.670000
v -0.745000 0.650000 2.030000
v -1.105000 0.650000 2.030000
v -1.105000 0.690000 1.670000
v -0.745000 0.690000 1.670000
v -0.745000 0.690000 2.030000
v -1.105000 0.690000 2.030000
f 1901 1902 1903
f 1901 1903 1904
f 1908 1907 1906
f 1908 1906 1905
f 1905 1906 1902
f 1905 1902 1901
f 1906 1907 1903
f 1906 1903 1902
f 1907 1908 1904
f 1907 1904 1903
f 1908 1905 1901
f 1908 1901 1904
o left_front_mudflap
usemtl Tracks
s off
v -1.105000 0.470000 1.830000
v -0.745000 0.470000 1.830000
v -0.745000 0.470000 1.870000
v -1.105000 0.470000 1.870000
v -1.105000 0.650000 1.830000
v -0.745000 0.650000 1.830000
v -0.745000 0.650000 1.870000
v -1.105000 0.650000 1.870000
f 1909 1910 1911
f 1909 1911 1912
f 1916 1915 1914
f 1916 1914 1913
f 1913 1914 1910
f 1913 1910 1909
f 1914 1915 1911
f 1914 1911 1910
f 1915 1916 1912
f 1915 1912 1911
f 1916 1913 1909
f 1916 1909 1912
o left_rear_fender
usemtl Base
s off
v -1.105000 0.650000 -2.360000
v -0.745000 0.650000 -2.360000
v -0.745000 0.650000 -2.000000
v -1.105000 0.650000 -2.000000
v -1.105000 0.690000 -2.360000
v -0.745000 0.690000 -2.360000
v -0.745000 0.690000 -2.000000
v -1.105000 0.690000 -2.000000
f 1917 1918 1919
f 1917 1919 1920
f 1924 1923 1922
f 1924 1922 1921
f 1921 1922 1918
f 1921 1918 1917
f 1922 1923 1919
f 1922 1919 1918
f 1923 1924 1920
f 1923 1920 1919
f 1924 1921 1917
f 1924 1917 1920
o left_rear_mudflap
usemtl Tracks
s off
v -1.105000 0.470000 -2.200000
v -0.745000 0.470000 -2.200000
v -0.745000 0.470000 -2.160000
v -1.105000 0.470000 -2.160000
v -1.105000 0.650000 -2.200000
v -0.745000 0.650000 -2.200000
v -0.745000 0.650000 -2.160000
v -1.105000 0.650000 -2.160000
f 1925 1926 1927
f 1925 1927 1928
f 1932 1931 1930
f 1932 1930 1929
f 1929 1930 1926
f 1929 1926 1925
f 1930 1931 1927
f 1930 1927 1926
f 1931 1932 1928
f 1931 1928 1927
f 1932 1929 1925
f 1932 1925 1928
o left_headlight_mount
usemtl Base
s off
v -0.585000 0.630000 1.840000
v -0.435000 0.630000 1.840000
v -0.435000 0.630000 1.940000
v -0.585000 0.630000 1.940000
v -0.585000 0.740000 1.840000
v -0.435000 0.740000 1.840000
v -0.435000 0.740000 1.940000
v -0.585000 0.740000 1.940000
f 1933 1934 1935
f 1933 1935 1936
f 1940 1939 1938
f 1940 1938 1937
f 1937 1938 1934
f 1937 1934 1933
f 1938 1939 1935
f 1938 1935 1934
f 1939 1940 1936
f 1939 1936 1935
f 1940 1937 1933
f 1940 1933 1936
o left_headlight_rim
usemtl Tracks
s off
v -0.461000 0.690000 1.941000
v -0.464730 0.708751 1.941000
v -0.475352 0.724648 1.941000
v -0.491249 0.735270 1.941000
v -0.510000 0.739000 1.941000
v -0.528751 0.735270 1.941000
v -0.544648 0.724648 1.941000
v -0.555270 0.708751 1.941000
v -0.559000 0.690000 1.941000
v -0.555270 0.671249 1.941000
v -0.544648 0.655352 1.941000
v -0.528751 0.644730 1.941000
v -0.510000 0.641000 1.941000
v -0.491249 0.644730 1.941000
v -0.475352 0.655352 1.941000
v -0.464730 0.671249 1.941000
v -0.461000 0.690000 1.979000
v -0.464730 0.708751 1.979000
v -0.475352 0.724648 1.979000
v -0.491249 0.735270 1.979000
v -0.510000 0.739000 1.979000
v -0.528751 0.735270 1.979000
v -0.544648 0.724648 1.979000
v -0.555270 0.708751 1.979000
v -0.559000 0.690000 1.979000
v -0.555270 0.671249 1.979000
v -0.544648 0.655352 1.979000
v -0.528751 0.644730 1.979000
v -0.510000 0.641000 1.979000
v -0.491249 0.644730 1.979000
v -0.475352 0.655352 1.979000
v -0.464730 0.671249 1.979000
f 1956 1955 1954
f 1956 1954 1953
f 1956 1953 1952
f 1956 1952 1951
f 1956 1951 1950
f 1956 1950 1949
f 1956 1949 1948
f 1956 1948 1947
f 1956 1947 1946
f 1956 1946 1945
f 1956 1945 1944
f 1956 1944 1943
f 1956 1943 1942
f 1956 1942 1941
f 1957 1958 1959
f 1957 1959 1960
f 1957 1960 1961
f 1957 1961 1962
f 1957 1962 1963
f 1957 1963 1964
f 1957 1964 1965
f 1957 1965 1966
f 1957 1966 1967
f 1957 1967 1968
f 1957 1968 1969
f 1957 1969 1970
f 1957 1970 1971
f 1957 1971 1972
f 1941 1942 1958
f 1941 1958 1957
f 1942 1943 1959
f 1942 1959 1958
f 1943 1944 1960
f 1943 1960 1959
f 1944 1945 1961
f 1944 1961 1960
f 1945 1946 1962
f 1945 1962 1961
f 1946 1947 1963
f 1946 1963 1962
f 1947 1948 1964
f 1947 1964 1963
f 1948 1949 1965
f 1948 1965 1964
f 1949 1950 1966
f 1949 1966 1965
f 1950 1951 1967
f 1950 1967 1966
f 1951 1952 1968
f 1951 1968 1967
f 1952 1953 1969
f 1952 1969 1968
f 1953 1954 1970
f 1953 1970 1969
f 1954 1955 1971
f 1954 1971 1970
f 1955 1956 1972
f 1955 1972 1971
f 1956 1941 1957
f 1956 1957 1972
o left_headlight_lens
usemtl Base
s off
v -0.474000 0.690000 1.976000
v -0.476740 0.703777 1.976000
v -0.484544 0.715456 1.976000
v -0.496223 0.723260 1.976000
v -0.510000 0.726000 1.976000
v -0.523777 0.723260 1.976000
v -0.535456 0.715456 1.976000
v -0.543260 0.703777 1.976000
v -0.546000 0.690000 1.976000
v -0.543260 0.676223 1.976000
v -0.535456 0.664544 1.976000
v -0.523777 0.656740 1.976000
v -0.510000 0.654000 1.976000
v -0.496223 0.656740 1.976000
v -0.484544 0.664544 1.976000
v -0.476740 0.676223 1.976000
v -0.474000 0.690000 1.988000
v -0.476740 0.703777 1.988000
v -0.484544 0.715456 1.988000
v -0.496223 0.723260 1.988000
v -0.510000 0.726000 1.988000
v -0.523777 0.723260 1.988000
v -0.535456 0.715456 1.988000
v -0.543260 0.703777 1.988000
v -0.546000 0.690000 1.988000
v -0.543260 0.676223 1.988000
v -0.535456 0.664544 1.988000
v -0.523777 0.656740 1.988000
v -0.510000 0.654000 1.988000
v -0.496223 0.656740 1.988000
v -0.484544 0.664544 1.988000
v -0.476740 0.676223 1.988000
f 1988 1987 1986
f 1988 1986 1985
f 1988 1985 1984
f 1988 1984 1983
f 1988 1983 1982
f 1988 1982 1981
f 1988 1981 1980
f 1988 1980 1979
f 1988 1979 1978
f 1988 1978 1977
f 1988 1977 1976
f 1988 1976 1975
f 1988 1975 1974
f 1988 1974 1973
f 1989 1990 1991
f 1989 1991 1992
f 1989 1992 1993
f 1989 1993 1994
f 1989 1994 1995
f 1989 1995 1996
f 1989 1996 1997
f 1989 1997 1998
f 1989 1998 1999
f 1989 1999 2000
f 1989 2000 2001
f 1989 2001 2002
f 1989 2002 2003
f 1989 2003 2004
f 1973 1974 1990
f 1973 1990 1989
f 1974 1975 1991
f 1974 1991 1990
f 1975 1976 1992
f 1975 1992 1991
f 1976 1977 1993
f 1976 1993 1992
f 1977 1978 1994
f 1977 1994 1993
f 1978 1979 1995
f 1978 1995 1994
f 1979 1980 1996
f 1979 1996 1995
f 1980 1981 1997
f 1980 1997 1996
f 1981 1982 1998
f 1981 1998 1997
f 1982 1983 1999
f 1982 1999 1998
f 1983 1984 2000
f 1983 2000 1999
f 1984 1985 2001
f 1984 2001 2000
f 1985 1986 2002
f 1985 2002 2001
f 1986 1987 2003
f 1986 2003 2002
f 1987 1988 2004
f 1987 2004 2003
f 1988 1973 1989
f 1988 1989 2004
o left_front_tow_lug
usemtl Base
s off
v -0.550000 0.400000 1.850000
v -0.470000 0.400000 1.850000
v -0.470000 0.400000 1.990000
v -0.550000 0.400000 1.990000
v -0.550000 0.490000 1.850000
v -0.470000 0.490000 1.850000
v -0.470000 0.490000 1.990000
v -0.550000 0.490000 1.990000
f 2005 2006 2007
f 2005 2007 2008
f 2012 2011 2010
f 2012 2010 2009
f 2009 2010 2006
f 2009 2006 2005
f 2010 2011 2007
f 2010 2007 2006
f 2011 2012 2008
f 2011 2008 2007
f 2012 2009 2005
f 2012 2005 2008
o left_tow_eye
usemtl Tracks
s off
v -0.483000 0.460000 1.995000
v -0.486617 0.473500 1.995000
v -0.496500 0.483383 1.995000
v -0.510000 0.487000 1.995000
v -0.523500 0.483383 1.995000
v -0.533383 0.473500 1.995000
v -0.537000 0.460000 1.995000
v -0.533383 0.446500 1.995000
v -0.523500 0.436617 1.995000
v -0.510000 0.433000 1.995000
v -0.496500 0.436617 1.995000
v -0.486617 0.446500 1.995000
v -0.483000 0.460000 2.007000
v -0.486617 0.473500 2.007000
v -0.496500 0.483383 2.007000
v -0.510000 0.487000 2.007000
v -0.523500 0.483383 2.007000
v -0.533383 0.473500 2.007000
v -0.537000 0.460000 2.007000
v -0.533383 0.446500 2.007000
v -0.523500 0.436617 2.007000
v -0.510000 0.433000 2.007000
v -0.496500 0.436617 2.007000
v -0.486617 0.446500 2.007000
f 2024 2023 2022
f 2024 2022 2021
f 2024 2021 2020
f 2024 2020 2019
f 2024 2019 2018
f 2024 2018 2017
f 2024 2017 2016
f 2024 2016 2015
f 2024 2015 2014
f 2024 2014 2013
f 2025 2026 2027
f 2025 2027 2028
f 2025 2028 2029
f 2025 2029 2030
f 2025 2030 2031
f 2025 2031 2032
f 2025 2032 2033
f 2025 2033 2034
f 2025 2034 2035
f 2025 2035 2036
f 2013 2014 2026
f 2013 2026 2025
f 2014 2015 2027
f 2014 2027 2026
f 2015 2016 2028
f 2015 2028 2027
f 2016 2017 2029
f 2016 2029 2028
f 2017 2018 2030
f 2017 2030 2029
f 2018 2019 2031
f 2018 2031 2030
f 2019 2020 2032
f 2019 2032 2031
f 2020 2021 2033
f 2020 2033 2032
f 2021 2022 2034
f 2021 2034 2033
f 2022 2023 2035
f 2022 2035 2034
f 2023 2024 2036
f 2023 2036 2035
f 2024 2013 2025
f 2024 2025 2036
o left_tail_light_housing
usemtl HullFittings
s off
v -1.030000 0.640000 -2.430000
v -0.770000 0.640000 -2.430000
v -0.770000 0.640000 -2.340000
v -1.030000 0.640000 -2.340000
v -1.030000 0.790000 -2.430000
v -0.770000 0.790000 -2.430000
v -0.770000 0.790000 -2.340000
v -1.030000 0.790000 -2.340000
f 2037 2038 2039
f 2037 2039 2040
f 2044 2043 2042
f 2044 2042 2041
f 2041 2042 2038
f 2041 2038 2037
f 2042 2043 2039
f 2042 2039 2038
f 2043 2044 2040
f 2043 2040 2039
f 2044 2041 2037
f 2044 2037 2040
o left_tail_lens_-0.065
usemtl Tracks
s off
v -1.011000 0.675000 -2.448000
v -0.919000 0.675000 -2.448000
v -0.919000 0.675000 -2.430000
v -1.011000 0.675000 -2.430000
v -1.011000 0.742000 -2.448000
v -0.919000 0.742000 -2.448000
v -0.919000 0.742000 -2.430000
v -1.011000 0.742000 -2.430000
f 2045 2046 2047
f 2045 2047 2048
f 2052 2051 2050
f 2052 2050 2049
f 2049 2050 2046
f 2049 2046 2045
f 2050 2051 2047
f 2050 2047 2046
f 2051 2052 2048
f 2051 2048 2047
f 2052 2049 2045
f 2052 2045 2048
o left_tail_lens_0.065
usemtl Tracks
s off
v -0.881000 0.675000 -2.448000
v -0.789000 0.675000 -2.448000
v -0.789000 0.675000 -2.430000
v -0.881000 0.675000 -2.430000
v -0.881000 0.742000 -2.448000
v -0.789000 0.742000 -2.448000
v -0.789000 0.742000 -2.430000
v -0.881000 0.742000 -2.430000
f 2053 2054 2055
f 2053 2055 2056
f 2060 2059 2058
f 2060 2058 2057
f 2057 2058 2054
f 2057 2054 2053
f 2058 2059 2055
f 2058 2055 2054
f 2059 2060 2056
f 2059 2056 2055
f 2060 2057 2053
f 2060 2053 2056
o right_track_belt
usemtl Tracks
s off
v 0.765000 0.461508 -2.139568
v 0.765000 0.403014 -2.131867
v 0.765000 0.348508 -2.109290
v 0.765000 0.301701 -2.073374
v 0.765000 0.265786 -2.026568
v 0.765000 0.043252 -1.583060
v 0.765000 0.017078 -1.519871
v 0.765000 0.008151 -1.452060
v 0.765000 0.008151 1.283216
v 0.765000 0.017078 1.351027
v 0.765000 0.231952 1.870754
v 0.765000 0.254530 1.925261
v 0.765000 0.290445 1.972067
v 0.765000 0.337251 2.007983
v 0.765000 0.391758 2.030561
v 0.765000 0.450251 2.038261
v 0.765000 0.508744 2.030561
v 0.765000 0.563251 2.007983
v 0.765000 0.610057 1.972067
v 0.765000 0.645973 1.925261
v 0.765000 0.668550 1.870754
v 0.765000 0.676251 1.812261
v 0.765000 0.687508 -1.913568
v 0.765000 0.679807 -1.972061
v 0.765000 0.657229 -2.026568
v 0.765000 0.621314 -2.073374
v 0.765000 0.574508 -2.109290
v 0.765000 0.520001 -2.131867
v 1.085000 0.461508 -2.139568
v 1.085000 0.403014 -2.131867
v 1.085000 0.348508 -2.109290
v 1.085000 0.301701 -2.073374
v 1.085000 0.265786 -2.026568
v 1.085000 0.043252 -1.583060
v 1.085000 0.017078 -1.519871
v 1.085000 0.008151 -1.452060
v 1.085000 0.008151 1.283216
v 1.085000 0.017078 1.351027
v 1.085000 0.231952 1.870754
v 1.085000 0.254530 1.925261
v 1.085000 0.290445 1.972067
v 1.085000 0.337251 2.007983
v 1.085000 0.391758 2.030561
v 1.085000 0.450251 2.038261
v 1.085000 0.508744 2.030561
v 1.085000 0.563251 2.007983
v 1.085000 0.610057 1.972067
v 1.085000 0.645973 1.925261
v 1.085000 0.668550 1.870754
v 1.085000 0.676251 1.812261
v 1.085000 0.687508 -1.913568
v 1.085000 0.679807 -1.972061
v 1.085000 0.657229 -2.026568
v 1.085000 0.621314 -2.073374
v 1.085000 0.574508 -2.109290
v 1.085000 0.520001 -2.131867
v 0.765000 0.461508 -2.101568
v 0.765000 0.412850 -2.095162
v 0.765000 0.367508 -2.076381
v 0.765000 0.328571 -2.046504
v 0.765000 0.297986 -2.006390
v 0.765000 0.077811 -1.567258
v 0.765000 0.053783 -1.510036
v 0.765000 0.046069 -1.449575
v 0.765000 0.046069 1.280731
v 0.765000 0.053787 1.341204
v 0.765000 0.267064 1.856224
v 0.765000 0.287438 1.906261
v 0.765000 0.317315 1.945197
v 0.765000 0.356251 1.975074
v 0.765000 0.401593 1.993855
v 0.765000 0.450251 2.000261
v 0.765000 0.498909 1.993855
v 0.765000 0.544251 1.975074
v 0.765000 0.583187 1.945197
v 0.765000 0.613064 1.906261
v 0.765000 0.631845 1.860919
v 0.765000 0.638336 1.809719
v 0.765000 0.649585 -1.911140
v 0.765000 0.643102 -1.962226
v 0.765000 0.624320 -2.007568
v 0.765000 0.594444 -2.046504
v 0.765000 0.555508 -2.076381
v 0.765000 0.510166 -2.095162
v 1.085000 0.461508 -2.101568
v 1.085000 0.412850 -2.095162
v 1.085000 0.367508 -2.076381
v 1.085000 0.328571 -2.046504
v 1.085000 0.297986 -2.006390
v 1.085000 0.077811 -1.567258
v 1.085000 0.053783 -1.510036
v 1.085000 0.046069 -1.449575
v 1.085000 0.046069 1.280731
v 1.085000 0.053787 1.341204
v 1.085000 0.267064 1.856224
v 1.085000 0.287438 1.906261
v 1.085000 0.317315 1.945197
v 1.085000 0.356251 1.975074
v 1.085000 0.401593 1.993855
v 1.085000 0.450251 2.000261
v 1.085000 0.498909 1.993855
v 1.085000 0.544251 1.975074
v 1.085000 0.583187 1.945197
v 1.085000 0.613064 1.906261
v 1.085000 0.631845 1.860919
v 1.085000 0.638336 1.809719
v 1.085000 0.649585 -1.911140
v 1.085000 0.643102 -1.962226
v 1.085000 0.624320 -2.007568
v 1.085000 0.594444 -2.046504
v 1.085000 0.555508 -2.076381
v 1.085000 0.510166 -2.095162
f 2089 2090 2062
f 2089 2062 2061
f 2118 2146 2145
f 2118 2145 2117
f 2062 2118 2117
f 2062 2117 2061
f 2145 2146 2090
f 2145 2090 2089
f 2090 2091 2063
f 2090 2063 2062
f 2119 2147 2146
f 2119 2146 2118
f 2063 2119 2118
f 2063 2118 2062
f 2146 2147 2091
f 2146 2091 2090
f 2091 2092 2064
f 2091 2064 2063
f 2120 2148 2147
f 2120 2147 2119
f 2064 2120 2119
f 2064 2119 2063
f 2147 2148 2092
f 2147 2092 2091
f 2092 2093 2065
f 2092 2065 2064
f 2121 2149 2148
f 2121 2148 2120
f 2065 2121 2120
f 2065 2120 2064
f 2148 2149 2093
f 2148 2093 2092
f 2093 2094 2066
f 2093 2066 2065
f 2122 2150 2149
f 2122 2149 2121
f 2066 2122 2121
f 2066 2121 2065
f 2149 2150 2094
f 2149 2094 2093
f 2094 2095 2067
f 2094 2067 2066
f 2123 2151 2150
f 2123 2150 2122
f 2067 2123 2122
f 2067 2122 2066
f 2150 2151 2095
f 2150 2095 2094
f 2095 2096 2068
f 2095 2068 2067
f 2124 2152 2151
f 2124 2151 2123
f 2068 2124 2123
f 2068 2123 2067
f 2151 2152 2096
f 2151 2096 2095
f 2096 2097 2069
f 2096 2069 2068
f 2125 2153 2152
f 2125 2152 2124
f 2069 2125 2124
f 2069 2124 2068
f 2152 2153 2097
f 2152 2097 2096
f 2097 2098 2070
f 2097 2070 2069
f 2126 2154 2153
f 2126 2153 2125
f 2070 2126 2125
f 2070 2125 2069
f 2153 2154 2098
f 2153 2098 2097
f 2098 2099 2071
f 2098 2071 2070
f 2127 2155 2154
f 2127 2154 2126
f 2071 2127 2126
f 2071 2126 2070
f 2154 2155 2099
f 2154 2099 2098
f 2099 2100 2072
f 2099 2072 2071
f 2128 2156 2155
f 2128 2155 2127
f 2072 2128 2127
f 2072 2127 2071
f 2155 2156 2100
f 2155 2100 2099
f 2100 2101 2073
f 2100 2073 2072
f 2129 2157 2156
f 2129 2156 2128
f 2073 2129 2128
f 2073 2128 2072
f 2156 2157 2101
f 2156 2101 2100
f 2101 2102 2074
f 2101 2074 2073
f 2130 2158 2157
f 2130 2157 2129
f 2074 2130 2129
f 2074 2129 2073
f 2157 2158 2102
f 2157 2102 2101
f 2102 2103 2075
f 2102 2075 2074
f 2131 2159 2158
f 2131 2158 2130
f 2075 2131 2130
f 2075 2130 2074
f 2158 2159 2103
f 2158 2103 2102
f 2103 2104 2076
f 2103 2076 2075
f 2132 2160 2159
f 2132 2159 2131
f 2076 2132 2131
f 2076 2131 2075
f 2159 2160 2104
f 2159 2104 2103
f 2104 2105 2077
f 2104 2077 2076
f 2133 2161 2160
f 2133 2160 2132
f 2077 2133 2132
f 2077 2132 2076
f 2160 2161 2105
f 2160 2105 2104
f 2105 2106 2078
f 2105 2078 2077
f 2134 2162 2161
f 2134 2161 2133
f 2078 2134 2133
f 2078 2133 2077
f 2161 2162 2106
f 2161 2106 2105
f 2106 2107 2079
f 2106 2079 2078
f 2135 2163 2162
f 2135 2162 2134
f 2079 2135 2134
f 2079 2134 2078
f 2162 2163 2107
f 2162 2107 2106
f 2107 2108 2080
f 2107 2080 2079
f 2136 2164 2163
f 2136 2163 2135
f 2080 2136 2135
f 2080 2135 2079
f 2163 2164 2108
f 2163 2108 2107
f 2108 2109 2081
f 2108 2081 2080
f 2137 2165 2164
f 2137 2164 2136
f 2081 2137 2136
f 2081 2136 2080
f 2164 2165 2109
f 2164 2109 2108
f 2109 2110 2082
f 2109 2082 2081
f 2138 2166 2165
f 2138 2165 2137
f 2082 2138 2137
f 2082 2137 2081
f 2165 2166 2110
f 2165 2110 2109
f 2110 2111 2083
f 2110 2083 2082
f 2139 2167 2166
f 2139 2166 2138
f 2083 2139 2138
f 2083 2138 2082
f 2166 2167 2111
f 2166 2111 2110
f 2111 2112 2084
f 2111 2084 2083
f 2140 2168 2167
f 2140 2167 2139
f 2084 2140 2139
f 2084 2139 2083
f 2167 2168 2112
f 2167 2112 2111
f 2112 2113 2085
f 2112 2085 2084
f 2141 2169 2168
f 2141 2168 2140
f 2085 2141 2140
f 2085 2140 2084
f 2168 2169 2113
f 2168 2113 2112
f 2113 2114 2086
f 2113 2086 2085
f 2142 2170 2169
f 2142 2169 2141
f 2086 2142 2141
f 2086 2141 2085
f 2169 2170 2114
f 2169 2114 2113
f 2114 2115 2087
f 2114 2087 2086
f 2143 2171 2170
f 2143 2170 2142
f 2087 2143 2142
f 2087 2142 2086
f 2170 2171 2115
f 2170 2115 2114
f 2115 2116 2088
f 2115 2088 2087
f 2144 2172 2171
f 2144 2171 2143
f 2088 2144 2143
f 2088 2143 2087
f 2171 2172 2116
f 2171 2116 2115
f 2116 2089 2061
f 2116 2061 2088
f 2117 2145 2172
f 2117 2172 2144
f 2061 2117 2144
f 2061 2144 2088
f 2172 2145 2089
f 2172 2089 2116
o right_shoe_00
usemtl Tracks
s off
v 0.750000 0.353543 -2.104881
v 1.100000 0.353543 -2.104881
v 1.100000 0.436693 -2.139323
v 0.750000 0.436693 -2.139323
v 0.750000 0.348951 -2.115968
v 1.100000 0.348951 -2.115968
v 1.100000 0.432100 -2.150409
v 0.750000 0.432100 -2.150409
f 2173 2174 2175
f 2173 2175 2176
f 2180 2179 2178
f 2180 2178 2177
f 2173 2177 2178
f 2173 2178 2174
f 2174 2178 2179
f 2174 2179 2175
f 2175 2179 2180
f 2175 2180 2176
f 2176 2180 2177
f 2176 2177 2173
o right_shoe_01
usemtl Tracks
s off
v 0.750000 0.258919 -2.007763
v 1.100000 0.258919 -2.007763
v 1.100000 0.313708 -2.079165
v 0.750000 0.313708 -2.079165
v 0.750000 0.249399 -2.015068
v 1.100000 0.249399 -2.015068
v 1.100000 0.304187 -2.086470
v 0.750000 0.304187 -2.086470
f 2181 2182 2183
f 2181 2183 2184
f 2188 2187 2186
f 2188 2186 2185
f 2181 2185 2186
f 2181 2186 2182
f 2182 2186 2187
f 2182 2187 2183
f 2183 2187 2188
f 2183 2188 2184
f 2184 2188 2185
f 2184 2185 2181
o right_shoe_02
usemtl Tracks
s off
v 0.750000 0.199770 -1.881621
v 1.100000 0.199770 -1.881621
v 1.100000 0.240133 -1.962062
v 0.750000 0.240133 -1.962062
v 0.750000 0.189045 -1.887002
v 1.100000 0.189045 -1.887002
v 1.100000 0.229407 -1.967444
v 0.750000 0.229407 -1.967444
f 2189 2190 2191
f 2189 2191 2192
f 2196 2195 2194
f 2196 2194 2193
f 2189 2193 2194
f 2189 2194 2190
f 2190 2194 2195
f 2190 2195 2191
f 2191 2195 2196
f 2191 2196 2192
f 2192 2196 2193
f 2192 2193 2189
o right_shoe_03
usemtl Tracks
s off
v 0.750000 0.136957 -1.756435
v 1.100000 0.136957 -1.756435
v 1.100000 0.177320 -1.836877
v 0.750000 0.177320 -1.836877
v 0.750000 0.126232 -1.761817
v 1.100000 0.126232 -1.761817
v 1.100000 0.166594 -1.842258
v 0.750000 0.166594 -1.842258
f 2197 2198 2199
f 2197 2199 2200
f 2204 2203 2202
f 2204 2202 2201
f 2197 2201 2202
f 2197 2202 2198
f 2198 2202 2203
f 2198 2203 2199
f 2199 2203 2204
f 2199 2204 2200
f 2200 2204 2201
f 2200 2201 2197
o right_shoe_04
usemtl Tracks
s off
v 0.750000 0.074144 -1.631249
v 1.100000 0.074144 -1.631249
v 1.100000 0.114507 -1.711691
v 0.750000 0.114507 -1.711691
v 0.750000 0.063419 -1.636631
v 1.100000 0.063419 -1.636631
v 1.100000 0.103781 -1.717073
v 0.750000 0.103781 -1.717073
f 2205 2206 2207
f 2205 2207 2208
f 2212 2211 2210
f 2212 2210 2209
f 2205 2209 2210
f 2205 2210 2206
f 2206 2210 2211
f 2206 2211 2207
f 2207 2211 2212
f 2207 2212 2208
f 2208 2212 2209
f 2208 2209 2205
o right_shoe_05
usemtl Tracks
s off
v 0.750000 0.016981 -1.503957
v 1.100000 0.016981 -1.503957
v 1.100000 0.051423 -1.587107
v 0.750000 0.051423 -1.587107
v 0.750000 0.005894 -1.508550
v 1.100000 0.005894 -1.508550
v 1.100000 0.040336 -1.591699
v 0.750000 0.040336 -1.591699
f 2213 2214 2215
f 2213 2215 2216
f 2220 2219 2218
f 2220 2218 2217
f 2213 2217 2218
f 2213 2218 2214
f 2214 2218 2219
f 2214 2219 2215
f 2215 2219 2220
f 2215 2220 2216
f 2216 2220 2217
f 2216 2217 2213
o right_shoe_06
usemtl Tracks
s off
v 0.750000 0.014151 -1.365656
v 1.100000 0.014151 -1.365656
v 1.100000 0.014151 -1.455656
v 0.750000 0.014151 -1.455656
v 0.750000 0.002151 -1.365656
v 1.100000 0.002151 -1.365656
v 1.100000 0.002151 -1.455656
v 0.750000 0.002151 -1.455656
f 2221 2222 2223
f 2221 2223 2224
f 2228 2227 2226
f 2228 2226 2225
f 2221 2225 2226
f 2221 2226 2222
f 2222 2226 2227
f 2222 2227 2223
f 2223 2227 2228
f 2223 2228 2224
f 2224 2228 2225
f 2224 2225 2221
o right_shoe_07
usemtl Tracks
s off
v 0.750000 0.014151 -1.225596
v 1.100000 0.014151 -1.225596
v 1.100000 0.014151 -1.315596
v 0.750000 0.014151 -1.315596
v 0.750000 0.002151 -1.225596
v 1.100000 0.002151 -1.225596
v 1.100000 0.002151 -1.315596
v 0.750000 0.002151 -1.315596
f 2229 2230 2231
f 2229 2231 2232
f 2236 2235 2234
f 2236 2234 2233
f 2229 2233 2234
f 2229 2234 2230
f 2230 2234 2235
f 2230 2235 2231
f 2231 2235 2236
f 2231 2236 2232
f 2232 2236 2233
f 2232 2233 2229
o right_shoe_08
usemtl Tracks
s off
v 0.750000 0.014151 -1.085536
v 1.100000 0.014151 -1.085536
v 1.100000 0.014151 -1.175536
v 0.750000 0.014151 -1.175536
v 0.750000 0.002151 -1.085536
v 1.100000 0.002151 -1.085536
v 1.100000 0.002151 -1.175536
v 0.750000 0.002151 -1.175536
f 2237 2238 2239
f 2237 2239 2240
f 2244 2243 2242
f 2244 2242 2241
f 2237 2241 2242
f 2237 2242 2238
f 2238 2242 2243
f 2238 2243 2239
f 2239 2243 2244
f 2239 2244 2240
f 2240 2244 2241
f 2240 2241 2237
o right_shoe_09
usemtl Tracks
s off
v 0.750000 0.014151 -0.945475
v 1.100000 0.014151 -0.945475
v 1.100000 0.014151 -1.035475
v 0.750000 0.014151 -1.035475
v 0.750000 0.002151 -0.945475
v 1.100000 0.002151 -0.945475
v 1.100000 0.002151 -1.035475
v 0.750000 0.002151 -1.035475
f 2245 2246 2247
f 2245 2247 2248
f 2252 2251 2250
f 2252 2250 2249
f 2245 2249 2250
f 2245 2250 2246
f 2246 2250 2251
f 2246 2251 2247
f 2247 2251 2252
f 2247 2252 2248
f 2248 2252 2249
f 2248 2249 2245
o right_shoe_10
usemtl Tracks
s off
v 0.750000 0.014151 -0.805415
v 1.100000 0.014151 -0.805415
v 1.100000 0.014151 -0.895415
v 0.750000 0.014151 -0.895415
v 0.750000 0.002151 -0.805415
v 1.100000 0.002151 -0.805415
v 1.100000 0.002151 -0.895415
v 0.750000 0.002151 -0.895415
f 2253 2254 2255
f 2253 2255 2256
f 2260 2259 2258
f 2260 2258 2257
f 2253 2257 2258
f 2253 2258 2254
f 2254 2258 2259
f 2254 2259 2255
f 2255 2259 2260
f 2255 2260 2256
f 2256 2260 2257
f 2256 2257 2253
o right_shoe_11
usemtl Tracks
s off
v 0.750000 0.014151 -0.665354
v 1.100000 0.014151 -0.665354
v 1.100000 0.014151 -0.755354
v 0.750000 0.014151 -0.755354
v 0.750000 0.002151 -0.665354
v 1.100000 0.002151 -0.665354
v 1.100000 0.002151 -0.755354
v 0.750000 0.002151 -0.755354
f 2261 2262 2263
f 2261 2263 2264
f 2268 2267 2266
f 2268 2266 2265
f 2261 2265 2266
f 2261 2266 2262
f 2262 2266 2267
f 2262 2267 2263
f 2263 2267 2268
f 2263 2268 2264
f 2264 2268 2265
f 2264 2265 2261
o right_shoe_12
usemtl Tracks
s off
v 0.750000 0.014151 -0.525294
v 1.100000 0.014151 -0.525294
v 1.100000 0.014151 -0.615294
v 0.750000 0.014151 -0.615294
v 0.750000 0.002151 -0.525294
v 1.100000 0.002151 -0.525294
v 1.100000 0.002151 -0.615294
v 0.750000 0.002151 -0.615294
f 2269 2270 2271
f 2269 2271 2272
f 2276 2275 2274
f 2276 2274 2273
f 2269 2273 2274
f 2269 2274 2270
f 2270 2274 2275
f 2270 2275 2271
f 2271 2275 2276
f 2271 2276 2272
f 2272 2276 2273
f 2272 2273 2269
o right_shoe_13
usemtl Tracks
s off
v 0.750000 0.014151 -0.385234
v 1.100000 0.014151 -0.385234
v 1.100000 0.014151 -0.475234
v 0.750000 0.014151 -0.475234
v 0.750000 0.002151 -0.385234
v 1.100000 0.002151 -0.385234
v 1.100000 0.002151 -0.475234
v 0.750000 0.002151 -0.475234
f 2277 2278 2279
f 2277 2279 2280
f 2284 2283 2282
f 2284 2282 2281
f 2277 2281 2282
f 2277 2282 2278
f 2278 2282 2283
f 2278 2283 2279
f 2279 2283 2284
f 2279 2284 2280
f 2280 2284 2281
f 2280 2281 2277
o right_shoe_14
usemtl Tracks
s off
v 0.750000 0.014151 -0.245173
v 1.100000 0.014151 -0.245173
v 1.100000 0.014151 -0.335173
v 0.750000 0.014151 -0.335173
v 0.750000 0.002151 -0.245173
v 1.100000 0.002151 -0.245173
v 1.100000 0.002151 -0.335173
v 0.750000 0.002151 -0.335173
f 2285 2286 2287
f 2285 2287 2288
f 2292 2291 2290
f 2292 2290 2289
f 2285 2289 2290
f 2285 2290 2286
f 2286 2290 2291
f 2286 2291 2287
f 2287 2291 2292
f 2287 2292 2288
f 2288 2292 2289
f 2288 2289 2285
o right_shoe_15
usemtl Tracks
s off
v 0.750000 0.014151 -0.105113
v 1.100000 0.014151 -0.105113
v 1.100000 0.014151 -0.195113
v 0.750000 0.014151 -0.195113
v 0.750000 0.002151 -0.105113
v 1.100000 0.002151 -0.105113
v 1.100000 0.002151 -0.195113
v 0.750000 0.002151 -0.195113
f 2293 2294 2295
f 2293 2295 2296
f 2300 2299 2298
f 2300 2298 2297
f 2293 2297 2298
f 2293 2298 2294
f 2294 2298 2299
f 2294 2299 2295
f 2295 2299 2300
f 2295 2300 2296
f 2296 2300 2297
f 2296 2297 2293
o right_shoe_16
usemtl Tracks
s off
v 0.750000 0.014151 0.034947
v 1.100000 0.014151 0.034947
v 1.100000 0.014151 -0.055053
v 0.750000 0.014151 -0.055053
v 0.750000 0.002151 0.034947
v 1.100000 0.002151 0.034947
v 1.100000 0.002151 -0.055053
v 0.750000 0.002151 -0.055053
f 2301 2302 2303
f 2301 2303 2304
f 2308 2307 2306
f 2308 2306 2305
f 2301 2305 2306
f 2301 2306 2302
f 2302 2306 2307
f 2302 2307 2303
f 2303 2307 2308
f 2303 2308 2304
f 2304 2308 2305
f 2304 2305 2301
o right_shoe_17
usemtl Tracks
s off
v 0.750000 0.014151 0.175008
v 1.100000 0.014151 0.175008
v 1.100000 0.014151 0.085008
v 0.750000 0.014151 0.085008
v 0.750000 0.002151 0.175008
v 1.100000 0.002151 0.175008
v 1.100000 0.002151 0.085008
v 0.750000 0.002151 0.085008
f 2309 2310 2311
f 2309 2311 2312
f 2316 2315 2314
f 2316 2314 2313
f 2309 2313 2314
f 2309 2314 2310
f 2310 2314 2315
f 2310 2315 2311
f 2311 2315 2316
f 2311 2316 2312
f 2312 2316 2313
f 2312 2313 2309
o right_shoe_18
usemtl Tracks
s off
v 0.750000 0.014151 0.315068
v 1.100000 0.014151 0.315068
v 1.100000 0.014151 0.225068
v 0.750000 0.014151 0.225068
v 0.750000 0.002151 0.315068
v 1.100000 0.002151 0.315068
v 1.100000 0.002151 0.225068
v 0.750000 0.002151 0.225068
f 2317 2318 2319
f 2317 2319 2320
f 2324 2323 2322
f 2324 2322 2321
f 2317 2321 2322
f 2317 2322 2318
f 2318 2322 2323
f 2318 2323 2319
f 2319 2323 2324
f 2319 2324 2320
f 2320 2324 2321
f 2320 2321 2317
o right_shoe_19
usemtl Tracks
s off
v 0.750000 0.014151 0.455129
v 1.100000 0.014151 0.455129
v 1.100000 0.014151 0.365129
v 0.750000 0.014151 0.365129
v 0.750000 0.002151 0.455129
v 1.100000 0.002151 0.455129
v 1.100000 0.002151 0.365129
v 0.750000 0.002151 0.365129
f 2325 2326 2327
f 2325 2327 2328
f 2332 2331 2330
f 2332 2330 2329
f 2325 2329 2330
f 2325 2330 2326
f 2326 2330 2331
f 2326 2331 2327
f 2327 2331 2332
f 2327 2332 2328
f 2328 2332 2329
f 2328 2329 2325
o right_shoe_20
usemtl Tracks
s off
v 0.750000 0.014151 0.595189
v 1.100000 0.014151 0.595189
v 1.100000 0.014151 0.505189
v 0.750000 0.014151 0.505189
v 0.750000 0.002151 0.595189
v 1.100000 0.002151 0.595189
v 1.100000 0.002151 0.505189
v 0.750000 0.002151 0.505189
f 2333 2334 2335
f 2333 2335 2336
f 2340 2339 2338
f 2340 2338 2337
f 2333 2337 2338
f 2333 2338 2334
f 2334 2338 2339
f 2334 2339 2335
f 2335 2339 2340
f 2335 2340 2336
f 2336 2340 2337
f 2336 2337 2333
o right_shoe_21
usemtl Tracks
s off
v 0.750000 0.014151 0.735249
v 1.100000 0.014151 0.735249
v 1.100000 0.014151 0.645249
v 0.750000 0.014151 0.645249
v 0.750000 0.002151 0.735249
v 1.100000 0.002151 0.735249
v 1.100000 0.002151 0.645249
v 0.750000 0.002151 0.645249
f 2341 2342 2343
f 2341 2343 2344
f 2348 2347 2346
f 2348 2346 2345
f 2341 2345 2346
f 2341 2346 2342
f 2342 2346 2347
f 2342 2347 2343
f 2343 2347 2348
f 2343 2348 2344
f 2344 2348 2345
f 2344 2345 2341
o right_shoe_22
usemtl Tracks
s off
v 0.750000 0.014151 0.875310
v 1.100000 0.014151 0.875310
v 1.100000 0.014151 0.785310
v 0.750000 0.014151 0.785310
v 0.750000 0.002151 0.875310
v 1.100000 0.002151 0.875310
v 1.100000 0.002151 0.785310
v 0.750000 0.002151 0.785310
f 2349 2350 2351
f 2349 2351 2352
f 2356 2355 2354
f 2356 2354 2353
f 2349 2353 2354
f 2349 2354 2350
f 2350 2354 2355
f 2350 2355 2351
f 2351 2355 2356
f 2351 2356 2352
f 2352 2356 2353
f 2352 2353 2349
o right_shoe_23
usemtl Tracks
s off
v 0.750000 0.014151 1.015370
v 1.100000 0.014151 1.015370
v 1.100000 0.014151 0.925370
v 0.750000 0.014151 0.925370
v 0.750000 0.002151 1.015370
v 1.100000 0.002151 1.015370
v 1.100000 0.002151 0.925370
v 0.750000 0.002151 0.925370
f 2357 2358 2359
f 2357 2359 2360
f 2364 2363 2362
f 2364 2362 2361
f 2357 2361 2362
f 2357 2362 2358
f 2358 2362 2363
f 2358 2363 2359
f 2359 2363 2364
f 2359 2364 2360
f 2360 2364 2361
f 2360 2361 2357
o right_shoe_24
usemtl Tracks
s off
v 0.750000 0.014151 1.155431
v 1.100000 0.014151 1.155431
v 1.100000 0.014151 1.065431
v 0.750000 0.014151 1.065431
v 0.750000 0.002151 1.155431
v 1.100000 0.002151 1.155431
v 1.100000 0.002151 1.065431
v 0.750000 0.002151 1.065431
f 2365 2366 2367
f 2365 2367 2368
f 2372 2371 2370
f 2372 2370 2369
f 2365 2369 2370
f 2365 2370 2366
f 2366 2370 2371
f 2366 2371 2367
f 2367 2371 2372
f 2367 2372 2368
f 2368 2372 2369
f 2368 2369 2365
o right_shoe_25
usemtl Tracks
s off
v 0.750000 0.014151 1.295491
v 1.100000 0.014151 1.295491
v 1.100000 0.014151 1.205491
v 0.750000 0.014151 1.205491
v 0.750000 0.002151 1.295491
v 1.100000 0.002151 1.295491
v 1.100000 0.002151 1.205491
v 0.750000 0.002151 1.205491
f 2373 2374 2375
f 2373 2375 2376
f 2380 2379 2378
f 2380 2378 2377
f 2373 2377 2378
f 2373 2378 2374
f 2374 2378 2379
f 2374 2379 2375
f 2375 2379 2380
f 2375 2380 2376
f 2376 2380 2377
f 2376 2377 2373
o right_shoe_26
usemtl Tracks
s off
v 0.750000 0.054694 1.426306
v 1.100000 0.054694 1.426306
v 1.100000 0.020307 1.343134
v 0.750000 0.020307 1.343134
v 0.750000 0.043604 1.430890
v 1.100000 0.043604 1.430890
v 1.100000 0.009218 1.347718
v 0.750000 0.009218 1.347718
f 2381 2382 2383
f 2381 2383 2384
f 2388 2387 2386
f 2388 2386 2385
f 2381 2385 2386
f 2381 2386 2382
f 2382 2386 2387
f 2382 2387 2383
f 2383 2387 2388
f 2383 2388 2384
f 2384 2388 2385
f 2384 2385 2381
o right_shoe_27
usemtl Tracks
s off
v 0.750000 0.108207 1.555740
v 1.100000 0.108207 1.555740
v 1.100000 0.073820 1.472568
v 0.750000 0.073820 1.472568
v 0.750000 0.097117 1.560325
v 1.100000 0.097117 1.560325
v 1.100000 0.062731 1.477153
v 0.750000 0.062731 1.477153
f 2389 2390 2391
f 2389 2391 2392
f 2396 2395 2394
f 2396 2394 2393
f 2389 2393 2394
f 2389 2394 2390
f 2390 2394 2395
f 2390 2395 2391
f 2391 2395 2396
f 2391 2396 2392
f 2392 2396 2393
f 2392 2393 2389
o right_shoe_28
usemtl Tracks
s off
v 0.750000 0.161719 1.685175
v 1.100000 0.161719 1.685175
v 1.100000 0.127333 1.602003
v 0.750000 0.127333 1.602003
v 0.750000 0.150630 1.689759
v 1.100000 0.150630 1.689759
v 1.100000 0.116243 1.606587
v 0.750000 0.116243 1.606587
f 2397 2398 2399
f 2397 2399 2400
f 2404 2403 2402
f 2404 2402 2401
f 2397 2401 2402
f 2397 2402 2398
f 2398 2402 2403
f 2398 2403 2399
f 2399 2403 2404
f 2399 2404 2400
f 2400 2404 2401
f 2400 2401 2397
o right_shoe_29
usemtl Tracks
s off
v 0.750000 0.215232 1.814609
v 1.100000 0.215232 1.814609
v 1.100000 0.180846 1.731437
v 0.750000 0.180846 1.731437
v 0.750000 0.204143 1.819194
v 1.100000 0.204143 1.819194
v 1.100000 0.169756 1.736022
v 0.750000 0.169756 1.736022
f 2405 2406 2407
f 2405 2407 2408
f 2412 2411 2410
f 2412 2410 2409
f 2405 2409 2410
f 2405 2410 2406
f 2406 2410 2411
f 2406 2411 2407
f 2407 2411 2412
f 2407 2412 2408
f 2408 2412 2409
f 2408 2409 2405
o right_shoe_30
usemtl Tracks
s off
v 0.750000 0.268794 1.944019
v 1.100000 0.268794 1.944019
v 1.100000 0.234352 1.860870
v 0.750000 0.234352 1.860870
v 0.750000 0.257707 1.948611
v 1.100000 0.257707 1.948611
v 1.100000 0.223266 1.865462
v 0.750000 0.223266 1.865462
f 2413 2414 2415
f 2413 2415 2416
f 2420 2419 2418
f 2420 2418 2417
f 2413 2417 2418
f 2413 2418 2414
f 2414 2418 2419
f 2414 2419 2415
f 2415 2419 2420
f 2415 2420 2416
f 2416 2420 2417
f 2416 2417 2413
o right_shoe_31
usemtl Tracks
s off
v 0.750000 0.376488 2.030528
v 1.100000 0.376488 2.030528
v 1.100000 0.305087 1.975739
v 0.750000 0.305087 1.975739
v 0.750000 0.369183 2.040048
v 1.100000 0.369183 2.040048
v 1.100000 0.297781 1.985260
v 0.750000 0.297781 1.985260
f 2421 2422 2423
f 2421 2423 2424
f 2428 2427 2426
f 2428 2426 2425
f 2421 2425 2426
f 2421 2426 2422
f 2422 2426 2427
f 2422 2427 2423
f 2423 2427 2428
f 2423 2428 2424
f 2424 2428 2425
f 2424 2425 2421
o right_shoe_32
usemtl Tracks
s off
v 0.750000 0.515814 2.023578
v 1.100000 0.515814 2.023578
v 1.100000 0.426584 2.035325
v 0.750000 0.426584 2.035325
v 0.750000 0.517380 2.035475
v 1.100000 0.517380 2.035475
v 1.100000 0.428150 2.047223
v 0.750000 0.428150 2.047223
f 2429 2430 2431
f 2429 2431 2432
f 2436 2435 2434
f 2436 2434 2433
f 2429 2433 2434
f 2429 2434 2430
f 2430 2434 2435
f 2430 2435 2431
f 2431 2435 2436
f 2431 2436 2432
f 2432 2436 2433
f 2432 2433 2429
o right_shoe_33
usemtl Tracks
s off
v 0.750000 0.630193 1.949054
v 1.100000 0.630193 1.949054
v 1.100000 0.558792 2.003842
v 0.750000 0.558792 2.003842
v 0.750000 0.637499 1.958574
v 1.100000 0.637499 1.958574
v 1.100000 0.566097 2.013362
v 0.750000 0.566097 2.013362
f 2437 2438 2439
f 2437 2439 2440
f 2444 2443 2442
f 2444 2442 2441
f 2437 2441 2442
f 2437 2442 2438
f 2438 2442 2443
f 2438 2443 2439
f 2439 2443 2444
f 2439 2444 2440
f 2440 2444 2441
f 2440 2441 2437
o right_shoe_34
usemtl Tracks
s off
v 0.750000 0.669396 1.818367
v 1.100000 0.669396 1.818367
v 1.100000 0.657648 1.907597
v 0.750000 0.657648 1.907597
v 0.750000 0.681293 1.819933
v 1.100000 0.681293 1.819933
v 1.100000 0.669546 1.909163
v 0.750000 0.669546 1.909163
f 2445 2446 2447
f 2445 2447 2448
f 2452 2451 2450
f 2452 2450 2449
f 2445 2449 2450
f 2445 2450 2446
f 2446 2450 2451
f 2446 2451 2447
f 2447 2451 2452
f 2447 2452 2448
f 2448 2452 2449
f 2448 2449 2445
o right_shoe_35
usemtl Tracks
s off
v 0.750000 0.670653 1.679132
v 1.100000 0.670653 1.679132
v 1.100000 0.670382 1.769131
v 0.750000 0.670382 1.769131
v 0.750000 0.682653 1.679168
v 1.100000 0.682653 1.679168
v 1.100000 0.682381 1.769167
v 0.750000 0.682381 1.769167
f 2453 2454 2455
f 2453 2455 2456
f 2460 2459 2458
f 2460 2458 2457
f 2453 2457 2458
f 2453 2458 2454
f 2454 2458 2459
f 2454 2459 2455
f 2455 2459 2460
f 2455 2460 2456
f 2456 2460 2457
f 2456 2457 2453
o right_shoe_36
usemtl Tracks
s off
v 0.750000 0.671077 1.539072
v 1.100000 0.671077 1.539072
v 1.100000 0.670805 1.629071
v 0.750000 0.670805 1.629071
v 0.750000 0.683077 1.539108
v 1.100000 0.683077 1.539108
v 1.100000 0.682805 1.629108
v 0.750000 0.682805 1.629108
f 2461 2462 2463
f 2461 2463 2464
f 2468 2467 2466
f 2468 2466 2465
f 2461 2465 2466
f 2461 2466 2462
f 2462 2466 2467
f 2462 2467 2463
f 2463 2467 2468
f 2463 2468 2464
f 2464 2468 2465
f 2464 2465 2461
o right_shoe_37
usemtl Tracks
s off
v 0.750000 0.671500 1.399012
v 1.100000 0.671500 1.399012
v 1.100000 0.671228 1.489012
v 0.750000 0.671228 1.489012
v 0.750000 0.683500 1.399048
v 1.100000 0.683500 1.399048
v 1.100000 0.683228 1.489048
v 0.750000 0.683228 1.489048
f 2469 2470 2471
f 2469 2471 2472
f 2476 2475 2474
f 2476 2474 2473
f 2469 2473 2474
f 2469 2474 2470
f 2470 2474 2475
f 2470 2475 2471
f 2471 2475 2476
f 2471 2476 2472
f 2472 2476 2473
f 2472 2473 2469
o right_shoe_38
usemtl Tracks
s off
v 0.750000 0.671923 1.258952
v 1.100000 0.671923 1.258952
v 1.100000 0.671651 1.348952
v 0.750000 0.671651 1.348952
v 0.750000 0.683923 1.258989
v 1.100000 0.683923 1.258989
v 1.100000 0.683651 1.348988
v 0.750000 0.683651 1.348988
f 2477 2478 2479
f 2477 2479 2480
f 2484 2483 2482
f 2484 2482 2481
f 2477 2481 2482
f 2477 2482 2478
f 2478 2482 2483
f 2478 2483 2479
f 2479 2483 2484
f 2479 2484 2480
f 2480 2484 2481
f 2480 2481 2477
o right_shoe_39
usemtl Tracks
s off
v 0.750000 0.672346 1.118893
v 1.100000 0.672346 1.118893
v 1.100000 0.672074 1.208892
v 0.750000 0.672074 1.208892
v 0.750000 0.684346 1.118929
v 1.100000 0.684346 1.118929
v 1.100000 0.684074 1.208928
v 0.750000 0.684074 1.208928
f 2485 2486 2487
f 2485 2487 2488
f 2492 2491 2490
f 2492 2490 2489
f 2485 2489 2490
f 2485 2490 2486
f 2486 2490 2491
f 2486 2491 2487
f 2487 2491 2492
f 2487 2492 2488
f 2488 2492 2489
f 2488 2489 2485
o right_shoe_40
usemtl Tracks
s off
v 0.750000 0.672769 0.978833
v 1.100000 0.672769 0.978833
v 1.100000 0.672497 1.068832
v 0.750000 0.672497 1.068832
v 0.750000 0.684769 0.978869
v 1.100000 0.684769 0.978869
v 1.100000 0.684497 1.068869
v 0.750000 0.684497 1.068869
f 2493 2494 2495
f 2493 2495 2496
f 2500 2499 2498
f 2500 2498 2497
f 2493 2497 2498
f 2493 2498 2494
f 2494 2498 2499
f 2494 2499 2495
f 2495 2499 2500
f 2495 2500 2496
f 2496 2500 2497
f 2496 2497 2493
o right_shoe_41
usemtl Tracks
s off
v 0.750000 0.673192 0.838773
v 1.100000 0.673192 0.838773
v 1.100000 0.672920 0.928773
v 0.750000 0.672920 0.928773
v 0.750000 0.685192 0.838809
v 1.100000 0.685192 0.838809
v 1.100000 0.684920 0.928809
v 0.750000 0.684920 0.928809
f 2501 2502 2503
f 2501 2503 2504
f 2508 2507 2506
f 2508 2506 2505
f 2501 2505 2506
f 2501 2506 2502
f 2502 2506 2507
f 2502 2507 2503
f 2503 2507 2508
f 2503 2508 2504
f 2504 2508 2505
f 2504 2505 2501
o right_shoe_42
usemtl Tracks
s off
v 0.750000 0.673615 0.698713
v 1.100000 0.673615 0.698713
v 1.100000 0.673344 0.788713
v 0.750000 0.673344 0.788713
v 0.750000 0.685615 0.698750
v 1.100000 0.685615 0.698750
v 1.100000 0.685343 0.788749
v 0.750000 0.685343 0.788749
f 2509 2510 2511
f 2509 2511 2512
f 2516 2515 2514
f 2516 2514 2513
f 2509 2513 2514
f 2509 2514 2510
f 2510 2514 2515
f 2510 2515 2511
f 2511 2515 2516
f 2511 2516 2512
f 2512 2516 2513
f 2512 2513 2509
o right_shoe_43
usemtl Tracks
s off
v 0.750000 0.674039 0.558654
v 1.100000 0.674039 0.558654
v 1.100000 0.673767 0.648653
v 0.750000 0.673767 0.648653
v 0.750000 0.686039 0.558690
v 1.100000 0.686039 0.558690
v 1.100000 0.685767 0.648689
v 0.750000 0.685767 0.648689
f 2517 2518 2519
f 2517 2519 2520
f 2524 2523 2522
f 2524 2522 2521
f 2517 2521 2522
f 2517 2522 2518
f 2518 2522 2523
f 2518 2523 2519
f 2519 2523 2524
f 2519 2524 2520
f 2520 2524 2521
f 2520 2521 2517
o right_shoe_44
usemtl Tracks
s off
v 0.750000 0.674462 0.418594
v 1.100000 0.674462 0.418594
v 1.100000 0.674190 0.508593
v 0.750000 0.674190 0.508593
v 0.750000 0.686462 0.418630
v 1.100000 0.686462 0.418630
v 1.100000 0.686190 0.508630
v 0.750000 0.686190 0.508630
f 2525 2526 2527
f 2525 2527 2528
f 2532 2531 2530
f 2532 2530 2529
f 2525 2529 2530
f 2525 2530 2526
f 2526 2530 2531
f 2526 2531 2527
f 2527 2531 2532
f 2527 2532 2528
f 2528 2532 2529
f 2528 2529 2525
o right_shoe_45
usemtl Tracks
s off
v 0.750000 0.674885 0.278534
v 1.100000 0.674885 0.278534
v 1.100000 0.674613 0.368534
v 0.750000 0.674613 0.368534
v 0.750000 0.686885 0.278570
v 1.100000 0.686885 0.278570
v 1.100000 0.686613 0.368570
v 0.750000 0.686613 0.368570
f 2533 2534 2535
f 2533 2535 2536
f 2540 2539 2538
f 2540 2538 2537
f 2533 2537 2538
f 2533 2538 2534
f 2534 2538 2539
f 2534 2539 2535
f 2535 2539 2540
f 2535 2540 2536
f 2536 2540 2537
f 2536 2537 2533
o right_shoe_46
usemtl Tracks
s off
v 0.750000 0.675308 0.138474
v 1.100000 0.675308 0.138474
v 1.100000 0.675036 0.228474
v 0.750000 0.675036 0.228474
v 0.750000 0.687308 0.138511
v 1.100000 0.687308 0.138511
v 1.100000 0.687036 0.228510
v 0.750000 0.687036 0.228510
f 2541 2542 2543
f 2541 2543 2544
f 2548 2547 2546
f 2548 2546 2545
f 2541 2545 2546
f 2541 2546 2542
f 2542 2546 2547
f 2542 2547 2543
f 2543 2547 2548
f 2543 2548 2544
f 2544 2548 2545
f 2544 2545 2541
o right_shoe_47
usemtl Tracks
s off
v 0.750000 0.675731 -0.001585
v 1.100000 0.675731 -0.001585
v 1.100000 0.675459 0.088414
v 0.750000 0.675459 0.088414
v 0.750000 0.687731 -0.001549
v 1.100000 0.687731 -0.001549
v 1.100000 0.687459 0.088450
v 0.750000 0.687459 0.088450
f 2549 2550 2551
f 2549 2551 2552
f 2556 2555 2554
f 2556 2554 2553
f 2549 2553 2554
f 2549 2554 2550
f 2550 2554 2555
f 2550 2555 2551
f 2551 2555 2556
f 2551 2556 2552
f 2552 2556 2553
f 2552 2553 2549
o right_shoe_48
usemtl Tracks
s off
v 0.750000 0.676154 -0.141645
v 1.100000 0.676154 -0.141645
v 1.100000 0.675882 -0.051646
v 0.750000 0.675882 -0.051646
v 0.750000 0.688154 -0.141609
v 1.100000 0.688154 -0.141609
v 1.100000 0.687882 -0.051609
v 0.750000 0.687882 -0.051609
f 2557 2558 2559
f 2557 2559 2560
f 2564 2563 2562
f 2564 2562 2561
f 2557 2561 2562
f 2557 2562 2558
f 2558 2562 2563
f 2558 2563 2559
f 2559 2563 2564
f 2559 2564 2560
f 2560 2564 2561
f 2560 2561 2557
o right_shoe_49
usemtl Tracks
s off
v 0.750000 0.676577 -0.281705
v 1.100000 0.676577 -0.281705
v 1.100000 0.676306 -0.191705
v 0.750000 0.676306 -0.191705
v 0.750000 0.688577 -0.281669
v 1.100000 0.688577 -0.281669
v 1.100000 0.688305 -0.191669
v 0.750000 0.688305 -0.191669
f 2565 2566 2567
f 2565 2567 2568
f 2572 2571 2570
f 2572 2570 2569
f 2565 2569 2570
f 2565 2570 2566
f 2566 2570 2571
f 2566 2571 2567
f 2567 2571 2572
f 2567 2572 2568
f 2568 2572 2569
f 2568 2569 2565
o right_shoe_50
usemtl Tracks
s off
v 0.750000 0.677001 -0.421765
v 1.100000 0.677001 -0.421765
v 1.100000 0.676729 -0.331765
v 0.750000 0.676729 -0.331765
v 0.750000 0.689000 -0.421728
v 1.100000 0.689000 -0.421728
v 1.100000 0.688729 -0.331729
v 0.750000 0.688729 -0.331729
f 2573 2574 2575
f 2573 2575 2576
f 2580 2579 2578
f 2580 2578 2577
f 2573 2577 2578
f 2573 2578 2574
f 2574 2578 2579
f 2574 2579 2575
f 2575 2579 2580
f 2575 2580 2576
f 2576 2580 2577
f 2576 2577 2573
o right_shoe_51
usemtl Tracks
s off
v 0.750000 0.677424 -0.561824
v 1.100000 0.677424 -0.561824
v 1.100000 0.677152 -0.471825
v 0.750000 0.677152 -0.471825
v 0.750000 0.689424 -0.561788
v 1.100000 0.689424 -0.561788
v 1.100000 0.689152 -0.471788
v 0.750000 0.689152 -0.471788
f 2581 2582 2583
f 2581 2583 2584
f 2588 2587 2586
f 2588 2586 2585
f 2581 2585 2586
f 2581 2586 2582
f 2582 2586 2587
f 2582 2587 2583
f 2583 2587 2588
f 2583 2588 2584
f 2584 2588 2585
f 2584 2585 2581
o right_shoe_52
usemtl Tracks
s off
v 0.750000 0.677847 -0.701884
v 1.100000 0.677847 -0.701884
v 1.100000 0.677575 -0.611884
v 0.750000 0.677575 -0.611884
v 0.750000 0.689847 -0.701848
v 1.100000 0.689847 -0.701848
v 1.100000 0.689575 -0.611848
v 0.750000 0.689575 -0.611848
f 2589 2590 2591
f 2589 2591 2592
f 2596 2595 2594
f 2596 2594 2593
f 2589 2593 2594
f 2589 2594 2590
f 2590 2594 2595
f 2590 2595 2591
f 2591 2595 2596
f 2591 2596 2592
f 2592 2596 2593
f 2592 2593 2589
o right_shoe_53
usemtl Tracks
s off
v 0.750000 0.678270 -0.841944
v 1.100000 0.678270 -0.841944
v 1.100000 0.677998 -0.751944
v 0.750000 0.677998 -0.751944
v 0.750000 0.690270 -0.841908
v 1.100000 0.690270 -0.841908
v 1.100000 0.689998 -0.751908
v 0.750000 0.689998 -0.751908
f 2597 2598 2599
f 2597 2599 2600
f 2604 2603 2602
f 2604 2602 2601
f 2597 2601 2602
f 2597 2602 2598
f 2598 2602 2603
f 2598 2603 2599
f 2599 2603 2604
f 2599 2604 2600
f 2600 2604 2601
f 2600 2601 2597
o right_shoe_54
usemtl Tracks
s off
v 0.750000 0.678693 -0.982004
v 1.100000 0.678693 -0.982004
v 1.100000 0.678421 -0.892004
v 0.750000 0.678421 -0.892004
v 0.750000 0.690693 -0.981967
v 1.100000 0.690693 -0.981967
v 1.100000 0.690421 -0.891968
v 0.750000 0.690421 -0.891968
f 2605 2606 2607
f 2605 2607 2608
f 2612 2611 2610
f 2612 2610 2609
f 2605 2609 2610
f 2605 2610 2606
f 2606 2610 2611
f 2606 2611 2607
f 2607 2611 2612
f 2607 2612 2608
f 2608 2612 2609
f 2608 2609 2605
o right_shoe_55
usemtl Tracks
s off
v 0.750000 0.679116 -1.122063
v 1.100000 0.679116 -1.122063
v 1.100000 0.678844 -1.032064
v 0.750000 0.678844 -1.032064
v 0.750000 0.691116 -1.122027
v 1.100000 0.691116 -1.122027
v 1.100000 0.690844 -1.032027
v 0.750000 0.690844 -1.032027
f 2613 2614 2615
f 2613 2615 2616
f 2620 2619 2618
f 2620 2618 2617
f 2613 2617 2618
f 2613 2618 2614
f 2614 2618 2619
f 2614 2619 2615
f 2615 2619 2620
f 2615 2620 2616
f 2616 2620 2617
f 2616 2617 2613
o right_shoe_56
usemtl Tracks
s off
v 0.750000 0.679539 -1.262123
v 1.100000 0.679539 -1.262123
v 1.100000 0.679267 -1.172123
v 0.750000 0.679267 -1.172123
v 0.750000 0.691539 -1.262087
v 1.100000 0.691539 -1.262087
v 1.100000 0.691267 -1.172087
v 0.750000 0.691267 -1.172087
f 2621 2622 2623
f 2621 2623 2624
f 2628 2627 2626
f 2628 2626 2625
f 2621 2625 2626
f 2621 2626 2622
f 2622 2626 2627
f 2622 2627 2623
f 2623 2627 2628
f 2623 2628 2624
f 2624 2628 2625
f 2624 2625 2621
o right_shoe_57
usemtl Tracks
s off
v 0.750000 0.679963 -1.402183
v 1.100000 0.679963 -1.402183
v 1.100000 0.679691 -1.312183
v 0.750000 0.679691 -1.312183
v 0.750000 0.691962 -1.402147
v 1.100000 0.691962 -1.402147
v 1.100000 0.691691 -1.312147
v 0.750000 0.691691 -1.312147
f 2629 2630 2631
f 2629 2631 2632
f 2636 2635 2634
f 2636 2634 2633
f 2629 2633 2634
f 2629 2634 2630
f 2630 2634 2635
f 2630 2635 2631
f 2631 2635 2636
f 2631 2636 2632
f 2632 2636 2633
f 2632 2633 2629
o right_shoe_58
usemtl Tracks
s off
v 0.750000 0.680386 -1.542243
v 1.100000 0.680386 -1.542243
v 1.100000 0.680114 -1.452243
v 0.750000 0.680114 -1.452243
v 0.750000 0.692386 -1.542206
v 1.100000 0.692386 -1.542206
v 1.100000 0.692114 -1.452207
v 0.750000 0.692114 -1.452207
f 2637 2638 2639
f 2637 2639 2640
f 2644 2643 2642
f 2644 2642 2641
f 2637 2641 2642
f 2637 2642 2638
f 2638 2642 2643
f 2638 2643 2639
f 2639 2643 2644
f 2639 2644 2640
f 2640 2644 2641
f 2640 2641 2637
o right_shoe_59
usemtl Tracks
s off
v 0.750000 0.680809 -1.682302
v 1.100000 0.680809 -1.682302
v 1.100000 0.680537 -1.592303
v 0.750000 0.680537 -1.592303
v 0.750000 0.692809 -1.682266
v 1.100000 0.692809 -1.682266
v 1.100000 0.692537 -1.592266
v 0.750000 0.692537 -1.592266
f 2645 2646 2647
f 2645 2647 2648
f 2652 2651 2650
f 2652 2650 2649
f 2645 2649 2650
f 2645 2650 2646
f 2646 2650 2651
f 2646 2651 2647
f 2647 2651 2652
f 2647 2652 2648
f 2648 2652 2649
f 2648 2649 2645
o right_shoe_60
usemtl Tracks
s off
v 0.750000 0.681232 -1.822362
v 1.100000 0.681232 -1.822362
v 1.100000 0.680960 -1.732362
v 0.750000 0.680960 -1.732362
v 0.750000 0.693232 -1.822326
v 1.100000 0.693232 -1.822326
v 1.100000 0.692960 -1.732326
v 0.750000 0.692960 -1.732326
f 2653 2654 2655
f 2653 2655 2656
f 2660 2659 2658
f 2660 2658 2657
f 2653 2657 2658
f 2653 2658 2654
f 2654 2658 2659
f 2654 2659 2655
f 2655 2659 2660
f 2655 2660 2656
f 2656 2660 2657
f 2656 2657 2653
o right_shoe_61
usemtl Tracks
s off
v 0.750000 0.675184 -1.961203
v 1.100000 0.675184 -1.961203
v 1.100000 0.686932 -1.871973
v 0.750000 0.686932 -1.871973
v 0.750000 0.687082 -1.962769
v 1.100000 0.687082 -1.962769
v 1.100000 0.698829 -1.873539
v 0.750000 0.698829 -1.873539
f 2661 2662 2663
f 2661 2663 2664
f 2668 2667 2666
f 2668 2666 2665
f 2661 2665 2666
f 2661 2666 2662
f 2662 2666 2667
f 2662 2667 2663
f 2663 2667 2668
f 2663 2668 2664
f 2664 2668 2665
f 2664 2665 2661
o right_shoe_62
usemtl Tracks
s off
v 0.750000 0.609308 -2.079165
v 1.100000 0.609308 -2.079165
v 1.100000 0.664096 -2.007763
v 0.750000 0.664096 -2.007763
v 0.750000 0.618828 -2.086470
v 1.100000 0.618828 -2.086470
v 1.100000 0.673616 -2.015068
v 0.750000 0.673616 -2.015068
f 2669 2670 2671
f 2669 2671 2672
f 2676 2675 2674
f 2676 2674 2673
f 2669 2673 2674
f 2669 2674 2670
f 2670 2674 2675
f 2670 2675 2671
f 2671 2675 2676
f 2671 2676 2672
f 2672 2676 2673
f 2672 2673 2669
o right_shoe_63
usemtl Tracks
s off
v 0.750000 0.486323 -2.139323
v 1.100000 0.486323 -2.139323
v 1.100000 0.569472 -2.104881
v 0.750000 0.569472 -2.104881
v 0.750000 0.490915 -2.150409
v 1.100000 0.490915 -2.150409
v 1.100000 0.574064 -2.115968
v 0.750000 0.574064 -2.115968
f 2677 2678 2679
f 2677 2679 2680
f 2684 2683 2682
f 2684 2682 2681
f 2677 2681 2682
f 2677 2682 2678
f 2678 2682 2683
f 2678 2683 2679
f 2679 2683 2684
f 2679 2684 2680
f 2680 2684 2681
f 2680 2681 2677
o right_road_wheel_1
usemtl Tracks
s off
v 0.780000 0.492151 1.283216
v 0.780000 0.484586 1.340674
v 0.780000 0.462408 1.394216
v 0.780000 0.427128 1.440194
v 0.780000 0.381151 1.475474
v 0.780000 0.327609 1.497652
v 0.780000 0.270151 1.505216
v 0.780000 0.212693 1.497652
v 0.780000 0.159151 1.475474
v 0.780000 0.113173 1.440194
v 0.780000 0.077893 1.394216
v 0.780000 0.055715 1.340674
v 0.780000 0.048151 1.283216
v 0.780000 0.055715 1.225758
v 0.780000 0.077893 1.172216
v 0.780000 0.113173 1.126238
v 0.780000 0.159151 1.090958
v 0.780000 0.212693 1.068781
v 0.780000 0.270151 1.061216
v 0.780000 0.327609 1.068781
v 0.780000 0.381151 1.090958
v 0.780000 0.427128 1.126238
v 0.780000 0.462408 1.172216
v 0.780000 0.484586 1.225758
v 1.070000 0.492151 1.283216
v 1.070000 0.484586 1.340674
v 1.070000 0.462408 1.394216
v 1.070000 0.427128 1.440194
v 1.070000 0.381151 1.475474
v 1.070000 0.327609 1.497652
v 1.070000 0.270151 1.505216
v 1.070000 0.212693 1.497652
v 1.070000 0.159151 1.475474
v 1.070000 0.113173 1.440194
v 1.070000 0.077893 1.394216
v 1.070000 0.055715 1.340674
v 1.070000 0.048151 1.283216
v 1.070000 0.055715 1.225758
v 1.070000 0.077893 1.172216
v 1.070000 0.113173 1.126238
v 1.070000 0.159151 1.090958
v 1.070000 0.212693 1.068781
v 1.070000 0.270151 1.061216
v 1.070000 0.327609 1.068781
v 1.070000 0.381151 1.090958
v 1.070000 0.427128 1.126238
v 1.070000 0.462408 1.172216
v 1.070000 0.484586 1.225758
f 2708 2707 2706
f 2708 2706 2705
f 2708 2705 2704
f 2708 2704 2703
f 2708 2703 2702
f 2708 2702 2701
f 2708 2701 2700
f 2708 2700 2699
f 2708 2699 2698
f 2708 2698 2697
f 2708 2697 2696
f 2708 2696 2695
f 2708 2695 2694
f 2708 2694 2693
f 2708 2693 2692
f 2708 2692 2691
f 2708 2691 2690
f 2708 2690 2689
f 2708 2689 2688
f 2708 2688 2687
f 2708 2687 2686
f 2708 2686 2685
f 2709 2710 2711
f 2709 2711 2712
f 2709 2712 2713
f 2709 2713 2714
f 2709 2714 2715
f 2709 2715 2716
f 2709 2716 2717
f 2709 2717 2718
f 2709 2718 2719
f 2709 2719 2720
f 2709 2720 2721
f 2709 2721 2722
f 2709 2722 2723
f 2709 2723 2724
f 2709 2724 2725
f 2709 2725 2726
f 2709 2726 2727
f 2709 2727 2728
f 2709 2728 2729
f 2709 2729 2730
f 2709 2730 2731
f 2709 2731 2732
f 2685 2686 2710
f 2685 2710 2709
f 2686 2687 2711
f 2686 2711 2710
f 2687 2688 2712
f 2687 2712 2711
f 2688 2689 2713
f 2688 2713 2712
f 2689 2690 2714
f 2689 2714 2713
f 2690 2691 2715
f 2690 2715 2714
f 2691 2692 2716
f 2691 2716 2715
f 2692 2693 2717
f 2692 2717 2716
f 2693 2694 2718
f 2693 2718 2717
f 2694 2695 2719
f 2694 2719 2718
f 2695 2696 2720
f 2695 2720 2719
f 2696 2697 2721
f 2696 2721 2720
f 2697 2698 2722
f 2697 2722 2721
f 2698 2699 2723
f 2698 2723 2722
f 2699 2700 2724
f 2699 2724 2723
f 2700 2701 2725
f 2700 2725 2724
f 2701 2702 2726
f 2701 2726 2725
f 2702 2703 2727
f 2702 2727 2726
f 2703 2704 2728
f 2703 2728 2727
f 2704 2705 2729
f 2704 2729 2728
f 2705 2706 2730
f 2705 2730 2729
f 2706 2707 2731
f 2706 2731 2730
f 2707 2708 2732
f 2707 2732 2731
f 2708 2685 2709
f 2708 2709 2732
o right_wheel_disc_1
usemtl Base
s off
v 1.063000 0.451151 1.283216
v 1.063000 0.444983 1.330062
v 1.063000 0.426901 1.373716
v 1.063000 0.398137 1.411202
v 1.063000 0.360651 1.439967
v 1.063000 0.316997 1.458049
v 1.063000 0.270151 1.464216
v 1.063000 0.223305 1.458049
v 1.063000 0.179651 1.439967
v 1.063000 0.142164 1.411202
v 1.063000 0.113400 1.373716
v 1.063000 0.095318 1.330062
v 1.063000 0.089151 1.283216
v 1.063000 0.095318 1.236370
v 1.063000 0.113400 1.192716
v 1.063000 0.142164 1.155230
v 1.063000 0.179651 1.126465
v 1.063000 0.223305 1.108384
v 1.063000 0.270151 1.102216
v 1.063000 0.316997 1.108384
v 1.063000 0.360651 1.126465
v 1.063000 0.398137 1.155230
v 1.063000 0.426901 1.192716
v 1.063000 0.444983 1.236370
v 1.089000 0.451151 1.283216
v 1.089000 0.444983 1.330062
v 1.089000 0.426901 1.373716
v 1.089000 0.398137 1.411202
v 1.089000 0.360651 1.439967
v 1.089000 0.316997 1.458049
v 1.089000 0.270151 1.464216
v 1.089000 0.223305 1.458049
v 1.089000 0.179651 1.439967
v 1.089000 0.142164 1.411202
v 1.089000 0.113400 1.373716
v 1.089000 0.095318 1.330062
v 1.089000 0.089151 1.283216
v 1.089000 0.095318 1.236370
v 1.089000 0.113400 1.192716
v 1.089000 0.142164 1.155230
v 1.089000 0.179651 1.126465
v 1.089000 0.223305 1.108384
v 1.089000 0.270151 1.102216
v 1.089000 0.316997 1.108384
v 1.089000 0.360651 1.126465
v 1.089000 0.398137 1.155230
v 1.089000 0.426901 1.192716
v 1.089000 0.444983 1.236370
f 2756 2755 2754
f 2756 2754 2753
f 2756 2753 2752
f 2756 2752 2751
f 2756 2751 2750
f 2756 2750 2749
f 2756 2749 2748
f 2756 2748 2747
f 2756 2747 2746
f 2756 2746 2745
f 2756 2745 2744
f 2756 2744 2743
f 2756 2743 2742
f 2756 2742 2741
f 2756 2741 2740
f 2756 2740 2739
f 2756 2739 2738
f 2756 2738 2737
f 2756 2737 2736
f 2756 2736 2735
f 2756 2735 2734
f 2756 2734 2733
f 2757 2758 2759
f 2757 2759 2760
f 2757 2760 2761
f 2757 2761 2762
f 2757 2762 2763
f 2757 2763 2764
f 2757 2764 2765
f 2757 2765 2766
f 2757 2766 2767
f 2757 2767 2768
f 2757 2768 2769
f 2757 2769 2770
f 2757 2770 2771
f 2757 2771 2772
f 2757 2772 2773
f 2757 2773 2774
f 2757 2774 2775
f 2757 2775 2776
f 2757 2776 2777
f 2757 2777 2778
f 2757 2778 2779
f 2757 2779 2780
f 2733 2734 2758
f 2733 2758 2757
f 2734 2735 2759
f 2734 2759 2758
f 2735 2736 2760
f 2735 2760 2759
f 2736 2737 2761
f 2736 2761 2760
f 2737 2738 2762
f 2737 2762 2761
f 2738 2739 2763
f 2738 2763 2762
f 2739 2740 2764
f 2739 2764 2763
f 2740 2741 2765
f 2740 2765 2764
f 2741 2742 2766
f 2741 2766 2765
f 2742 2743 2767
f 2742 2767 2766
f 2743 2744 2768
f 2743 2768 2767
f 2744 2745 2769
f 2744 2769 2768
f 2745 2746 2770
f 2745 2770 2769
f 2746 2747 2771
f 2746 2771 2770
f 2747 2748 2772
f 2747 2772 2771
f 2748 2749 2773
f 2748 2773 2772
f 2749 2750 2774
f 2749 2774 2773
f 2750 2751 2775
f 2750 2775 2774
f 2751 2752 2776
f 2751 2776 2775
f 2752 2753 2777
f 2752 2777 2776
f 2753 2754 2778
f 2753 2778 2777
f 2754 2755 2779
f 2754 2779 2778
f 2755 2756 2780
f 2755 2780 2779
f 2756 2733 2757
f 2756 2757 2780
o right_wheel_hub_1
usemtl Base
s off
v 1.085000 0.340151 1.283216
v 1.085000 0.334822 1.310004
v 1.085000 0.319648 1.332714
v 1.085000 0.296939 1.347888
v 1.085000 0.270151 1.353216
v 1.085000 0.243363 1.347888
v 1.085000 0.220653 1.332714
v 1.085000 0.205479 1.310004
v 1.085000 0.200151 1.283216
v 1.085000 0.205479 1.256428
v 1.085000 0.220653 1.233719
v 1.085000 0.243363 1.218545
v 1.085000 0.270151 1.213216
v 1.085000 0.296939 1.218545
v 1.085000 0.319648 1.233719
v 1.085000 0.334822 1.256428
v 1.111000 0.340151 1.283216
v 1.111000 0.334822 1.310004
v 1.111000 0.319648 1.332714
v 1.111000 0.296939 1.347888
v 1.111000 0.270151 1.353216
v 1.111000 0.243363 1.347888
v 1.111000 0.220653 1.332714
v 1.111000 0.205479 1.310004
v 1.111000 0.200151 1.283216
v 1.111000 0.205479 1.256428
v 1.111000 0.220653 1.233719
v 1.111000 0.243363 1.218545
v 1.111000 0.270151 1.213216
v 1.111000 0.296939 1.218545
v 1.111000 0.319648 1.233719
v 1.111000 0.334822 1.256428
f 2796 2795 2794
f 2796 2794 2793
f 2796 2793 2792
f 2796 2792 2791
f 2796 2791 2790
f 2796 2790 2789
f 2796 2789 2788
f 2796 2788 2787
f 2796 2787 2786
f 2796 2786 2785
f 2796 2785 2784
f 2796 2784 2783
f 2796 2783 2782
f 2796 2782 2781
f 2797 2798 2799
f 2797 2799 2800
f 2797 2800 2801
f 2797 2801 2802
f 2797 2802 2803
f 2797 2803 2804
f 2797 2804 2805
f 2797 2805 2806
f 2797 2806 2807
f 2797 2807 2808
f 2797 2808 2809
f 2797 2809 2810
f 2797 2810 2811
f 2797 2811 2812
f 2781 2782 2798
f 2781 2798 2797
f 2782 2783 2799
f 2782 2799 2798
f 2783 2784 2800
f 2783 2800 2799
f 2784 2785 2801
f 2784 2801 2800
f 2785 2786 2802
f 2785 2802 2801
f 2786 2787 2803
f 2786 2803 2802
f 2787 2788 2804
f 2787 2804 2803
f 2788 2789 2805
f 2788 2805 2804
f 2789 2790 2806
f 2789 2806 2805
f 2790 2791 2807
f 2790 2807 2806
f 2791 2792 2808
f 2791 2808 2807
f 2792 2793 2809
f 2792 2809 2808
f 2793 2794 2810
f 2793 2810 2809
f 2794 2795 2811
f 2794 2811 2810
f 2795 2796 2812
f 2795 2812 2811
f 2796 2781 2797
f 2796 2797 2812
o right_road_wheel_2
usemtl Tracks
s off
v 0.780000 0.492151 0.742915
v 0.780000 0.484586 0.800372
v 0.780000 0.462408 0.853915
v 0.780000 0.427128 0.899892
v 0.780000 0.381151 0.935172
v 0.780000 0.327609 0.957350
v 0.780000 0.270151 0.964915
v 0.780000 0.212693 0.957350
v 0.780000 0.159151 0.935172
v 0.780000 0.113173 0.899892
v 0.780000 0.077893 0.853915
v 0.780000 0.055715 0.800372
v 0.780000 0.048151 0.742915
v 0.780000 0.055715 0.685457
v 0.780000 0.077893 0.631915
v 0.780000 0.113173 0.585937
v 0.780000 0.159151 0.550657
v 0.780000 0.212693 0.528479
v 0.780000 0.270151 0.520915
v 0.780000 0.327609 0.528479
v 0.780000 0.381151 0.550657
v 0.780000 0.427128 0.585937
v 0.780000 0.462408 0.631915
v 0.780000 0.484586 0.685457
v 1.070000 0.492151 0.742915
v 1.070000 0.484586 0.800372
v 1.070000 0.462408 0.853915
v 1.070000 0.427128 0.899892
v 1.070000 0.381151 0.935172
v 1.070000 0.327609 0.957350
v 1.070000 0.270151 0.964915
v 1.070000 0.212693 0.957350
v 1.070000 0.159151 0.935172
v 1.070000 0.113173 0.899892
v 1.070000 0.077893 0.853915
v 1.070000 0.055715 0.800372
v 1.070000 0.048151 0.742915
v 1.070000 0.055715 0.685457
v 1.070000 0.077893 0.631915
v 1.070000 0.113173 0.585937
v 1.070000 0.159151 0.550657
v 1.070000 0.212693 0.528479
v 1.070000 0.270151 0.520915
v 1.070000 0.327609 0.528479
v 1.070000 0.381151 0.550657
v 1.070000 0.427128 0.585937
v 1.070000 0.462408 0.631915
v 1.070000 0.484586 0.685457
f 2836 2835 2834
f 2836 2834 2833
f 2836 2833 2832
f 2836 2832 2831
f 2836 2831 2830
f 2836 2830 2829
f 2836 2829 2828
f 2836 2828 2827
f 2836 2827 2826
f 2836 2826 2825
f 2836 2825 2824
f 2836 2824 2823
f 2836 2823 2822
f 2836 2822 2821
f 2836 2821 2820
f 2836 2820 2819
f 2836 2819 2818
f 2836 2818 2817
f 2836 2817 2816
f 2836 2816 2815
f 2836 2815 2814
f 2836 2814 2813
f 2837 2838 2839
f 2837 2839 2840
f 2837 2840 2841
f 2837 2841 2842
f 2837 2842 2843
f 2837 2843 2844
f 2837 2844 2845
f 2837 2845 2846
f 2837 2846 2847
f 2837 2847 2848
f 2837 2848 2849
f 2837 2849 2850
f 2837 2850 2851
f 2837 2851 2852
f 2837 2852 2853
f 2837 2853 2854
f 2837 2854 2855
f 2837 2855 2856
f 2837 2856 2857
f 2837 2857 2858
f 2837 2858 2859
f 2837 2859 2860
f 2813 2814 2838
f 2813 2838 2837
f 2814 2815 2839
f 2814 2839 2838
f 2815 2816 2840
f 2815 2840 2839
f 2816 2817 2841
f 2816 2841 2840
f 2817 2818 2842
f 2817 2842 2841
f 2818 2819 2843
f 2818 2843 2842
f 2819 2820 2844
f 2819 2844 2843
f 2820 2821 2845
f 2820 2845 2844
f 2821 2822 2846
f 2821 2846 2845
f 2822 2823 2847
f 2822 2847 2846
f 2823 2824 2848
f 2823 2848 2847
f 2824 2825 2849
f 2824 2849 2848
f 2825 2826 2850
f 2825 2850 2849
f 2826 2827 2851
f 2826 2851 2850
f 2827 2828 2852
f 2827 2852 2851
f 2828 2829 2853
f 2828 2853 2852
f 2829 2830 2854
f 2829 2854 2853
f 2830 2831 2855
f 2830 2855 2854
f 2831 2832 2856
f 2831 2856 2855
f 2832 2833 2857
f 2832 2857 2856
f 2833 2834 2858
f 2833 2858 2857
f 2834 2835 2859
f 2834 2859 2858
f 2835 2836 2860
f 2835 2860 2859
f 2836 2813 2837
f 2836 2837 2860
o right_wheel_disc_2
usemtl Base
s off
v 1.063000 0.451151 0.742915
v 1.063000 0.444983 0.789761
v 1.063000 0.426901 0.833415
v 1.063000 0.398137 0.870901
v 1.063000 0.360651 0.899665
v 1.063000 0.316997 0.917747
v 1.063000 0.270151 0.923915
v 1.063000 0.223305 0.917747
v 1.063000 0.179651 0.899665
v 1.063000 0.142164 0.870901
v 1.063000 0.113400 0.833415
v 1.063000 0.095318 0.789761
v 1.063000 0.089151 0.742915
v 1.063000 0.095318 0.696068
v 1.063000 0.113400 0.652415
v 1.063000 0.142164 0.614928
v 1.063000 0.179651 0.586164
v 1.063000 0.223305 0.568082
v 1.063000 0.270151 0.561915
v 1.063000 0.316997 0.568082
v 1.063000 0.360651 0.586164
v 1.063000 0.398137 0.614928
v 1.063000 0.426901 0.652415
v 1.063000 0.444983 0.696068
v 1.089000 0.451151 0.742915
v 1.089000 0.444983 0.789761
v 1.089000 0.426901 0.833415
v 1.089000 0.398137 0.870901
v 1.089000 0.360651 0.899665
v 1.089000 0.316997 0.917747
v 1.089000 0.270151 0.923915
v 1.089000 0.223305 0.917747
v 1.089000 0.179651 0.899665
v 1.089000 0.142164 0.870901
v 1.089000 0.113400 0.833415
v 1.089000 0.095318 0.789761
v 1.089000 0.089151 0.742915
v 1.089000 0.095318 0.696068
v 1.089000 0.113400 0.652415
v 1.089000 0.142164 0.614928
v 1.089000 0.179651 0.586164
v 1.089000 0.223305 0.568082
v 1.089000 0.270151 0.561915
v 1.089000 0.316997 0.568082
v 1.089000 0.360651 0.586164
v 1.089000 0.398137 0.614928
v 1.089000 0.426901 0.652415
v 1.089000 0.444983 0.696068
f 2884 2883 2882
f 2884 2882 2881
f 2884 2881 2880
f 2884 2880 2879
f 2884 2879 2878
f 2884 2878 2877
f 2884 2877 2876
f 2884 2876 2875
f 2884 2875 2874
f 2884 2874 2873
f 2884 2873 2872
f 2884 2872 2871
f 2884 2871 2870
f 2884 2870 2869
f 2884 2869 2868
f 2884 2868 2867
f 2884 2867 2866
f 2884 2866 2865
f 2884 2865 2864
f 2884 2864 2863
f 2884 2863 2862
f 2884 2862 2861
f 2885 2886 2887
f 2885 2887 2888
f 2885 2888 2889
f 2885 2889 2890
f 2885 2890 2891
f 2885 2891 2892
f 2885 2892 2893
f 2885 2893 2894
f 2885 2894 2895
f 2885 2895 2896
f 2885 2896 2897
f 2885 2897 2898
f 2885 2898 2899
f 2885 2899 2900
f 2885 2900 2901
f 2885 2901 2902
f 2885 2902 2903
f 2885 2903 2904
f 2885 2904 2905
f 2885 2905 2906
f 2885 2906 2907
f 2885 2907 2908
f 2861 2862 2886
f 2861 2886 2885
f 2862 2863 2887
f 2862 2887 2886
f 2863 2864 2888
f 2863 2888 2887
f 2864 2865 2889
f 2864 2889 2888
f 2865 2866 2890
f 2865 2890 2889
f 2866 2867 2891
f 2866 2891 2890
f 2867 2868 2892
f 2867 2892 2891
f 2868 2869 2893
f 2868 2893 2892
f 2869 2870 2894
f 2869 2894 2893
f 2870 2871 2895
f 2870 2895 2894
f 2871 2872 2896
f 2871 2896 2895
f 2872 2873 2897
f 2872 2897 2896
f 2873 2874 2898
f 2873 2898 2897
f 2874 2875 2899
f 2874 2899 2898
f 2875 2876 2900
f 2875 2900 2899
f 2876 2877 2901
f 2876 2901 2900
f 2877 2878 2902
f 2877 2902 2901
f 2878 2879 2903
f 2878 2903 2902
f 2879 2880 2904
f 2879 2904 2903
f 2880 2881 2905
f 2880 2905 2904
f 2881 2882 2906
f 2881 2906 2905
f 2882 2883 2907
f 2882 2907 2906
f 2883 2884 2908
f 2883 2908 2907
f 2884 2861 2885
f 2884 2885 2908
o right_wheel_hub_2
usemtl Base
s off
v 1.085000 0.340151 0.742915
v 1.085000 0.334822 0.769702
v 1.085000 0.319648 0.792412
v 1.085000 0.296939 0.807586
v 1.085000 0.270151 0.812915
v 1.085000 0.243363 0.807586
v 1.085000 0.220653 0.792412
v 1.085000 0.205479 0.769702
v 1.085000 0.200151 0.742915
v 1.085000 0.205479 0.716127
v 1.085000 0.220653 0.693417
v 1.085000 0.243363 0.678243
v 1.085000 0.270151 0.672915
v 1.085000 0.296939 0.678243
v 1.085000 0.319648 0.693417
v 1.085000 0.334822 0.716127
v 1.111000 0.340151 0.742915
v 1.111000 0.334822 0.769702
v 1.111000 0.319648 0.792412
v 1.111000 0.296939 0.807586
v 1.111000 0.270151 0.812915
v 1.111000 0.243363 0.807586
v 1.111000 0.220653 0.792412
v 1.111000 0.205479 0.769702
v 1.111000 0.200151 0.742915
v 1.111000 0.205479 0.716127
v 1.111000 0.220653 0.693417
v 1.111000 0.243363 0.678243
v 1.111000 0.270151 0.672915
v 1.111000 0.296939 0.678243
v 1.111000 0.319648 0.693417
v 1.111000 0.334822 0.716127
f 2924 2923 2922
f 2924 2922 2921
f 2924 2921 2920
f 2924 2920 2919
f 2924 2919 2918
f 2924 2918 2917
f 2924 2917 2916
f 2924 2916 2915
f 2924 2915 2914
f 2924 2914 2913
f 2924 2913 2912
f 2924 2912 2911
f 2924 2911 2910
f 2924 2910 2909
f 2925 2926 2927
f 2925 2927 2928
f 2925 2928 2929
f 2925 2929 2930
f 2925 2930 2931
f 2925 2931 2932
f 2925 2932 2933
f 2925 2933 2934
f 2925 2934 2935
f 2925 2935 2936
f 2925 2936 2937
f 2925 2937 2938
f 2925 2938 2939
f 2925 2939 2940
f 2909 2910 2926
f 2909 2926 2925
f 2910 2911 2927
f 2910 2927 2926
f 2911 2912 2928
f 2911 2928 2927
f 2912 2913 2929
f 2912 2929 2928
f 2913 2914 2930
f 2913 2930 2929
f 2914 2915 2931
f 2914 2931 2930
f 2915 2916 2932
f 2915 2932 2931
f 2916 2917 2933
f 2916 2933 2932
f 2917 2918 2934
f 2917 2934 2933
f 2918 2919 2935
f 2918 2935 2934
f 2919 2920 2936
f 2919 2936 2935
f 2920 2921 2937
f 2920 2937 2936
f 2921 2922 2938
f 2921 2938 2937
f 2922 2923 2939
f 2922 2939 2938
f 2923 2924 2940
f 2923 2940 2939
f 2924 2909 2925
f 2924 2925 2940
o right_road_wheel_3
usemtl Tracks
s off
v 0.780000 0.492151 0.191357
v 0.780000 0.484586 0.248815
v 0.780000 0.462408 0.302357
v 0.780000 0.427128 0.348334
v 0.780000 0.381151 0.383614
v 0.780000 0.327609 0.405792
v 0.780000 0.270151 0.413357
v 0.780000 0.212693 0.405792
v 0.780000 0.159151 0.383614
v 0.780000 0.113173 0.348334
v 0.780000 0.077893 0.302357
v 0.780000 0.055715 0.248815
v 0.780000 0.048151 0.191357
v 0.780000 0.055715 0.133899
v 0.780000 0.077893 0.080357
v 0.780000 0.113173 0.034379
v 0.780000 0.159151 -0.000901
v 0.780000 0.212693 -0.023079
v 0.780000 0.270151 -0.030643
v 0.780000 0.327609 -0.023079
v 0.780000 0.381151 -0.000901
v 0.780000 0.427128 0.034379
v 0.780000 0.462408 0.080357
v 0.780000 0.484586 0.133899
v 1.070000 0.492151 0.191357
v 1.070000 0.484586 0.248815
v 1.070000 0.462408 0.302357
v 1.070000 0.427128 0.348334
v 1.070000 0.381151 0.383614
v 1.070000 0.327609 0.405792
v 1.070000 0.270151 0.413357
v 1.070000 0.212693 0.405792
v 1.070000 0.159151 0.383614
v 1.070000 0.113173 0.348334
v 1.070000 0.077893 0.302357
v 1.070000 0.055715 0.248815
v 1.070000 0.048151 0.191357
v 1.070000 0.055715 0.133899
v 1.070000 0.077893 0.080357
v 1.070000 0.113173 0.034379
v 1.070000 0.159151 -0.000901
v 1.070000 0.212693 -0.023079
v 1.070000 0.270151 -0.030643
v 1.070000 0.327609 -0.023079
v 1.070000 0.381151 -0.000901
v 1.070000 0.427128 0.034379
v 1.070000 0.462408 0.080357
v 1.070000 0.484586 0.133899
f 2964 2963 2962
f 2964 2962 2961
f 2964 2961 2960
f 2964 2960 2959
f 2964 2959 2958
f 2964 2958 2957
f 2964 2957 2956
f 2964 2956 2955
f 2964 2955 2954
f 2964 2954 2953
f 2964 2953 2952
f 2964 2952 2951
f 2964 2951 2950
f 2964 2950 2949
f 2964 2949 2948
f 2964 2948 2947
f 2964 2947 2946
f 2964 2946 2945
f 2964 2945 2944
f 2964 2944 2943
f 2964 2943 2942
f 2964 2942 2941
f 2965 2966 2967
f 2965 2967 2968
f 2965 2968 2969
f 2965 2969 2970
f 2965 2970 2971
f 2965 2971 2972
f 2965 2972 2973
f 2965 2973 2974
f 2965 2974 2975
f 2965 2975 2976
f 2965 2976 2977
f 2965 2977 2978
f 2965 2978 2979
f 2965 2979 2980
f 2965 2980 2981
f 2965 2981 2982
f 2965 2982 2983
f 2965 2983 2984
f 2965 2984 2985
f 2965 2985 2986
f 2965 2986 2987
f 2965 2987 2988
f 2941 2942 2966
f 2941 2966 2965
f 2942 2943 2967
f 2942 2967 2966
f 2943 2944 2968
f 2943 2968 2967
f 2944 2945 2969
f 2944 2969 2968
f 2945 2946 2970
f 2945 2970 2969
f 2946 2947 2971
f 2946 2971 2970
f 2947 2948 2972
f 2947 2972 2971
f 2948 2949 2973
f 2948 2973 2972
f 2949 2950 2974
f 2949 2974 2973
f 2950 2951 2975
f 2950 2975 2974
f 2951 2952 2976
f 2951 2976 2975
f 2952 2953 2977
f 2952 2977 2976
f 2953 2954 2978
f 2953 2978 2977
f 2954 2955 2979
f 2954 2979 2978
f 2955 2956 2980
f 2955 2980 2979
f 2956 2957 2981
f 2956 2981 2980
f 2957 2958 2982
f 2957 2982 2981
f 2958 2959 2983
f 2958 2983 2982
f 2959 2960 2984
f 2959 2984 2983
f 2960 2961 2985
f 2960 2985 2984
f 2961 2962 2986
f 2961 2986 2985
f 2962 2963 2987
f 2962 2987 2986
f 2963 2964 2988
f 2963 2988 2987
f 2964 2941 2965
f 2964 2965 2988
o right_wheel_disc_3
usemtl Base
s off
v 1.063000 0.451151 0.191357
v 1.063000 0.444983 0.238203
v 1.063000 0.426901 0.281857
v 1.063000 0.398137 0.319343
v 1.063000 0.360651 0.348107
v 1.063000 0.316997 0.366189
v 1.063000 0.270151 0.372357
v 1.063000 0.223305 0.366189
v 1.063000 0.179651 0.348107
v 1.063000 0.142164 0.319343
v 1.063000 0.113400 0.281857
v 1.063000 0.095318 0.238203
v 1.063000 0.089151 0.191357
v 1.063000 0.095318 0.144511
v 1.063000 0.113400 0.100857
v 1.063000 0.142164 0.063370
v 1.063000 0.179651 0.034606
v 1.063000 0.223305 0.016524
v 1.063000 0.270151 0.010357
v 1.063000 0.316997 0.016524
v 1.063000 0.360651 0.034606
v 1.063000 0.398137 0.063370
v 1.063000 0.426901 0.100857
v 1.063000 0.444983 0.144511
v 1.089000 0.451151 0.191357
v 1.089000 0.444983 0.238203
v 1.089000 0.426901 0.281857
v 1.089000 0.398137 0.319343
v 1.089000 0.360651 0.348107
v 1.089000 0.316997 0.366189
v 1.089000 0.270151 0.372357
v 1.089000 0.223305 0.366189
v 1.089000 0.179651 0.348107
v 1.089000 0.142164 0.319343
v 1.089000 0.113400 0.281857
v 1.089000 0.095318 0.238203
v 1.089000 0.089151 0.191357
v 1.089000 0.095318 0.144511
v 1.089000 0.113400 0.100857
v 1.089000 0.142164 0.063370
v 1.089000 0.179651 0.034606
v 1.089000 0.223305 0.016524
v 1.089000 0.270151 0.010357
v 1.089000 0.316997 0.016524
v 1.089000 0.360651 0.034606
v 1.089000 0.398137 0.063370
v 1.089000 0.426901 0.100857
v 1.089000 0.444983 0.144511
f 3012 3011 3010
f 3012 3010 3009
f 3012 3009 3008
f 3012 3008 3007
f 3012 3007 3006
f 3012 3006 3005
f 3012 3005 3004
f 3012 3004 3003
f 3012 3003 3002
f 3012 3002 3001
f 3012 3001 3000
f 3012 3000 2999
f 3012 2999 2998
f 3012 2998 2997
f 3012 2997 2996
f 3012 2996 2995
f 3012 2995 2994
f 3012 2994 2993
f 3012 2993 2992
f 3012 2992 2991
f 3012 2991 2990
f 3012 2990 2989
f 3013 3014 3015
f 3013 3015 3016
f 3013 3016 3017
f 3013 3017 3018
f 3013 3018 3019
f 3013 3019 3020
f 3013 3020 3021
f 3013 3021 3022
f 3013 3022 3023
f 3013 3023 3024
f 3013 3024 3025
f 3013 3025 3026
f 3013 3026 3027
f 3013 3027 3028
f 3013 3028 3029
f 3013 3029 3030
f 3013 3030 3031
f 3013 3031 3032
f 3013 3032 3033
f 3013 3033 3034
f 3013 3034 3035
f 3013 3035 3036
f 2989 2990 3014
f 2989 3014 3013
f 2990 2991 3015
f 2990 3015 3014
f 2991 2992 3016
f 2991 3016 3015
f 2992 2993 3017
f 2992 3017 3016
f 2993 2994 3018
f 2993 3018 3017
f 2994 2995 3019
f 2994 3019 3018
f 2995 2996 3020
f 2995 3020 3019
f 2996 2997 3021
f 2996 3021 3020
f 2997 2998 3022
f 2997 3022 3021
f 2998 2999 3023
f 2998 3023 3022
f 2999 3000 3024
f 2999 3024 3023
f 3000 3001 3025
f 3000 3025 3024
f 3001 3002 3026
f 3001 3026 3025
f 3002 3003 3027
f 3002 3027 3026
f 3003 3004 3028
f 3003 3028 3027
f 3004 3005 3029
f 3004 3029 3028
f 3005 3006 3030
f 3005 3030 3029
f 3006 3007 3031
f 3006 3031 3030
f 3007 3008 3032
f 3007 3032 3031
f 3008 3009 3033
f 3008 3033 3032
f 3009 3010 3034
f 3009 3034 3033
f 3010 3011 3035
f 3010 3035 3034
f 3011 3012 3036
f 3011 3036 3035
f 3012 2989 3013
f 3012 3013 3036
o right_wheel_hub_3
usemtl Base
s off
v 1.085000 0.340151 0.191357
v 1.085000 0.334822 0.218145
v 1.085000 0.319648 0.240854
v 1.085000 0.296939 0.256028
v 1.085000 0.270151 0.261357
v 1.085000 0.243363 0.256028
v 1.085000 0.220653 0.240854
v 1.085000 0.205479 0.218145
v 1.085000 0.200151 0.191357
v 1.085000 0.205479 0.164569
v 1.085000 0.220653 0.141859
v 1.085000 0.243363 0.126685
v 1.085000 0.270151 0.121357
v 1.085000 0.296939 0.126685
v 1.085000 0.319648 0.141859
v 1.085000 0.334822 0.164569
v 1.111000 0.340151 0.191357
v 1.111000 0.334822 0.218145
v 1.111000 0.319648 0.240854
v 1.111000 0.296939 0.256028
v 1.111000 0.270151 0.261357
v 1.111000 0.243363 0.256028
v 1.111000 0.220653 0.240854
v 1.111000 0.205479 0.218145
v 1.111000 0.200151 0.191357
v 1.111000 0.205479 0.164569
v 1.111000 0.220653 0.141859
v 1.111000 0.243363 0.126685
v 1.111000 0.270151 0.121357
v 1.111000 0.296939 0.126685
v 1.111000 0.319648 0.141859
v 1.111000 0.334822 0.164569
f 3052 3051 3050
f 3052 3050 3049
f 3052 3049 3048
f 3052 3048 3047
f 3052 3047 3046
f 3052 3046 3045
f 3052 3045 3044
f 3052 3044 3043
f 3052 3043 3042
f 3052 3042 3041
f 3052 3041 3040
f 3052 3040 3039
f 3052 3039 3038
f 3052 3038 3037
f 3053 3054 3055
f 3053 3055 3056
f 3053 3056 3057
f 3053 3057 3058
f 3053 3058 3059
f 3053 3059 3060
f 3053 3060 3061
f 3053 3061 3062
f 3053 3062 3063
f 3053 3063 3064
f 3053 3064 3065
f 3053 3065 3066
f 3053 3066 3067
f 3053 3067 3068
f 3037 3038 3054
f 3037 3054 3053
f 3038 3039 3055
f 3038 3055 3054
f 3039 3040 3056
f 3039 3056 3055
f 3040 3041 3057
f 3040 3057 3056
f 3041 3042 3058
f 3041 3058 3057
f 3042 3043 3059
f 3042 3059 3058
f 3043 3044 3060
f 3043 3060 3059
f 3044 3045 3061
f 3044 3061 3060
f 3045 3046 3062
f 3045 3062 3061
f 3046 3047 3063
f 3046 3063 3062
f 3047 3048 3064
f 3047 3064 3063
f 3048 3049 3065
f 3048 3065 3064
f 3049 3050 3066
f 3049 3066 3065
f 3050 3051 3067
f 3050 3067 3066
f 3051 3052 3068
f 3051 3068 3067
f 3052 3037 3053
f 3052 3053 3068
o right_road_wheel_4
usemtl Tracks
s off
v 0.780000 0.492151 -0.360201
v 0.780000 0.484586 -0.302743
v 0.780000 0.462408 -0.249201
v 0.780000 0.427128 -0.203223
v 0.780000 0.381151 -0.167943
v 0.780000 0.327609 -0.145765
v 0.780000 0.270151 -0.138201
v 0.780000 0.212693 -0.145765
v 0.780000 0.159151 -0.167943
v 0.780000 0.113173 -0.203223
v 0.780000 0.077893 -0.249201
v 0.780000 0.055715 -0.302743
v 0.780000 0.048151 -0.360201
v 0.780000 0.055715 -0.417659
v 0.780000 0.077893 -0.471201
v 0.780000 0.113173 -0.517179
v 0.780000 0.159151 -0.552459
v 0.780000 0.212693 -0.574637
v 0.780000 0.270151 -0.582201
v 0.780000 0.327609 -0.574637
v 0.780000 0.381151 -0.552459
v 0.780000 0.427128 -0.517179
v 0.780000 0.462408 -0.471201
v 0.780000 0.484586 -0.417659
v 1.070000 0.492151 -0.360201
v 1.070000 0.484586 -0.302743
v 1.070000 0.462408 -0.249201
v 1.070000 0.427128 -0.203223
v 1.070000 0.381151 -0.167943
v 1.070000 0.327609 -0.145765
v 1.070000 0.270151 -0.138201
v 1.070000 0.212693 -0.145765
v 1.070000 0.159151 -0.167943
v 1.070000 0.113173 -0.203223
v 1.070000 0.077893 -0.249201
v 1.070000 0.055715 -0.302743
v 1.070000 0.048151 -0.360201
v 1.070000 0.055715 -0.417659
v 1.070000 0.077893 -0.471201
v 1.070000 0.113173 -0.517179
v 1.070000 0.159151 -0.552459
v 1.070000 0.212693 -0.574637
v 1.070000 0.270151 -0.582201
v 1.070000 0.327609 -0.574637
v 1.070000 0.381151 -0.552459
v 1.070000 0.427128 -0.517179
v 1.070000 0.462408 -0.471201
v 1.070000 0.484586 -0.417659
f 3092 3091 3090
f 3092 3090 3089
f 3092 3089 3088
f 3092 3088 3087
f 3092 3087 3086
f 3092 3086 3085
f 3092 3085 3084
f 3092 3084 3083
f 3092 3083 3082
f 3092 3082 3081
f 3092 3081 3080
f 3092 3080 3079
f 3092 3079 3078
f 3092 3078 3077
f 3092 3077 3076
f 3092 3076 3075
f 3092 3075 3074
f 3092 3074 3073
f 3092 3073 3072
f 3092 3072 3071
f 3092 3071 3070
f 3092 3070 3069
f 3093 3094 3095
f 3093 3095 3096
f 3093 3096 3097
f 3093 3097 3098
f 3093 3098 3099
f 3093 3099 3100
f 3093 3100 3101
f 3093 3101 3102
f 3093 3102 3103
f 3093 3103 3104
f 3093 3104 3105
f 3093 3105 3106
f 3093 3106 3107
f 3093 3107 3108
f 3093 3108 3109
f 3093 3109 3110
f 3093 3110 3111
f 3093 3111 3112
f 3093 3112 3113
f 3093 3113 3114
f 3093 3114 3115
f 3093 3115 3116
f 3069 3070 3094
f 3069 3094 3093
f 3070 3071 3095
f 3070 3095 3094
f 3071 3072 3096
f 3071 3096 3095
f 3072 3073 3097
f 3072 3097 3096
f 3073 3074 3098
f 3073 3098 3097
f 3074 3075 3099
f 3074 3099 3098
f 3075 3076 3100
f 3075 3100 3099
f 3076 3077 3101
f 3076 3101 3100
f 3077 3078 3102
f 3077 3102 3101
f 3078 3079 3103
f 3078 3103 3102
f 3079 3080 3104
f 3079 3104 3103
f 3080 3081 3105
f 3080 3105 3104
f 3081 3082 3106
f 3081 3106 3105
f 3082 3083 3107
f 3082 3107 3106
f 3083 3084 3108
f 3083 3108 3107
f 3084 3085 3109
f 3084 3109 3108
f 3085 3086 3110
f 3085 3110 3109
f 3086 3087 3111
f 3086 3111 3110
f 3087 3088 3112
f 3087 3112 3111
f 3088 3089 3113
f 3088 3113 3112
f 3089 3090 3114
f 3089 3114 3113
f 3090 3091 3115
f 3090 3115 3114
f 3091 3092 3116
f 3091 3116 3115
f 3092 3069 3093
f 3092 3093 3116
o right_wheel_disc_4
usemtl Base
s off
v 1.063000 0.451151 -0.360201
v 1.063000 0.444983 -0.313355
v 1.063000 0.426901 -0.269701
v 1.063000 0.398137 -0.232215
v 1.063000 0.360651 -0.203450
v 1.063000 0.316997 -0.185368
v 1.063000 0.270151 -0.179201
v 1.063000 0.223305 -0.185368
v 1.063000 0.179651 -0.203450
v 1.063000 0.142164 -0.232215
v 1.063000 0.113400 -0.269701
v 1.063000 0.095318 -0.313355
v 1.063000 0.089151 -0.360201
v 1.063000 0.095318 -0.407047
v 1.063000 0.113400 -0.450701
v 1.063000 0.142164 -0.488187
v 1.063000 0.179651 -0.516952
v 1.063000 0.223305 -0.535034
v 1.063000 0.270151 -0.541201
v 1.063000 0.316997 -0.535034
v 1.063000 0.360651 -0.516952
v 1.063000 0.398137 -0.488187
v 1.063000 0.426901 -0.450701
v 1.063000 0.444983 -0.407047
v 1.089000 0.451151 -0.360201
v 1.089000 0.444983 -0.313355
v 1.089000 0.426901 -0.269701
v 1.089000 0.398137 -0.232215
v 1.089000 0.360651 -0.203450
v 1.089000 0.316997 -0.185368
v 1.089000 0.270151 -0.179201
v 1.089000 0.223305 -0.185368
v 1.089000 0.179651 -0.203450
v 1.089000 0.142164 -0.232215
v 1.089000 0.113400 -0.269701
v 1.089000 0.095318 -0.313355
v 1.089000 0.089151 -0.360201
v 1.089000 0.095318 -0.407047
v 1.089000 0.113400 -0.450701
v 1.089000 0.142164 -0.488187
v 1.089000 0.179651 -0.516952
v 1.089000 0.223305 -0.535034
v 1.089000 0.270151 -0.541201
v 1.089000 0.316997 -0.535034
v 1.089000 0.360651 -0.516952
v 1.089000 0.398137 -0.488187
v 1.089000 0.426901 -0.450701
v 1.089000 0.444983 -0.407047
f 3140 3139 3138
f 3140 3138 3137
f 3140 3137 3136
f 3140 3136 3135
f 3140 3135 3134
f 3140 3134 3133
f 3140 3133 3132
f 3140 3132 3131
f 3140 3131 3130
f 3140 3130 3129
f 3140 3129 3128
f 3140 3128 3127
f 3140 3127 3126
f 3140 3126 3125
f 3140 3125 3124
f 3140 3124 3123
f 3140 3123 3122
f 3140 3122 3121
f 3140 3121 3120
f 3140 3120 3119
f 3140 3119 3118
f 3140 3118 3117
f 3141 3142 3143
f 3141 3143 3144
f 3141 3144 3145
f 3141 3145 3146
f 3141 3146 3147
f 3141 3147 3148
f 3141 3148 3149
f 3141 3149 3150
f 3141 3150 3151
f 3141 3151 3152
f 3141 3152 3153
f 3141 3153 3154
f 3141 3154 3155
f 3141 3155 3156
f 3141 3156 3157
f 3141 3157 3158
f 3141 3158 3159
f 3141 3159 3160
f 3141 3160 3161
f 3141 3161 3162
f 3141 3162 3163
f 3141 3163 3164
f 3117 3118 3142
f 3117 3142 3141
f 3118 3119 3143
f 3118 3143 3142
f 3119 3120 3144
f 3119 3144 3143
f 3120 3121 3145
f 3120 3145 3144
f 3121 3122 3146
f 3121 3146 3145
f 3122 3123 3147
f 3122 3147 3146
f 3123 3124 3148
f 3123 3148 3147
f 3124 3125 3149
f 3124 3149 3148
f 3125 3126 3150
f 3125 3150 3149
f 3126 3127 3151
f 3126 3151 3150
f 3127 3128 3152
f 3127 3152 3151
f 3128 3129 3153
f 3128 3153 3152
f 3129 3130 3154
f 3129 3154 3153
f 3130 3131 3155
f 3130 3155 3154
f 3131 3132 3156
f 3131 3156 3155
f 3132 3133 3157
f 3132 3157 3156
f 3133 3134 3158
f 3133 3158 3157
f 3134 3135 3159
f 3134 3159 3158
f 3135 3136 3160
f 3135 3160 3159
f 3136 3137 3161
f 3136 3161 3160
f 3137 3138 3162
f 3137 3162 3161
f 3138 3139 3163
f 3138 3163 3162
f 3139 3140 3164
f 3139 3164 3163
f 3140 3117 3141
f 3140 3141 3164
o right_wheel_hub_4
usemtl Base
s off
v 1.085000 0.340151 -0.360201
v 1.085000 0.334822 -0.333413
v 1.085000 0.319648 -0.310704
v 1.085000 0.296939 -0.295529
v 1.085000 0.270151 -0.290201
v 1.085000 0.243363 -0.295529
v 1.085000 0.220653 -0.310704
v 1.085000 0.205479 -0.333413
v 1.085000 0.200151 -0.360201
v 1.085000 0.205479 -0.386989
v 1.085000 0.220653 -0.409698
v 1.085000 0.243363 -0.424873
v 1.085000 0.270151 -0.430201
v 1.085000 0.296939 -0.424873
v 1.085000 0.319648 -0.409698
v 1.085000 0.334822 -0.386989
v 1.111000 0.340151 -0.360201
v 1.111000 0.334822 -0.333413
v 1.111000 0.319648 -0.310704
v 1.111000 0.296939 -0.295529
v 1.111000 0.270151 -0.290201
v 1.111000 0.243363 -0.295529
v 1.111000 0.220653 -0.310704
v 1.111000 0.205479 -0.333413
v 1.111000 0.200151 -0.360201
v 1.111000 0.205479 -0.386989
v 1.111000 0.220653 -0.409698
v 1.111000 0.243363 -0.424873
v 1.111000 0.270151 -0.430201
v 1.111000 0.296939 -0.424873
v 1.111000 0.319648 -0.409698
v 1.111000 0.334822 -0.386989
f 3180 3179 3178
f 3180 3178 3177
f 3180 3177 3176
f 3180 3176 3175
f 3180 3175 3174
f 3180 3174 3173
f 3180 3173 3172
f 3180 3172 3171
f 3180 3171 3170
f 3180 3170 3169
f 3180 3169 3168
f 3180 3168 3167
f 3180 3167 3166
f 3180 3166 3165
f 3181 3182 3183
f 3181 3183 3184
f 3181 3184 3185
f 3181 3185 3186
f 3181 3186 3187
f 3181 3187 3188
f 3181 3188 3189
f 3181 3189 3190
f 3181 3190 3191
f 3181 3191 3192
f 3181 3192 3193
f 3181 3193 3194
f 3181 3194 3195
f 3181 3195 3196
f 3165 3166 3182
f 3165 3182 3181
f 3166 3167 3183
f 3166 3183 3182
f 3167 3168 3184
f 3167 3184 3183
f 3168 3169 3185
f 3168 3185 3184
f 3169 3170 3186
f 3169 3186 3185
f 3170 3171 3187
f 3170 3187 3186
f 3171 3172 3188
f 3171 3188 3187
f 3172 3173 3189
f 3172 3189 3188
f 3173 3174 3190
f 3173 3190 3189
f 3174 3175 3191
f 3174 3191 3190
f 3175 3176 3192
f 3175 3192 3191
f 3176 3177 3193
f 3176 3193 3192
f 3177 3178 3194
f 3177 3194 3193
f 3178 3179 3195
f 3178 3195 3194
f 3179 3180 3196
f 3179 3196 3195
f 3180 3165 3181
f 3180 3181 3196
o right_road_wheel_5
usemtl Tracks
s off
v 0.780000 0.492151 -0.923015
v 0.780000 0.484586 -0.865557
v 0.780000 0.462408 -0.812015
v 0.780000 0.427128 -0.766037
v 0.780000 0.381151 -0.730757
v 0.780000 0.327609 -0.708580
v 0.780000 0.270151 -0.701015
v 0.780000 0.212693 -0.708580
v 0.780000 0.159151 -0.730757
v 0.780000 0.113173 -0.766037
v 0.780000 0.077893 -0.812015
v 0.780000 0.055715 -0.865557
v 0.780000 0.048151 -0.923015
v 0.780000 0.055715 -0.980473
v 0.780000 0.077893 -1.034015
v 0.780000 0.113173 -1.079993
v 0.780000 0.159151 -1.115273
v 0.780000 0.212693 -1.137451
v 0.780000 0.270151 -1.145015
v 0.780000 0.327609 -1.137451
v 0.780000 0.381151 -1.115273
v 0.780000 0.427128 -1.079993
v 0.780000 0.462408 -1.034015
v 0.780000 0.484586 -0.980473
v 1.070000 0.492151 -0.923015
v 1.070000 0.484586 -0.865557
v 1.070000 0.462408 -0.812015
v 1.070000 0.427128 -0.766037
v 1.070000 0.381151 -0.730757
v 1.070000 0.327609 -0.708580
v 1.070000 0.270151 -0.701015
v 1.070000 0.212693 -0.708580
v 1.070000 0.159151 -0.730757
v 1.070000 0.113173 -0.766037
v 1.070000 0.077893 -0.812015
v 1.070000 0.055715 -0.865557
v 1.070000 0.048151 -0.923015
v 1.070000 0.055715 -0.980473
v 1.070000 0.077893 -1.034015
v 1.070000 0.113173 -1.079993
v 1.070000 0.159151 -1.115273
v 1.070000 0.212693 -1.137451
v 1.070000 0.270151 -1.145015
v 1.070000 0.327609 -1.137451
v 1.070000 0.381151 -1.115273
v 1.070000 0.427128 -1.079993
v 1.070000 0.462408 -1.034015
v 1.070000 0.484586 -0.980473
f 3220 3219 3218
f 3220 3218 3217
f 3220 3217 3216
f 3220 3216 3215
f 3220 3215 3214
f 3220 3214 3213
f 3220 3213 3212
f 3220 3212 3211
f 3220 3211 3210
f 3220 3210 3209
f 3220 3209 3208
f 3220 3208 3207
f 3220 3207 3206
f 3220 3206 3205
f 3220 3205 3204
f 3220 3204 3203
f 3220 3203 3202
f 3220 3202 3201
f 3220 3201 3200
f 3220 3200 3199
f 3220 3199 3198
f 3220 3198 3197
f 3221 3222 3223
f 3221 3223 3224
f 3221 3224 3225
f 3221 3225 3226
f 3221 3226 3227
f 3221 3227 3228
f 3221 3228 3229
f 3221 3229 3230
f 3221 3230 3231
f 3221 3231 3232
f 3221 3232 3233
f 3221 3233 3234
f 3221 3234 3235
f 3221 3235 3236
f 3221 3236 3237
f 3221 3237 3238
f 3221 3238 3239
f 3221 3239 3240
f 3221 3240 3241
f 3221 3241 3242
f 3221 3242 3243
f 3221 3243 3244
f 3197 3198 3222
f 3197 3222 3221
f 3198 3199 3223
f 3198 3223 3222
f 3199 3200 3224
f 3199 3224 3223
f 3200 3201 3225
f 3200 3225 3224
f 3201 3202 3226
f 3201 3226 3225
f 3202 3203 3227
f 3202 3227 3226
f 3203 3204 3228
f 3203 3228 3227
f 3204 3205 3229
f 3204 3229 3228
f 3205 3206 3230
f 3205 3230 3229
f 3206 3207 3231
f 3206 3231 3230
f 3207 3208 3232
f 3207 3232 3231
f 3208 3209 3233
f 3208 3233 3232
f 3209 3210 3234
f 3209 3234 3233
f 3210 3211 3235
f 3210 3235 3234
f 3211 3212 3236
f 3211 3236 3235
f 3212 3213 3237
f 3212 3237 3236
f 3213 3214 3238
f 3213 3238 3237
f 3214 3215 3239
f 3214 3239 3238
f 3215 3216 3240
f 3215 3240 3239
f 3216 3217 3241
f 3216 3241 3240
f 3217 3218 3242
f 3217 3242 3241
f 3218 3219 3243
f 3218 3243 3242
f 3219 3220 3244
f 3219 3244 3243
f 3220 3197 3221
f 3220 3221 3244
o right_wheel_disc_5
usemtl Base
s off
v 1.063000 0.451151 -0.923015
v 1.063000 0.444983 -0.876169
v 1.063000 0.426901 -0.832515
v 1.063000 0.398137 -0.795029
v 1.063000 0.360651 -0.766264
v 1.063000 0.316997 -0.748183
v 1.063000 0.270151 -0.742015
v 1.063000 0.223305 -0.748183
v 1.063000 0.179651 -0.766264
v 1.063000 0.142164 -0.795029
v 1.063000 0.113400 -0.832515
v 1.063000 0.095318 -0.876169
v 1.063000 0.089151 -0.923015
v 1.063000 0.095318 -0.969861
v 1.063000 0.113400 -1.013515
v 1.063000 0.142164 -1.051001
v 1.063000 0.179651 -1.079766
v 1.063000 0.223305 -1.097848
v 1.063000 0.270151 -1.104015
v 1.063000 0.316997 -1.097848
v 1.063000 0.360651 -1.079766
v 1.063000 0.398137 -1.051001
v 1.063000 0.426901 -1.013515
v 1.063000 0.444983 -0.969861
v 1.089000 0.451151 -0.923015
v 1.089000 0.444983 -0.876169
v 1.089000 0.426901 -0.832515
v 1.089000 0.398137 -0.795029
v 1.089000 0.360651 -0.766264
v 1.089000 0.316997 -0.748183
v 1.089000 0.270151 -0.742015
v 1.089000 0.223305 -0.748183
v 1.089000 0.179651 -0.766264
v 1.089000 0.142164 -0.795029
v 1.089000 0.113400 -0.832515
v 1.089000 0.095318 -0.876169
v 1.089000 0.089151 -0.923015
v 1.089000 0.095318 -0.969861
v 1.089000 0.113400 -1.013515
v 1.089000 0.142164 -1.051001
v 1.089000 0.179651 -1.079766
v 1.089000 0.223305 -1.097848
v 1.089000 0.270151 -1.104015
v 1.089000 0.316997 -1.097848
v 1.089000 0.360651 -1.079766
v 1.089000 0.398137 -1.051001
v 1.089000 0.426901 -1.013515
v 1.089000 0.444983 -0.969861
f 3268 3267 3266
f 3268 3266 3265
f 3268 3265 3264
f 3268 3264 3263
f 3268 3263 3262
f 3268 3262 3261
f 3268 3261 3260
f 3268 3260 3259
f 3268 3259 3258
f 3268 3258 3257
f 3268 3257 3256
f 3268 3256 3255
f 3268 3255 3254
f 3268 3254 3253
f 3268 3253 3252
f 3268 3252 3251
f 3268 3251 3250
f 3268 3250 3249
f 3268 3249 3248
f 3268 3248 3247
f 3268 3247 3246
f 3268 3246 3245
f 3269 3270 3271
f 3269 3271 3272
f 3269 3272 3273
f 3269 3273 3274
f 3269 3274 3275
f 3269 3275 3276
f 3269 3276 3277
f 3269 3277 3278
f 3269 3278 3279
f 3269 3279 3280
f 3269 3280 3281
f 3269 3281 3282
f 3269 3282 3283
f 3269 3283 3284
f 3269 3284 3285
f 3269 3285 3286
f 3269 3286 3287
f 3269 3287 3288
f 3269 3288 3289
f 3269 3289 3290
f 3269 3290 3291
f 3269 3291 3292
f 3245 3246 3270
f 3245 3270 3269
f 3246 3247 3271
f 3246 3271 3270
f 3247 3248 3272
f 3247 3272 3271
f 3248 3249 3273
f 3248 3273 3272
f 3249 3250 3274
f 3249 3274 3273
f 3250 3251 3275
f 3250 3275 3274
f 3251 3252 3276
f 3251 3276 3275
f 3252 3253 3277
f 3252 3277 3276
f 3253 3254 3278
f 3253 3278 3277
f 3254 3255 3279
f 3254 3279 3278
f 3255 3256 3280
f 3255 3280 3279
f 3256 3257 3281
f 3256 3281 3280
f 3257 3258 3282
f 3257 3282 3281
f 3258 3259 3283
f 3258 3283 3282
f 3259 3260 3284
f 3259 3284 3283
f 3260 3261 3285
f 3260 3285 3284
f 3261 3262 3286
f 3261 3286 3285
f 3262 3263 3287
f 3262 3287 3286
f 3263 3264 3288
f 3263 3288 3287
f 3264 3265 3289
f 3264 3289 3288
f 3265 3266 3290
f 3265 3290 3289
f 3266 3267 3291
f 3266 3291 3290
f 3267 3268 3292
f 3267 3292 3291
f 3268 3245 3269
f 3268 3269 3292
o right_wheel_hub_5
usemtl Base
s off
v 1.085000 0.340151 -0.923015
v 1.085000 0.334822 -0.896227
v 1.085000 0.319648 -0.873518
v 1.085000 0.296939 -0.858344
v 1.085000 0.270151 -0.853015
v 1.085000 0.243363 -0.858344
v 1.085000 0.220653 -0.873518
v 1.085000 0.205479 -0.896227
v 1.085000 0.200151 -0.923015
v 1.085000 0.205479 -0.949803
v 1.085000 0.220653 -0.972513
v 1.085000 0.243363 -0.987687
v 1.085000 0.270151 -0.993015
v 1.085000 0.296939 -0.987687
v 1.085000 0.319648 -0.972513
v 1.085000 0.334822 -0.949803
v 1.111000 0.340151 -0.923015
v 1.111000 0.334822 -0.896227
v 1.111000 0.319648 -0.873518
v 1.111000 0.296939 -0.858344
v 1.111000 0.270151 -0.853015
v 1.111000 0.243363 -0.858344
v 1.111000 0.220653 -0.873518
v 1.111000 0.205479 -0.896227
v 1.111000 0.200151 -0.923015
v 1.111000 0.205479 -0.949803
v 1.111000 0.220653 -0.972513
v 1.111000 0.243363 -0.987687
v 1.111000 0.270151 -0.993015
v 1.111000 0.296939 -0.987687
v 1.111000 0.319648 -0.972513
v 1.111000 0.334822 -0.949803
f 3308 3307 3306
f 3308 3306 3305
f 3308 3305 3304
f 3308 3304 3303
f 3308 3303 3302
f 3308 3302 3301
f 3308 3301 3300
f 3308 3300 3299
f 3308 3299 3298
f 3308 3298 3297
f 3308 3297 3296
f 3308 3296 3295
f 3308 3295 3294
f 3308 3294 3293
f 3309 3310 3311
f 3309 3311 3312
f 3309 3312 3313
f 3309 3313 3314
f 3309 3314 3315
f 3309 3315 3316
f 3309 3316 3317
f 3309 3317 3318
f 3309 3318 3319
f 3309 3319 3320
f 3309 3320 3321
f 3309 3321 3322
f 3309 3322 3323
f 3309 3323 3324
f 3293 3294 3310
f 3293 3310 3309
f 3294 3295 3311
f 3294 3311 3310
f 3295 3296 3312
f 3295 3312 3311
f 3296 3297 3313
f 3296 3313 3312
f 3297 3298 3314
f 3297 3314 3313
f 3298 3299 3315
f 3298 3315 3314
f 3299 3300 3316
f 3299 3316 3315
f 3300 3301 3317
f 3300 3317 3316
f 3301 3302 3318
f 3301 3318 3317
f 3302 3303 3319
f 3302 3319 3318
f 3303 3304 3320
f 3303 3320 3319
f 3304 3305 3321
f 3304 3321 3320
f 3305 3306 3322
f 3305 3322 3321
f 3306 3307 3323
f 3306 3323 3322
f 3307 3308 3324
f 3307 3324 3323
f 3308 3293 3309
f 3308 3309 3324
o right_road_wheel_6
usemtl Tracks
s off
v 0.780000 0.492151 -1.452060
v 0.780000 0.484586 -1.394602
v 0.780000 0.462408 -1.341060
v 0.780000 0.427128 -1.295083
v 0.780000 0.381151 -1.259803
v 0.780000 0.327609 -1.237625
v 0.780000 0.270151 -1.230060
v 0.780000 0.212693 -1.237625
v 0.780000 0.159151 -1.259803
v 0.780000 0.113173 -1.295083
v 0.780000 0.077893 -1.341060
v 0.780000 0.055715 -1.394602
v 0.780000 0.048151 -1.452060
v 0.780000 0.055715 -1.509518
v 0.780000 0.077893 -1.563060
v 0.780000 0.113173 -1.609038
v 0.780000 0.159151 -1.644318
v 0.780000 0.212693 -1.666496
v 0.780000 0.270151 -1.674060
v 0.780000 0.327609 -1.666496
v 0.780000 0.381151 -1.644318
v 0.780000 0.427128 -1.609038
v 0.780000 0.462408 -1.563060
v 0.780000 0.484586 -1.509518
v 1.070000 0.492151 -1.452060
v 1.070000 0.484586 -1.394602
v 1.070000 0.462408 -1.341060
v 1.070000 0.427128 -1.295083
v 1.070000 0.381151 -1.259803
v 1.070000 0.327609 -1.237625
v 1.070000 0.270151 -1.230060
v 1.070000 0.212693 -1.237625
v 1.070000 0.159151 -1.259803
v 1.070000 0.113173 -1.295083
v 1.070000 0.077893 -1.341060
v 1.070000 0.055715 -1.394602
v 1.070000 0.048151 -1.452060
v 1.070000 0.055715 -1.509518
v 1.070000 0.077893 -1.563060
v 1.070000 0.113173 -1.609038
v 1.070000 0.159151 -1.644318
v 1.070000 0.212693 -1.666496
v 1.070000 0.270151 -1.674060
v 1.070000 0.327609 -1.666496
v 1.070000 0.381151 -1.644318
v 1.070000 0.427128 -1.609038
v 1.070000 0.462408 -1.563060
v 1.070000 0.484586 -1.509518
f 3348 3347 3346
f 3348 3346 3345
f 3348 3345 3344
f 3348 3344 3343
f 3348 3343 3342
f 3348 3342 3341
f 3348 3341 3340
f 3348 3340 3339
f 3348 3339 3338
f 3348 3338 3337
f 3348 3337 3336
f 3348 3336 3335
f 3348 3335 3334
f 3348 3334 3333
f 3348 3333 3332
f 3348 3332 3331
f 3348 3331 3330
f 3348 3330 3329
f 3348 3329 3328
f 3348 3328 3327
f 3348 3327 3326
f 3348 3326 3325
f 3349 3350 3351
f 3349 3351 3352
f 3349 3352 3353
f 3349 3353 3354
f 3349 3354 3355
f 3349 3355 3356
f 3349 3356 3357
f 3349 3357 3358
f 3349 3358 3359
f 3349 3359 3360
f 3349 3360 3361
f 3349 3361 3362
f 3349 3362 3363
f 3349 3363 3364
f 3349 3364 3365
f 3349 3365 3366
f 3349 3366 3367
f 3349 3367 3368
f 3349 3368 3369
f 3349 3369 3370
f 3349 3370 3371
f 3349 3371 3372
f 3325 3326 3350
f 3325 3350 3349
f 3326 3327 3351
f 3326 3351 3350
f 3327 3328 3352
f 3327 3352 3351
f 3328 3329 3353
f 3328 3353 3352
f 3329 3330 3354
f 3329 3354 3353
f 3330 3331 3355
f 3330 3355 3354
f 3331 3332 3356
f 3331 3356 3355
f 3332 3333 3357
f 3332 3357 3356
f 3333 3334 3358
f 3333 3358 3357
f 3334 3335 3359
f 3334 3359 3358
f 3335 3336 3360
f 3335 3360 3359
f 3336 3337 3361
f 3336 3361 3360
f 3337 3338 3362
f 3337 3362 3361
f 3338 3339 3363
f 3338 3363 3362
f 3339 3340 3364
f 3339 3364 3363
f 3340 3341 3365
f 3340 3365 3364
f 3341 3342 3366
f 3341 3366 3365
f 3342 3343 3367
f 3342 3367 3366
f 3343 3344 3368
f 3343 3368 3367
f 3344 3345 3369
f 3344 3369 3368
f 3345 3346 3370
f 3345 3370 3369
f 3346 3347 3371
f 3346 3371 3370
f 3347 3348 3372
f 3347 3372 3371
f 3348 3325 3349
f 3348 3349 3372
o right_wheel_disc_6
usemtl Base
s off
v 1.063000 0.451151 -1.452060
v 1.063000 0.444983 -1.405214
v 1.063000 0.426901 -1.361560
v 1.063000 0.398137 -1.324074
v 1.063000 0.360651 -1.295310
v 1.063000 0.316997 -1.277228
v 1.063000 0.270151 -1.271060
v 1.063000 0.223305 -1.277228
v 1.063000 0.179651 -1.295310
v 1.063000 0.142164 -1.324074
v 1.063000 0.113400 -1.361560
v 1.063000 0.095318 -1.405214
v 1.063000 0.089151 -1.452060
v 1.063000 0.095318 -1.498907
v 1.063000 0.113400 -1.542560
v 1.063000 0.142164 -1.580047
v 1.063000 0.179651 -1.608811
v 1.063000 0.223305 -1.626893
v 1.063000 0.270151 -1.633060
v 1.063000 0.316997 -1.626893
v 1.063000 0.360651 -1.608811
v 1.063000 0.398137 -1.580047
v 1.063000 0.426901 -1.542560
v 1.063000 0.444983 -1.498907
v 1.089000 0.451151 -1.452060
v 1.089000 0.444983 -1.405214
v 1.089000 0.426901 -1.361560
v 1.089000 0.398137 -1.324074
v 1.089000 0.360651 -1.295310
v 1.089000 0.316997 -1.277228
v 1.089000 0.270151 -1.271060
v 1.089000 0.223305 -1.277228
v 1.089000 0.179651 -1.295310
v 1.089000 0.142164 -1.324074
v 1.089000 0.113400 -1.361560
v 1.089000 0.095318 -1.405214
v 1.089000 0.089151 -1.452060
v 1.089000 0.095318 -1.498907
v 1.089000 0.113400 -1.542560
v 1.089000 0.142164 -1.580047
v 1.089000 0.179651 -1.608811
v 1.089000 0.223305 -1.626893
v 1.089000 0.270151 -1.633060
v 1.089000 0.316997 -1.626893
v 1.089000 0.360651 -1.608811
v 1.089000 0.398137 -1.580047
v 1.089000 0.426901 -1.542560
v 1.089000 0.444983 -1.498907
f 3396 3395 3394
f 3396 3394 3393
f 3396 3393 3392
f 3396 3392 3391
f 3396 3391 3390
f 3396 3390 3389
f 3396 3389 3388
f 3396 3388 3387
f 3396 3387 3386
f 3396 3386 3385
f 3396 3385 3384
f 3396 3384 3383
f 3396 3383 3382
f 3396 3382 3381
f 3396 3381 3380
f 3396 3380 3379
f 3396 3379 3378
f 3396 3378 3377
f 3396 3377 3376
f 3396 3376 3375
f 3396 3375 3374
f 3396 3374 3373
f 3397 3398 3399
f 3397 3399 3400
f 3397 3400 3401
f 3397 3401 3402
f 3397 3402 3403
f 3397 3403 3404
f 3397 3404 3405
f 3397 3405 3406
f 3397 3406 3407
f 3397 3407 3408
f 3397 3408 3409
f 3397 3409 3410
f 3397 3410 3411
f 3397 3411 3412
f 3397 3412 3413
f 3397 3413 3414
f 3397 3414 3415
f 3397 3415 3416
f 3397 3416 3417
f 3397 3417 3418
f 3397 3418 3419
f 3397 3419 3420
f 3373 3374 3398
f 3373 3398 3397
f 3374 3375 3399
f 3374 3399 3398
f 3375 3376 3400
f 3375 3400 3399
f 3376 3377 3401
f 3376 3401 3400
f 3377 3378 3402
f 3377 3402 3401
f 3378 3379 3403
f 3378 3403 3402
f 3379 3380 3404
f 3379 3404 3403
f 3380 3381 3405
f 3380 3405 3404
f 3381 3382 3406
f 3381 3406 3405
f 3382 3383 3407
f 3382 3407 3406
f 3383 3384 3408
f 3383 3408 3407
f 3384 3385 3409
f 3384 3409 3408
f 3385 3386 3410
f 3385 3410 3409
f 3386 3387 3411
f 3386 3411 3410
f 3387 3388 3412
f 3387 3412 3411
f 3388 3389 3413
f 3388 3413 3412
f 3389 3390 3414
f 3389 3414 3413
f 3390 3391 3415
f 3390 3415 3414
f 3391 3392 3416
f 3391 3416 3415
f 3392 3393 3417
f 3392 3417 3416
f 3393 3394 3418
f 3393 3418 3417
f 3394 3395 3419
f 3394 3419 3418
f 3395 3396 3420
f 3395 3420 3419
f 3396 3373 3397
f 3396 3397 3420
o right_wheel_hub_6
usemtl Base
s off
v 1.085000 0.340151 -1.452060
v 1.085000 0.334822 -1.425272
v 1.085000 0.319648 -1.402563
v 1.085000 0.296939 -1.387389
v 1.085000 0.270151 -1.382060
v 1.085000 0.243363 -1.387389
v 1.085000 0.220653 -1.402563
v 1.085000 0.205479 -1.425272
v 1.085000 0.200151 -1.452060
v 1.085000 0.205479 -1.478848
v 1.085000 0.220653 -1.501558
v 1.085000 0.243363 -1.516732
v 1.085000 0.270151 -1.522060
v 1.085000 0.296939 -1.516732
v 1.085000 0.319648 -1.501558
v 1.085000 0.334822 -1.478848
v 1.111000 0.340151 -1.452060
v 1.111000 0.334822 -1.425272
v 1.111000 0.319648 -1.402563
v 1.111000 0.296939 -1.387389
v 1.111000 0.270151 -1.382060
v 1.111000 0.243363 -1.387389
v 1.111000 0.220653 -1.402563
v 1.111000 0.205479 -1.425272
v 1.111000 0.200151 -1.452060
v 1.111000 0.205479 -1.478848
v 1.111000 0.220653 -1.501558
v 1.111000 0.243363 -1.516732
v 1.111000 0.270151 -1.522060
v 1.111000 0.296939 -1.516732
v 1.111000 0.319648 -1.501558
v 1.111000 0.334822 -1.478848
f 3436 3435 3434
f 3436 3434 3433
f 3436 3433 3432
f 3436 3432 3431
f 3436 3431 3430
f 3436 3430 3429
f 3436 3429 3428
f 3436 3428 3427
f 3436 3427 3426
f 3436 3426 3425
f 3436 3425 3424
f 3436 3424 3423
f 3436 3423 3422
f 3436 3422 3421
f 3437 3438 3439
f 3437 3439 3440
f 3437 3440 3441
f 3437 3441 3442
f 3437 3442 3443
f 3437 3443 3444
f 3437 3444 3445
f 3437 3445 3446
f 3437 3446 3447
f 3437 3447 3448
f 3437 3448 3449
f 3437 3449 3450
f 3437 3450 3451
f 3437 3451 3452
f 3421 3422 3438
f 3421 3438 3437
f 3422 3423 3439
f 3422 3439 3438
f 3423 3424 3440
f 3423 3440 3439
f 3424 3425 3441
f 3424 3441 3440
f 3425 3426 3442
f 3425 3442 3441
f 3426 3427 3443
f 3426 3443 3442
f 3427 3428 3444
f 3427 3444 3443
f 3428 3429 3445
f 3428 3445 3444
f 3429 3430 3446
f 3429 3446 3445
f 3430 3431 3447
f 3430 3447 3446
f 3431 3432 3448
f 3431 3448 3447
f 3432 3433 3449
f 3432 3449 3448
f 3433 3434 3450
f 3433 3450 3449
f 3434 3435 3451
f 3434 3451 3450
f 3435 3436 3452
f 3435 3452 3451
f 3436 3421 3437
f 3436 3437 3452
o right_idler
usemtl Tracks
s off
v 0.780000 0.637251 1.812261
v 0.780000 0.630879 1.860660
v 0.780000 0.612198 1.905761
v 0.780000 0.582480 1.944490
v 0.780000 0.543751 1.974208
v 0.780000 0.498650 1.992889
v 0.780000 0.450251 1.999261
v 0.780000 0.401852 1.992889
v 0.780000 0.356751 1.974208
v 0.780000 0.318022 1.944490
v 0.780000 0.288305 1.905761
v 0.780000 0.269623 1.860660
v 0.780000 0.263251 1.812261
v 0.780000 0.269623 1.763862
v 0.780000 0.288305 1.718761
v 0.780000 0.318022 1.680032
v 0.780000 0.356751 1.650315
v 0.780000 0.401852 1.631633
v 0.780000 0.450251 1.625261
v 0.780000 0.498650 1.631633
v 0.780000 0.543751 1.650315
v 0.780000 0.582480 1.680032
v 0.780000 0.612198 1.718761
v 0.780000 0.630879 1.763862
v 1.070000 0.637251 1.812261
v 1.070000 0.630879 1.860660
v 1.070000 0.612198 1.905761
v 1.070000 0.582480 1.944490
v 1.070000 0.543751 1.974208
v 1.070000 0.498650 1.992889
v 1.070000 0.450251 1.999261
v 1.070000 0.401852 1.992889
v 1.070000 0.356751 1.974208
v 1.070000 0.318022 1.944490
v 1.070000 0.288305 1.905761
v 1.070000 0.269623 1.860660
v 1.070000 0.263251 1.812261
v 1.070000 0.269623 1.763862
v 1.070000 0.288305 1.718761
v 1.070000 0.318022 1.680032
v 1.070000 0.356751 1.650315
v 1.070000 0.401852 1.631633
v 1.070000 0.450251 1.625261
v 1.070000 0.498650 1.631633
v 1.070000 0.543751 1.650315
v 1.070000 0.582480 1.680032
v 1.070000 0.612198 1.718761
v 1.070000 0.630879 1.763862
f 3476 3475 3474
f 3476 3474 3473
f 3476 3473 3472
f 3476 3472 3471
f 3476 3471 3470
f 3476 3470 3469
f 3476 3469 3468
f 3476 3468 3467
f 3476 3467 3466
f 3476 3466 3465
f 3476 3465 3464
f 3476 3464 3463
f 3476 3463 3462
f 3476 3462 3461
f 3476 3461 3460
f 3476 3460 3459
f 3476 3459 3458
f 3476 3458 3457
f 3476 3457 3456
f 3476 3456 3455
f 3476 3455 3454
f 3476 3454 3453
f 3477 3478 3479
f 3477 3479 3480
f 3477 3480 3481
f 3477 3481 3482
f 3477 3482 3483
f 3477 3483 3484
f 3477 3484 3485
f 3477 3485 3486
f 3477 3486 3487
f 3477 3487 3488
f 3477 3488 3489
f 3477 3489 3490
f 3477 3490 3491
f 3477 3491 3492
f 3477 3492 3493
f 3477 3493 3494
f 3477 3494 3495
f 3477 3495 3496
f 3477 3496 3497
f 3477 3497 3498
f 3477 3498 3499
f 3477 3499 3500
f 3453 3454 3478
f 3453 3478 3477
f 3454 3455 3479
f 3454 3479 3478
f 3455 3456 3480
f 3455 3480 3479
f 3456 3457 3481
f 3456 3481 3480
f 3457 3458 3482
f 3457 3482 3481
f 3458 3459 3483
f 3458 3483 3482
f 3459 3460 3484
f 3459 3484 3483
f 3460 3461 3485
f 3460 3485 3484
f 3461 3462 3486
f 3461 3486 3485
f 3462 3463 3487
f 3462 3487 3486
f 3463 3464 3488
f 3463 3488 3487
f 3464 3465 3489
f 3464 3489 3488
f 3465 3466 3490
f 3465 3490 3489
f 3466 3467 3491
f 3466 3491 3490
f 3467 3468 3492
f 3467 3492 3491
f 3468 3469 3493
f 3468 3493 3492
f 3469 3470 3494
f 3469 3494 3493
f 3470 3471 3495
f 3470 3495 3494
f 3471 3472 3496
f 3471 3496 3495
f 3472 3473 3497
f 3472 3497 3496
f 3473 3474 3498
f 3473 3498 3497
f 3474 3475 3499
f 3474 3499 3498
f 3475 3476 3500
f 3475 3500 3499
f 3476 3453 3477
f 3476 3477 3500
o right_idler_disc
usemtl Base
s off
v 1.060000 0.595251 1.812261
v 1.060000 0.590311 1.849790
v 1.060000 0.575825 1.884761
v 1.060000 0.552782 1.914792
v 1.060000 0.522751 1.937835
v 1.060000 0.487780 1.952321
v 1.060000 0.450251 1.957261
v 1.060000 0.412722 1.952321
v 1.060000 0.377751 1.937835
v 1.060000 0.347721 1.914792
v 1.060000 0.324678 1.884761
v 1.060000 0.310192 1.849790
v 1.060000 0.305251 1.812261
v 1.060000 0.310192 1.774733
v 1.060000 0.324678 1.739761
v 1.060000 0.347721 1.709731
v 1.060000 0.377751 1.686688
v 1.060000 0.412722 1.672202
v 1.060000 0.450251 1.667261
v 1.060000 0.487780 1.672202
v 1.060000 0.522751 1.686688
v 1.060000 0.552782 1.709731
v 1.060000 0.575825 1.739761
v 1.060000 0.590311 1.774733
v 1.086000 0.595251 1.812261
v 1.086000 0.590311 1.849790
v 1.086000 0.575825 1.884761
v 1.086000 0.552782 1.914792
v 1.086000 0.522751 1.937835
v 1.086000 0.487780 1.952321
v 1.086000 0.450251 1.957261
v 1.086000 0.412722 1.952321
v 1.086000 0.377751 1.937835
v 1.086000 0.347721 1.914792
v 1.086000 0.324678 1.884761
v 1.086000 0.310192 1.849790
v 1.086000 0.305251 1.812261
v 1.086000 0.310192 1.774733
v 1.086000 0.324678 1.739761
v 1.086000 0.347721 1.709731
v 1.086000 0.377751 1.686688
v 1.086000 0.412722 1.672202
v 1.086000 0.450251 1.667261
v 1.086000 0.487780 1.672202
v 1.086000 0.522751 1.686688
v 1.086000 0.552782 1.709731
v 1.086000 0.575825 1.739761
v 1.086000 0.590311 1.774733
f 3524 3523 3522
f 3524 3522 3521
f 3524 3521 3520
f 3524 3520 3519
f 3524 3519 3518
f 3524 3518 3517
f 3524 3517 3516
f 3524 3516 3515
f 3524 3515 3514
f 3524 3514 3513
f 3524 3513 3512
f 3524 3512 3511
f 3524 3511 3510
f 3524 3510 3509
f 3524 3509 3508
f 3524 3508 3507
f 3524 3507 3506
f 3524 3506 3505
f 3524 3505 3504
f 3524 3504 3503
f 3524 3503 3502
f 3524 3502 3501
f 3525 3526 3527
f 3525 3527 3528
f 3525 3528 3529
f 3525 3529 3530
f 3525 3530 3531
f 3525 3531 3532
f 3525 3532 3533
f 3525 3533 3534
f 3525 3534 3535
f 3525 3535 3536
f 3525 3536 3537
f 3525 3537 3538
f 3525 3538 3539
f 3525 3539 3540
f 3525 3540 3541
f 3525 3541 3542
f 3525 3542 3543
f 3525 3543 3544
f 3525 3544 3545
f 3525 3545 3546
f 3525 3546 3547
f 3525 3547 3548
f 3501 3502 3526
f 3501 3526 3525
f 3502 3503 3527
f 3502 3527 3526
f 3503 3504 3528
f 3503 3528 3527
f 3504 3505 3529
f 3504 3529 3528
f 3505 3506 3530
f 3505 3530 3529
f 3506 3507 3531
f 3506 3531 3530
f 3507 3508 3532
f 3507 3532 3531
f 3508 3509 3533
f 3508 3533 3532
f 3509 3510 3534
f 3509 3534 3533
f 3510 3511 3535
f 3510 3535 3534
f 3511 3512 3536
f 3511 3536 3535
f 3512 3513 3537
f 3512 3537 3536
f 3513 3514 3538
f 3513 3538 3537
f 3514 3515 3539
f 3514 3539 3538
f 3515 3516 3540
f 3515 3540 3539
f 3516 3517 3541
f 3516 3541 3540
f 3517 3518 3542
f 3517 3542 3541
f 3518 3519 3543
f 3518 3543 3542
f 3519 3520 3544
f 3519 3544 3543
f 3520 3521 3545
f 3520 3545 3544
f 3521 3522 3546
f 3521 3546 3545
f 3522 3523 3547
f 3522 3547 3546
f 3523 3524 3548
f 3523 3548 3547
f 3524 3501 3525
f 3524 3525 3548
o right_idler_hub
usemtl Base
s off
v 1.082000 0.515251 1.812261
v 1.082000 0.510303 1.837136
v 1.082000 0.496213 1.858223
v 1.082000 0.475126 1.872313
v 1.082000 0.450251 1.877261
v 1.082000 0.425377 1.872313
v 1.082000 0.404289 1.858223
v 1.082000 0.390199 1.837136
v 1.082000 0.385251 1.812261
v 1.082000 0.390199 1.787387
v 1.082000 0.404289 1.766299
v 1.082000 0.425377 1.752209
v 1.082000 0.450251 1.747261
v 1.082000 0.475126 1.752209
v 1.082000 0.496213 1.766299
v 1.082000 0.510303 1.787387
v 1.108000 0.515251 1.812261
v 1.108000 0.510303 1.837136
v 1.108000 0.496213 1.858223
v 1.108000 0.475126 1.872313
v 1.108000 0.450251 1.877261
v 1.108000 0.425377 1.872313
v 1.108000 0.404289 1.858223
v 1.108000 0.390199 1.837136
v 1.108000 0.385251 1.812261
v 1.108000 0.390199 1.787387
v 1.108000 0.404289 1.766299
v 1.108000 0.425377 1.752209
v 1.108000 0.450251 1.747261
v 1.108000 0.475126 1.752209
v 1.108000 0.496213 1.766299
v 1.108000 0.510303 1.787387
f 3564 3563 3562
f 3564 3562 3561
f 3564 3561 3560
f 3564 3560 3559
f 3564 3559 3558
f 3564 3558 3557
f 3564 3557 3556
f 3564 3556 3555
f 3564 3555 3554
f 3564 3554 3553
f 3564 3553 3552
f 3564 3552 3551
f 3564 3551 3550
f 3564 3550 3549
f 3565 3566 3567
f 3565 3567 3568
f 3565 3568 3569
f 3565 3569 3570
f 3565 3570 3571
f 3565 3571 3572
f 3565 3572 3573
f 3565 3573 3574
f 3565 3574 3575
f 3565 3575 3576
f 3565 3576 3577
f 3565 3577 3578
f 3565 3578 3579
f 3565 3579 3580
f 3549 3550 3566
f 3549 3566 3565
f 3550 3551 3567
f 3550 3567 3566
f 3551 3552 3568
f 3551 3568 3567
f 3552 3553 3569
f 3552 3569 3568
f 3553 3554 3570
f 3553 3570 3569
f 3554 3555 3571
f 3554 3571 3570
f 3555 3556 3572
f 3555 3572 3571
f 3556 3557 3573
f 3556 3573 3572
f 3557 3558 3574
f 3557 3574 3573
f 3558 3559 3575
f 3558 3575 3574
f 3559 3560 3576
f 3559 3576 3575
f 3560 3561 3577
f 3560 3577 3576
f 3561 3562 3578
f 3561 3578 3577
f 3562 3563 3579
f 3562 3579 3578
f 3563 3564 3580
f 3563 3580 3579
f 3564 3549 3565
f 3564 3565 3580
o right_sprocket
usemtl Tracks
s off
v 0.780000 0.648508 -1.913568
v 0.780000 0.642136 -1.865169
v 0.780000 0.623454 -1.820068
v 0.780000 0.593737 -1.781339
v 0.780000 0.555008 -1.751621
v 0.780000 0.509907 -1.732940
v 0.780000 0.461508 -1.726568
v 0.780000 0.413108 -1.732940
v 0.780000 0.368008 -1.751621
v 0.780000 0.329279 -1.781339
v 0.780000 0.299561 -1.820068
v 0.780000 0.280879 -1.865169
v 0.780000 0.274508 -1.913568
v 0.780000 0.280879 -1.961967
v 0.780000 0.299561 -2.007068
v 0.780000 0.329279 -2.045797
v 0.780000 0.368008 -2.075515
v 0.780000 0.413108 -2.094196
v 0.780000 0.461508 -2.100568
v 0.780000 0.509907 -2.094196
v 0.780000 0.555008 -2.075515
v 0.780000 0.593737 -2.045797
v 0.780000 0.623454 -2.007068
v 0.780000 0.642136 -1.961967
v 1.070000 0.648508 -1.913568
v 1.070000 0.642136 -1.865169
v 1.070000 0.623454 -1.820068
v 1.070000 0.593737 -1.781339
v 1.070000 0.555008 -1.751621
v 1.070000 0.509907 -1.732940
v 1.070000 0.461508 -1.726568
v 1.070000 0.413108 -1.732940
v 1.070000 0.368008 -1.751621
v 1.070000 0.329279 -1.781339
v 1.070000 0.299561 -1.820068
v 1.070000 0.280879 -1.865169
v 1.070000 0.274508 -1.913568
v 1.070000 0.280879 -1.961967
v 1.070000 0.299561 -2.007068
v 1.070000 0.329279 -2.045797
v 1.070000 0.368008 -2.075515
v 1.070000 0.413108 -2.094196
v 1.070000 0.461508 -2.100568
v 1.070000 0.509907 -2.094196
v 1.070000 0.555008 -2.075515
v 1.070000 0.593737 -2.045797
v 1.070000 0.623454 -2.007068
v 1.070000 0.642136 -1.961967
f 3604 3603 3602
f 3604 3602 3601
f 3604 3601 3600
f 3604 3600 3599
f 3604 3599 3598
f 3604 3598 3597
f 3604 3597 3596
f 3604 3596 3595
f 3604 3595 3594
f 3604 3594 3593
f 3604 3593 3592
f 3604 3592 3591
f 3604 3591 3590
f 3604 3590 3589
f 3604 3589 3588
f 3604 3588 3587
f 3604 3587 3586
f 3604 3586 3585
f 3604 3585 3584
f 3604 3584 3583
f 3604 3583 3582
f 3604 3582 3581
f 3605 3606 3607
f 3605 3607 3608
f 3605 3608 3609
f 3605 3609 3610
f 3605 3610 3611
f 3605 3611 3612
f 3605 3612 3613
f 3605 3613 3614
f 3605 3614 3615
f 3605 3615 3616
f 3605 3616 3617
f 3605 3617 3618
f 3605 3618 3619
f 3605 3619 3620
f 3605 3620 3621
f 3605 3621 3622
f 3605 3622 3623
f 3605 3623 3624
f 3605 3624 3625
f 3605 3625 3626
f 3605 3626 3627
f 3605 3627 3628
f 3581 3582 3606
f 3581 3606 3605
f 3582 3583 3607
f 3582 3607 3606
f 3583 3584 3608
f 3583 3608 3607
f 3584 3585 3609
f 3584 3609 3608
f 3585 3586 3610
f 3585 3610 3609
f 3586 3587 3611
f 3586 3611 3610
f 3587 3588 3612
f 3587 3612 3611
f 3588 3589 3613
f 3588 3613 3612
f 3589 3590 3614
f 3589 3614 3613
f 3590 3591 3615
f 3590 3615 3614
f 3591 3592 3616
f 3591 3616 3615
f 3592 3593 3617
f 3592 3617 3616
f 3593 3594 3618
f 3593 3618 3617
f 3594 3595 3619
f 3594 3619 3618
f 3595 3596 3620
f 3595 3620 3619
f 3596 3597 3621
f 3596 3621 3620
f 3597 3598 3622
f 3597 3622 3621
f 3598 3599 3623
f 3598 3623 3622
f 3599 3600 3624
f 3599 3624 3623
f 3600 3601 3625
f 3600 3625 3624
f 3601 3602 3626
f 3601 3626 3625
f 3602 3603 3627
f 3602 3627 3626
f 3603 3604 3628
f 3603 3628 3627
f 3604 3581 3605
f 3604 3605 3628
o right_sprocket_disc
usemtl Base
s off
v 1.060000 0.606508 -1.913568
v 1.060000 0.601567 -1.876039
v 1.060000 0.587081 -1.841068
v 1.060000 0.564038 -1.811037
v 1.060000 0.534008 -1.787994
v 1.060000 0.499036 -1.773509
v 1.060000 0.461508 -1.768568
v 1.060000 0.423979 -1.773509
v 1.060000 0.389008 -1.787994
v 1.060000 0.358977 -1.811037
v 1.060000 0.335934 -1.841068
v 1.060000 0.321448 -1.876039
v 1.060000 0.316508 -1.913568
v 1.060000 0.321448 -1.951097
v 1.060000 0.335934 -1.986068
v 1.060000 0.358977 -2.016098
v 1.060000 0.389008 -2.039142
v 1.060000 0.423979 -2.053627
v 1.060000 0.461508 -2.058568
v 1.060000 0.499036 -2.053627
v 1.060000 0.534008 -2.039142
v 1.060000 0.564038 -2.016098
v 1.060000 0.587081 -1.986068
v 1.060000 0.601567 -1.951097
v 1.086000 0.606508 -1.913568
v 1.086000 0.601567 -1.876039
v 1.086000 0.587081 -1.841068
v 1.086000 0.564038 -1.811037
v 1.086000 0.534008 -1.787994
v 1.086000 0.499036 -1.773509
v 1.086000 0.461508 -1.768568
v 1.086000 0.423979 -1.773509
v 1.086000 0.389008 -1.787994
v 1.086000 0.358977 -1.811037
v 1.086000 0.335934 -1.841068
v 1.086000 0.321448 -1.876039
v 1.086000 0.316508 -1.913568
v 1.086000 0.321448 -1.951097
v 1.086000 0.335934 -1.986068
v 1.086000 0.358977 -2.016098
v 1.086000 0.389008 -2.039142
v 1.086000 0.423979 -2.053627
v 1.086000 0.461508 -2.058568
v 1.086000 0.499036 -2.053627
v 1.086000 0.534008 -2.039142
v 1.086000 0.564038 -2.016098
v 1.086000 0.587081 -1.986068
v 1.086000 0.601567 -1.951097
f 3652 3651 3650
f 3652 3650 3649
f 3652 3649 3648
f 3652 3648 3647
f 3652 3647 3646
f 3652 3646 3645
f 3652 3645 3644
f 3652 3644 3643
f 3652 3643 3642
f 3652 3642 3641
f 3652 3641 3640
f 3652 3640 3639
f 3652 3639 3638
f 3652 3638 3637
f 3652 3637 3636
f 3652 3636 3635
f 3652 3635 3634
f 3652 3634 3633
f 3652 3633 3632
f 3652 3632 3631
f 3652 3631 3630
f 3652 3630 3629
f 3653 3654 3655
f 3653 3655 3656
f 3653 3656 3657
f 3653 3657 3658
f 3653 3658 3659
f 3653 3659 3660
f 3653 3660 3661
f 3653 3661 3662
f 3653 3662 3663
f 3653 3663 3664
f 3653 3664 3665
f 3653 3665 3666
f 3653 3666 3667
f 3653 3667 3668
f 3653 3668 3669
f 3653 3669 3670
f 3653 3670 3671
f 3653 3671 3672
f 3653 3672 3673
f 3653 3673 3674
f 3653 3674 3675
f 3653 3675 3676
f 3629 3630 3654
f 3629 3654 3653
f 3630 3631 3655
f 3630 3655 3654
f 3631 3632 3656
f 3631 3656 3655
f 3632 3633 3657
f 3632 3657 3656
f 3633 3634 3658
f 3633 3658 3657
f 3634 3635 3659
f 3634 3659 3658
f 3635 3636 3660
f 3635 3660 3659
f 3636 3637 3661
f 3636 3661 3660
f 3637 3638 3662
f 3637 3662 3661
f 3638 3639 3663
f 3638 3663 3662
f 3639 3640 3664
f 3639 3664 3663
f 3640 3641 3665
f 3640 3665 3664
f 3641 3642 3666
f 3641 3666 3665
f 3642 3643 3667
f 3642 3667 3666
f 3643 3644 3668
f 3643 3668 3667
f 3644 3645 3669
f 3644 3669 3668
f 3645 3646 3670
f 3645 3670 3669
f 3646 3647 3671
f 3646 3671 3670
f 3647 3648 3672
f 3647 3672 3671
f 3648 3649 3673
f 3648 3673 3672
f 3649 3650 3674
f 3649 3674 3673
f 3650 3651 3675
f 3650 3675 3674
f 3651 3652 3676
f 3651 3676 3675
f 3652 3629 3653
f 3652 3653 3676
o right_sprocket_hub
usemtl Base
s off
v 1.082000 0.526508 -1.913568
v 1.082000 0.521560 -1.888693
v 1.082000 0.507469 -1.867606
v 1.082000 0.486382 -1.853516
v 1.082000 0.461508 -1.848568
v 1.082000 0.436633 -1.853516
v 1.082000 0.415546 -1.867606
v 1.082000 0.401455 -1.888693
v 1.082000 0.396508 -1.913568
v 1.082000 0.401455 -1.938442
v 1.082000 0.415546 -1.959530
v 1.082000 0.436633 -1.973620
v 1.082000 0.461508 -1.978568
v 1.082000 0.486382 -1.973620
v 1.082000 0.507469 -1.959530
v 1.082000 0.521560 -1.938442
v 1.108000 0.526508 -1.913568
v 1.108000 0.521560 -1.888693
v 1.108000 0.507469 -1.867606
v 1.108000 0.486382 -1.853516
v 1.108000 0.461508 -1.848568
v 1.108000 0.436633 -1.853516
v 1.108000 0.415546 -1.867606
v 1.108000 0.401455 -1.888693
v 1.108000 0.396508 -1.913568
v 1.108000 0.401455 -1.938442
v 1.108000 0.415546 -1.959530
v 1.108000 0.436633 -1.973620
v 1.108000 0.461508 -1.978568
v 1.108000 0.486382 -1.973620
v 1.108000 0.507469 -1.959530
v 1.108000 0.521560 -1.938442
f 3692 3691 3690
f 3692 3690 3689
f 3692 3689 3688
f 3692 3688 3687
f 3692 3687 3686
f 3692 3686 3685
f 3692 3685 3684
f 3692 3684 3683
f 3692 3683 3682
f 3692 3682 3681
f 3692 3681 3680
f 3692 3680 3679
f 3692 3679 3678
f 3692 3678 3677
f 3693 3694 3695
f 3693 3695 3696
f 3693 3696 3697
f 3693 3697 3698
f 3693 3698 3699
f 3693 3699 3700
f 3693 3700 3701
f 3693 3701 3702
f 3693 3702 3703
f 3693 3703 3704
f 3693 3704 3705
f 3693 3705 3706
f 3693 3706 3707
f 3693 3707 3708
f 3677 3678 3694
f 3677 3694 3693
f 3678 3679 3695
f 3678 3695 3694
f 3679 3680 3696
f 3679 3696 3695
f 3680 3681 3697
f 3680 3697 3696
f 3681 3682 3698
f 3681 3698 3697
f 3682 3683 3699
f 3682 3699 3698
f 3683 3684 3700
f 3683 3700 3699
f 3684 3685 3701
f 3684 3701 3700
f 3685 3686 3702
f 3685 3702 3701
f 3686 3687 3703
f 3686 3703 3702
f 3687 3688 3704
f 3687 3704 3703
f 3688 3689 3705
f 3688 3705 3704
f 3689 3690 3706
f 3689 3706 3705
f 3690 3691 3707
f 3690 3707 3706
f 3691 3692 3708
f 3691 3708 3707
f 3692 3677 3693
f 3692 3693 3708
o right_skirt_0
usemtl Base
s off
v 1.060000 0.529045 1.931578
v 1.060000 0.709146 1.636663
v 1.060000 0.292663 1.636663
v 1.060000 0.450251 1.931578
v 1.111000 0.529045 1.931578
v 1.111000 0.709146 1.636663
v 1.111000 0.292663 1.636663
v 1.111000 0.450251 1.931578
f 3709 3710 3711
f 3709 3711 3712
f 3716 3715 3714
f 3716 3714 3713
f 3713 3714 3710
f 3713 3710 3709
f 3714 3715 3711
f 3714 3711 3710
f 3715 3716 3712
f 3715 3712 3711
f 3716 3713 3709
f 3716 3709 3712
o right_skirt_1
usemtl Base
s off
v 1.060000 0.709146 1.627658
v 1.060000 0.720402 1.051337
v 1.060000 0.281407 1.051337
v 1.060000 0.292663 1.627658
v 1.111000 0.709146 1.627658
v 1.111000 0.720402 1.051337
v 1.111000 0.281407 1.051337
v 1.111000 0.292663 1.627658
f 3717 3718 3719
f 3717 3719 3720
f 3724 3723 3722
f 3724 3722 3721
f 3721 3722 3718
f 3721 3718 3717
f 3722 3723 3719
f 3722 3719 3718
f 3723 3724 3720
f 3723 3720 3719
f 3724 3721 3717
f 3724 3717 3720
o right_skirt_2
usemtl Base
s off
v 1.060000 0.720402 1.042332
v 1.060000 0.720402 0.409729
v 1.060000 0.281407 0.409729
v 1.060000 0.281407 1.042332
v 1.111000 0.720402 1.042332
v 1.111000 0.720402 0.409729
v 1.111000 0.281407 0.409729
v 1.111000 0.281407 1.042332
f 3725 3726 3727
f 3725 3727 3728
f 3732 3731 3730
f 3732 3730 3729
f 3729 3730 3726
f 3729 3726 3725
f 3730 3731 3727
f 3730 3727 3726
f 3731 3732 3728
f 3731 3728 3727
f 3732 3729 3725
f 3732 3725 3728
o right_skirt_3
usemtl Base
s off
v 1.060000 0.720402 0.400724
v 1.060000 0.731658 -0.276905
v 1.060000 0.281407 -0.276905
v 1.060000 0.281407 0.400724
v 1.111000 0.720402 0.400724
v 1.111000 0.731658 -0.276905
v 1.111000 0.281407 -0.276905
v 1.111000 0.281407 0.400724
f 3733 3734 3735
f 3733 3735 3736
f 3740 3739 3738
f 3740 3738 3737
f 3737 3738 3734
f 3737 3734 3733
f 3738 3739 3735
f 3738 3735 3734
f 3739 3740 3736
f 3739 3736 3735
f 3740 3737 3733
f 3740 3733 3736
o right_skirt_4
usemtl Base
s off
v 1.060000 0.731658 -0.285910
v 1.060000 0.742915 -0.929769
v 1.060000 0.281407 -0.929769
v 1.060000 0.281407 -0.285910
v 1.111000 0.731658 -0.285910
v 1.111000 0.742915 -0.929769
v 1.111000 0.281407 -0.929769
v 1.111000 0.281407 -0.285910
f 3741 3742 3743
f 3741 3743 3744
f 3748 3747 3746
f 3748 3746 3745
f 3745 3746 3742
f 3745 3742 3741
f 3746 3747 3743
f 3746 3743 3742
f 3747 3748 3744
f 3747 3744 3743
f 3748 3745 3741
f 3748 3741 3744
o right_skirt_5
usemtl Base
s off
v 1.060000 0.742915 -0.938774
v 1.060000 0.754171 -1.571377
v 1.060000 0.292663 -1.571377
v 1.060000 0.281407 -0.938774
v 1.111000 0.742915 -0.938774
v 1.111000 0.754171 -1.571377
v 1.111000 0.292663 -1.571377
v 1.111000 0.281407 -0.938774
f 3749 3750 3751
f 3749 3751 3752
f 3756 3755 3754
f 3756 3754 3753
f 3753 3754 3750
f 3753 3750 3749
f 3754 3755 3751
f 3754 3751 3750
f 3755 3756 3752
f 3755 3752 3751
f 3756 3753 3749
f 3756 3749 3752
o right_skirt_6
usemtl Base
s off
v 1.060000 0.754171 -1.580382
v 1.060000 0.765427 -2.212985
v 1.060000 0.630352 -2.212985
v 1.060000 0.292663 -1.580382
v 1.111000 0.754171 -1.580382
v 1.111000 0.765427 -2.212985
v 1.111000 0.630352 -2.212985
v 1.111000 0.292663 -1.580382
f 3757 3758 3759
f 3757 3759 3760
f 3764 3763 3762
f 3764 3762 3761
f 3761 3762 3758
f 3761 3758 3757
f 3762 3763 3759
f 3762 3759 3758
f 3763 3764 3760
f 3763 3760 3759
f 3764 3761 3757
f 3764 3757 3760
o right_rear_drum
usemtl HullFittings
s off
v 0.220000 1.028709 -2.656482
v 0.220000 1.021655 -2.602907
v 0.220000 1.000976 -2.552982
v 0.220000 0.968080 -2.510111
v 0.220000 0.925209 -2.477215
v 0.220000 0.875284 -2.456536
v 0.220000 0.821709 -2.449482
v 0.220000 0.768133 -2.456536
v 0.220000 0.718209 -2.477215
v 0.220000 0.675337 -2.510111
v 0.220000 0.642441 -2.552982
v 0.220000 0.621762 -2.602907
v 0.220000 0.614709 -2.656482
v 0.220000 0.621762 -2.710058
v 0.220000 0.642441 -2.759982
v 0.220000 0.675337 -2.802854
v 0.220000 0.718209 -2.835750
v 0.220000 0.768133 -2.856429
v 0.220000 0.821709 -2.863482
v 0.220000 0.875284 -2.856429
v 0.220000 0.925209 -2.835750
v 0.220000 0.968080 -2.802854
v 0.220000 1.000976 -2.759982
v 0.220000 1.021655 -2.710058
v 0.720000 1.028709 -2.656482
v 0.720000 1.021655 -2.602907
v 0.720000 1.000976 -2.552982
v 0.720000 0.968080 -2.510111
v 0.720000 0.925209 -2.477215
v 0.720000 0.875284 -2.456536
v 0.720000 0.821709 -2.449482
v 0.720000 0.768133 -2.456536
v 0.720000 0.718209 -2.477215
v 0.720000 0.675337 -2.510111
v 0.720000 0.642441 -2.552982
v 0.720000 0.621762 -2.602907
v 0.720000 0.614709 -2.656482
v 0.720000 0.621762 -2.710058
v 0.720000 0.642441 -2.759982
v 0.720000 0.675337 -2.802854
v 0.720000 0.718209 -2.835750
v 0.720000 0.768133 -2.856429
v 0.720000 0.821709 -2.863482
v 0.720000 0.875284 -2.856429
v 0.720000 0.925209 -2.835750
v 0.720000 0.968080 -2.802854
v 0.720000 1.000976 -2.759982
v 0.720000 1.021655 -2.710058
f 3788 3787 3786
f 3788 3786 3785
f 3788 3785 3784
f 3788 3784 3783
f 3788 3783 3782
f 3788 3782 3781
f 3788 3781 3780
f 3788 3780 3779
f 3788 3779 3778
f 3788 3778 3777
f 3788 3777 3776
f 3788 3776 3775
f 3788 3775 3774
f 3788 3774 3773
f 3788 3773 3772
f 3788 3772 3771
f 3788 3771 3770
f 3788 3770 3769
f 3788 3769 3768
f 3788 3768 3767
f 3788 3767 3766
f 3788 3766 3765
f 3789 3790 3791
f 3789 3791 3792
f 3789 3792 3793
f 3789 3793 3794
f 3789 3794 3795
f 3789 3795 3796
f 3789 3796 3797
f 3789 3797 3798
f 3789 3798 3799
f 3789 3799 3800
f 3789 3800 3801
f 3789 3801 3802
f 3789 3802 3803
f 3789 3803 3804
f 3789 3804 3805
f 3789 3805 3806
f 3789 3806 3807
f 3789 3807 3808
f 3789 3808 3809
f 3789 3809 3810
f 3789 3810 3811
f 3789 3811 3812
f 3765 3766 3790
f 3765 3790 3789
f 3766 3767 3791
f 3766 3791 3790
f 3767 3768 3792
f 3767 3792 3791
f 3768 3769 3793
f 3768 3793 3792
f 3769 3770 3794
f 3769 3794 3793
f 3770 3771 3795
f 3770 3795 3794
f 3771 3772 3796
f 3771 3796 3795
f 3772 3773 3797
f 3772 3797 3796
f 3773 3774 3798
f 3773 3798 3797
f 3774 3775 3799
f 3774 3799 3798
f 3775 3776 3800
f 3775 3800 3799
f 3776 3777 3801
f 3776 3801 3800
f 3777 3778 3802
f 3777 3802 3801
f 3778 3779 3803
f 3778 3803 3802
f 3779 3780 3804
f 3779 3804 3803
f 3780 3781 3805
f 3780 3805 3804
f 3781 3782 3806
f 3781 3806 3805
f 3782 3783 3807
f 3782 3807 3806
f 3783 3784 3808
f 3783 3808 3807
f 3784 3785 3809
f 3784 3809 3808
f 3785 3786 3810
f 3785 3810 3809
f 3786 3787 3811
f 3786 3811 3810
f 3787 3788 3812
f 3787 3812 3811
f 3788 3765 3789
f 3788 3789 3812
o right_drum_band_0.34
usemtl Tracks
s off
v 0.322500 1.038709 -2.656482
v 0.322500 1.031314 -2.600319
v 0.322500 1.009636 -2.547982
v 0.322500 0.975151 -2.503040
v 0.322500 0.930209 -2.468555
v 0.322500 0.877872 -2.446877
v 0.322500 0.821709 -2.439482
v 0.322500 0.765545 -2.446877
v 0.322500 0.713209 -2.468555
v 0.322500 0.668266 -2.503040
v 0.322500 0.633781 -2.547982
v 0.322500 0.612103 -2.600319
v 0.322500 0.604709 -2.656482
v 0.322500 0.612103 -2.712646
v 0.322500 0.633781 -2.764982
v 0.322500 0.668266 -2.809925
v 0.322500 0.713209 -2.844410
v 0.322500 0.765545 -2.866088
v 0.322500 0.821709 -2.873482
v 0.322500 0.877872 -2.866088
v 0.322500 0.930209 -2.844410
v 0.322500 0.975151 -2.809925
v 0.322500 1.009636 -2.764982
v 0.322500 1.031314 -2.712646
v 0.357500 1.038709 -2.656482
v 0.357500 1.031314 -2.600319
v 0.357500 1.009636 -2.547982
v 0.357500 0.975151 -2.503040
v 0.357500 0.930209 -2.468555
v 0.357500 0.877872 -2.446877
v 0.357500 0.821709 -2.439482
v 0.357500 0.765545 -2.446877
v 0.357500 0.713209 -2.468555
v 0.357500 0.668266 -2.503040
v 0.357500 0.633781 -2.547982
v 0.357500 0.612103 -2.600319
v 0.357500 0.604709 -2.656482
v 0.357500 0.612103 -2.712646
v 0.357500 0.633781 -2.764982
v 0.357500 0.668266 -2.809925
v 0.357500 0.713209 -2.844410
v 0.357500 0.765545 -2.866088
v 0.357500 0.821709 -2.873482
v 0.357500 0.877872 -2.866088
v 0.357500 0.930209 -2.844410
v 0.357500 0.975151 -2.809925
v 0.357500 1.009636 -2.764982
v 0.357500 1.031314 -2.712646
f 3836 3835 3834
f 3836 3834 3833
f 3836 3833 3832
f 3836 3832 3831
f 3836 3831 3830
f 3836 3830 3829
f 3836 3829 3828
f 3836 3828 3827
f 3836 3827 3826
f 3836 3826 3825
f 3836 3825 3824
f 3836 3824 3823
f 3836 3823 3822
f 3836 3822 3821
f 3836 3821 3820
f 3836 3820 3819
f 3836 3819 3818
f 3836 3818 3817
f 3836 3817 3816
f 3836 3816 3815
f 3836 3815 3814
f 3836 3814 3813
f 3837 3838 3839
f 3837 3839 3840
f 3837 3840 3841
f 3837 3841 3842
f 3837 3842 3843
f 3837 3843 3844
f 3837 3844 3845
f 3837 3845 3846
f 3837 3846 3847
f 3837 3847 3848
f 3837 3848 3849
f 3837 3849 3850
f 3837 3850 3851
f 3837 3851 3852
f 3837 3852 3853
f 3837 3853 3854
f 3837 3854 3855
f 3837 3855 3856
f 3837 3856 3857
f 3837 3857 3858
f 3837 3858 3859
f 3837 3859 3860
f 3813 3814 3838
f 3813 3838 3837
f 3814 3815 3839
f 3814 3839 3838
f 3815 3816 3840
f 3815 3840 3839
f 3816 3817 3841
f 3816 3841 3840
f 3817 3818 3842
f 3817 3842 3841
f 3818 3819 3843
f 3818 3843 3842
f 3819 3820 3844
f 3819 3844 3843
f 3820 3821 3845
f 3820 3845 3844
f 3821 3822 3846
f 3821 3846 3845
f 3822 3823 3847
f 3822 3847 3846
f 3823 3824 3848
f 3823 3848 3847
f 3824 3825 3849
f 3824 3849 3848
f 3825 3826 3850
f 3825 3850 3849
f 3826 3827 3851
f 3826 3851 3850
f 3827 3828 3852
f 3827 3852 3851
f 3828 3829 3853
f 3828 3853 3852
f 3829 3830 3854
f 3829 3854 3853
f 3830 3831 3855
f 3830 3855 3854
f 3831 3832 3856
f 3831 3856 3855
f 3832 3833 3857
f 3832 3857 3856
f 3833 3834 3858
f 3833 3858 3857
f 3834 3835 3859
f 3834 3859 3858
f 3835 3836 3860
f 3835 3860 3859
f 3836 3813 3837
f 3836 3837 3860
o right_drum_buckle_0.34
usemtl HullFittings
s off
v 0.307000 0.766709 -2.885482
v 0.373000 0.766709 -2.885482
v 0.373000 0.766709 -2.870482
v 0.307000 0.766709 -2.870482
v 0.307000 0.876709 -2.885482
v 0.373000 0.876709 -2.885482
v 0.373000 0.876709 -2.870482
v 0.307000 0.876709 -2.870482
f 3861 3862 3863
f 3861 3863 3864
f 3868 3867 3866
f 3868 3866 3865
f 3865 3866 3862
f 3865 3862 3861
f 3866 3867 3863
f 3866 3863 3862
f 3867 3868 3864
f 3867 3864 3863
f 3868 3865 3861
f 3868 3861 3864
o right_drum_band_0.61
usemtl Tracks
s off
v 0.592500 1.038709 -2.656482
v 0.592500 1.031314 -2.600319
v 0.592500 1.009636 -2.547982
v 0.592500 0.975151 -2.503040
v 0.592500 0.930209 -2.468555
v 0.592500 0.877872 -2.446877
v 0.592500 0.821709 -2.439482
v 0.592500 0.765545 -2.446877
v 0.592500 0.713209 -2.468555
v 0.592500 0.668266 -2.503040
v 0.592500 0.633781 -2.547982
v 0.592500 0.612103 -2.600319
v 0.592500 0.604709 -2.656482
v 0.592500 0.612103 -2.712646
v 0.592500 0.633781 -2.764982
v 0.592500 0.668266 -2.809925
v 0.592500 0.713209 -2.844410
v 0.592500 0.765545 -2.866088
v 0.592500 0.821709 -2.873482
v 0.592500 0.877872 -2.866088
v 0.592500 0.930209 -2.844410
v 0.592500 0.975151 -2.809925
v 0.592500 1.009636 -2.764982
v 0.592500 1.031314 -2.712646
v 0.627500 1.038709 -2.656482
v 0.627500 1.031314 -2.600319
v 0.627500 1.009636 -2.547982
v 0.627500 0.975151 -2.503040
v 0.627500 0.930209 -2.468555
v 0.627500 0.877872 -2.446877
v 0.627500 0.821709 -2.439482
v 0.627500 0.765545 -2.446877
v 0.627500 0.713209 -2.468555
v 0.627500 0.668266 -2.503040
v 0.627500 0.633781 -2.547982
v 0.627500 0.612103 -2.600319
v 0.627500 0.604709 -2.656482
v 0.627500 0.612103 -2.712646
v 0.627500 0.633781 -2.764982
v 0.627500 0.668266 -2.809925
v 0.627500 0.713209 -2.844410
v 0.627500 0.765545 -2.866088
v 0.627500 0.821709 -2.873482
v 0.627500 0.877872 -2.866088
v 0.627500 0.930209 -2.844410
v 0.627500 0.975151 -2.809925
v 0.627500 1.009636 -2.764982
v 0.627500 1.031314 -2.712646
f 3892 3891 3890
f 3892 3890 3889
f 3892 3889 3888
f 3892 3888 3887
f 3892 3887 3886
f 3892 3886 3885
f 3892 3885 3884
f 3892 3884 3883
f 3892 3883 3882
f 3892 3882 3881
f 3892 3881 3880
f 3892 3880 3879
f 3892 3879 3878
f 3892 3878 3877
f 3892 3877 3876
f 3892 3876 3875
f 3892 3875 3874
f 3892 3874 3873
f 3892 3873 3872
f 3892 3872 3871
f 3892 3871 3870
f 3892 3870 3869
f 3893 3894 3895
f 3893 3895 3896
f 3893 3896 3897
f 3893 3897 3898
f 3893 3898 3899
f 3893 3899 3900
f 3893 3900 3901
f 3893 3901 3902
f 3893 3902 3903
f 3893 3903 3904
f 3893 3904 3905
f 3893 3905 3906
f 3893 3906 3907
f 3893 3907 3908
f 3893 3908 3909
f 3893 3909 3910
f 3893 3910 3911
f 3893 3911 3912
f 3893 3912 3913
f 3893 3913 3914
f 3893 3914 3915
f 3893 3915 3916
f 3869 3870 3894
f 3869 3894 3893
f 3870 3871 3895
f 3870 3895 3894
f 3871 3872 3896
f 3871 3896 3895
f 3872 3873 3897
f 3872 3897 3896
f 3873 3874 3898
f 3873 3898 3897
f 3874 3875 3899
f 3874 3899 3898
f 3875 3876 3900
f 3875 3900 3899
f 3876 3877 3901
f 3876 3901 3900
f 3877 3878 3902
f 3877 3902 3901
f 3878 3879 3903
f 3878 3903 3902
f 3879 3880 3904
f 3879 3904 3903
f 3880 3881 3905
f 3880 3905 3904
f 3881 3882 3906
f 3881 3906 3905
f 3882 3883 3907
f 3882 3907 3906
f 3883 3884 3908
f 3883 3908 3907
f 3884 3885 3909
f 3884 3909 3908
f 3885 3886 3910
f 3885 3910 3909
f 3886 3887 3911
f 3886 3911 3910
f 3887 3888 3912
f 3887 3912 3911
f 3888 3889 3913
f 3888 3913 3912
f 3889 3890 3914
f 3889 3914 3913
f 3890 3891 3915
f 3890 3915 3914
f 3891 3892 3916
f 3891 3916 3915
f 3892 3869 3893
f 3892 3893 3916
o right_drum_buckle_0.61
usemtl HullFittings
s off
v 0.577000 0.766709 -2.885482
v 0.643000 0.766709 -2.885482
v 0.643000 0.766709 -2.870482
v 0.577000 0.766709 -2.870482
v 0.577000 0.876709 -2.885482
v 0.643000 0.876709 -2.885482
v 0.643000 0.876709 -2.870482
v 0.577000 0.876709 -2.870482
f 3917 3918 3919
f 3917 3919 3920
f 3924 3923 3922
f 3924 3922 3921
f 3921 3922 3918
f 3921 3918 3917
f 3922 3923 3919
f 3922 3919 3918
f 3923 3924 3920
f 3923 3920 3919
f 3924 3921 3917
f 3924 3917 3920
o right_drum_mount
usemtl HullFittings
s off
v 0.280000 0.510000 -2.730000
v 0.660000 0.510000 -2.730000
v 0.660000 0.510000 -2.200000
v 0.280000 0.510000 -2.200000
v 0.280000 0.570000 -2.730000
v 0.660000 0.570000 -2.730000
v 0.660000 0.570000 -2.200000
v 0.280000 0.570000 -2.200000
f 3925 3926 3927
f 3925 3927 3928
f 3932 3931 3930
f 3932 3930 3929
f 3929 3930 3926
f 3929 3926 3925
f 3930 3931 3927
f 3930 3927 3926
f 3931 3932 3928
f 3931 3928 3927
f 3932 3929 3925
f 3932 3925 3928
o right_front_fender
usemtl Base
s off
v 0.745000 0.650000 1.670000
v 1.105000 0.650000 1.670000
v 1.105000 0.650000 2.030000
v 0.745000 0.650000 2.030000
v 0.745000 0.690000 1.670000
v 1.105000 0.690000 1.670000
v 1.105000 0.690000 2.030000
v 0.745000 0.690000 2.030000
f 3933 3934 3935
f 3933 3935 3936
f 3940 3939 3938
f 3940 3938 3937
f 3937 3938 3934
f 3937 3934 3933
f 3938 3939 3935
f 3938 3935 3934
f 3939 3940 3936
f 3939 3936 3935
f 3940 3937 3933
f 3940 3933 3936
o right_front_mudflap
usemtl Tracks
s off
v 0.745000 0.470000 1.830000
v 1.105000 0.470000 1.830000
v 1.105000 0.470000 1.870000
v 0.745000 0.470000 1.870000
v 0.745000 0.650000 1.830000
v 1.105000 0.650000 1.830000
v 1.105000 0.650000 1.870000
v 0.745000 0.650000 1.870000
f 3941 3942 3943
f 3941 3943 3944
f 3948 3947 3946
f 3948 3946 3945
f 3945 3946 3942
f 3945 3942 3941
f 3946 3947 3943
f 3946 3943 3942
f 3947 3948 3944
f 3947 3944 3943
f 3948 3945 3941
f 3948 3941 3944
o right_rear_fender
usemtl Base
s off
v 0.745000 0.650000 -2.360000
v 1.105000 0.650000 -2.360000
v 1.105000 0.650000 -2.000000
v 0.745000 0.650000 -2.000000
v 0.745000 0.690000 -2.360000
v 1.105000 0.690000 -2.360000
v 1.105000 0.690000 -2.000000
v 0.745000 0.690000 -2.000000
f 3949 3950 3951
f 3949 3951 3952
f 3956 3955 3954
f 3956 3954 3953
f 3953 3954 3950
f 3953 3950 3949
f 3954 3955 3951
f 3954 3951 3950
f 3955 3956 3952
f 3955 3952 3951
f 3956 3953 3949
f 3956 3949 3952
o right_rear_mudflap
usemtl Tracks
s off
v 0.745000 0.470000 -2.200000
v 1.105000 0.470000 -2.200000
v 1.105000 0.470000 -2.160000
v 0.745000 0.470000 -2.160000
v 0.745000 0.650000 -2.200000
v 1.105000 0.650000 -2.200000
v 1.105000 0.650000 -2.160000
v 0.745000 0.650000 -2.160000
f 3957 3958 3959
f 3957 3959 3960
f 3964 3963 3962
f 3964 3962 3961
f 3961 3962 3958
f 3961 3958 3957
f 3962 3963 3959
f 3962 3959 3958
f 3963 3964 3960
f 3963 3960 3959
f 3964 3961 3957
f 3964 3957 3960
o right_headlight_mount
usemtl Base
s off
v 0.435000 0.630000 1.840000
v 0.585000 0.630000 1.840000
v 0.585000 0.630000 1.940000
v 0.435000 0.630000 1.940000
v 0.435000 0.740000 1.840000
v 0.585000 0.740000 1.840000
v 0.585000 0.740000 1.940000
v 0.435000 0.740000 1.940000
f 3965 3966 3967
f 3965 3967 3968
f 3972 3971 3970
f 3972 3970 3969
f 3969 3970 3966
f 3969 3966 3965
f 3970 3971 3967
f 3970 3967 3966
f 3971 3972 3968
f 3971 3968 3967
f 3972 3969 3965
f 3972 3965 3968
o right_headlight_rim
usemtl Tracks
s off
v 0.559000 0.690000 1.941000
v 0.555270 0.708751 1.941000
v 0.544648 0.724648 1.941000
v 0.528751 0.735270 1.941000
v 0.510000 0.739000 1.941000
v 0.491249 0.735270 1.941000
v 0.475352 0.724648 1.941000
v 0.464730 0.708751 1.941000
v 0.461000 0.690000 1.941000
v 0.464730 0.671249 1.941000
v 0.475352 0.655352 1.941000
v 0.491249 0.644730 1.941000
v 0.510000 0.641000 1.941000
v 0.528751 0.644730 1.941000
v 0.544648 0.655352 1.941000
v 0.555270 0.671249 1.941000
v 0.559000 0.690000 1.979000
v 0.555270 0.708751 1.979000
v 0.544648 0.724648 1.979000
v 0.528751 0.735270 1.979000
v 0.510000 0.739000 1.979000
v 0.491249 0.735270 1.979000
v 0.475352 0.724648 1.979000
v 0.464730 0.708751 1.979000
v 0.461000 0.690000 1.979000
v 0.464730 0.671249 1.979000
v 0.475352 0.655352 1.979000
v 0.491249 0.644730 1.979000
v 0.510000 0.641000 1.979000
v 0.528751 0.644730 1.979000
v 0.544648 0.655352 1.979000
v 0.555270 0.671249 1.979000
f 3988 3987 3986
f 3988 3986 3985
f 3988 3985 3984
f 3988 3984 3983
f 3988 3983 3982
f 3988 3982 3981
f 3988 3981 3980
f 3988 3980 3979
f 3988 3979 3978
f 3988 3978 3977
f 3988 3977 3976
f 3988 3976 3975
f 3988 3975 3974
f 3988 3974 3973
f 3989 3990 3991
f 3989 3991 3992
f 3989 3992 3993
f 3989 3993 3994
f 3989 3994 3995
f 3989 3995 3996
f 3989 3996 3997
f 3989 3997 3998
f 3989 3998 3999
f 3989 3999 4000
f 3989 4000 4001
f 3989 4001 4002
f 3989 4002 4003
f 3989 4003 4004
f 3973 3974 3990
f 3973 3990 3989
f 3974 3975 3991
f 3974 3991 3990
f 3975 3976 3992
f 3975 3992 3991
f 3976 3977 3993
f 3976 3993 3992
f 3977 3978 3994
f 3977 3994 3993
f 3978 3979 3995
f 3978 3995 3994
f 3979 3980 3996
f 3979 3996 3995
f 3980 3981 3997
f 3980 3997 3996
f 3981 3982 3998
f 3981 3998 3997
f 3982 3983 3999
f 3982 3999 3998
f 3983 3984 4000
f 3983 4000 3999
f 3984 3985 4001
f 3984 4001 4000
f 3985 3986 4002
f 3985 4002 4001
f 3986 3987 4003
f 3986 4003 4002
f 3987 3988 4004
f 3987 4004 4003
f 3988 3973 3989
f 3988 3989 4004
o right_headlight_lens
usemtl Base
s off
v 0.546000 0.690000 1.976000
v 0.543260 0.703777 1.976000
v 0.535456 0.715456 1.976000
v 0.523777 0.723260 1.976000
v 0.510000 0.726000 1.976000
v 0.496223 0.723260 1.976000
v 0.484544 0.715456 1.976000
v 0.476740 0.703777 1.976000
v 0.474000 0.690000 1.976000
v 0.476740 0.676223 1.976000
v 0.484544 0.664544 1.976000
v 0.496223 0.656740 1.976000
v 0.510000 0.654000 1.976000
v 0.523777 0.656740 1.976000
v 0.535456 0.664544 1.976000
v 0.543260 0.676223 1.976000
v 0.546000 0.690000 1.988000
v 0.543260 0.703777 1.988000
v 0.535456 0.715456 1.988000
v 0.523777 0.723260 1.988000
v 0.510000 0.726000 1.988000
v 0.496223 0.723260 1.988000
v 0.484544 0.715456 1.988000
v 0.476740 0.703777 1.988000
v 0.474000 0.690000 1.988000
v 0.476740 0.676223 1.988000
v 0.484544 0.664544 1.988000
v 0.496223 0.656740 1.988000
v 0.510000 0.654000 1.988000
v 0.523777 0.656740 1.988000
v 0.535456 0.664544 1.988000
v 0.543260 0.676223 1.988000
f 4020 4019 4018
f 4020 4018 4017
f 4020 4017 4016
f 4020 4016 4015
f 4020 4015 4014
f 4020 4014 4013
f 4020 4013 4012
f 4020 4012 4011
f 4020 4011 4010
f 4020 4010 4009
f 4020 4009 4008
f 4020 4008 4007
f 4020 4007 4006
f 4020 4006 4005
f 4021 4022 4023
f 4021 4023 4024
f 4021 4024 4025
f 4021 4025 4026
f 4021 4026 4027
f 4021 4027 4028
f 4021 4028 4029
f 4021 4029 4030
f 4021 4030 4031
f 4021 4031 4032
f 4021 4032 4033
f 4021 4033 4034
f 4021 4034 4035
f 4021 4035 4036
f 4005 4006 4022
f 4005 4022 4021
f 4006 4007 4023
f 4006 4023 4022
f 4007 4008 4024
f 4007 4024 4023
f 4008 4009 4025
f 4008 4025 4024
f 4009 4010 4026
f 4009 4026 4025
f 4010 4011 4027
f 4010 4027 4026
f 4011 4012 4028
f 4011 4028 4027
f 4012 4013 4029
f 4012 4029 4028
f 4013 4014 4030
f 4013 4030 4029
f 4014 4015 4031
f 4014 4031 4030
f 4015 4016 4032
f 4015 4032 4031
f 4016 4017 4033
f 4016 4033 4032
f 4017 4018 4034
f 4017 4034 4033
f 4018 4019 4035
f 4018 4035 4034
f 4019 4020 4036
f 4019 4036 4035
f 4020 4005 4021
f 4020 4021 4036
o right_front_tow_lug
usemtl Base
s off
v 0.470000 0.400000 1.850000
v 0.550000 0.400000 1.850000
v 0.550000 0.400000 1.990000
v 0.470000 0.400000 1.990000
v 0.470000 0.490000 1.850000
v 0.550000 0.490000 1.850000
v 0.550000 0.490000 1.990000
v 0.470000 0.490000 1.990000
f 4037 4038 4039
f 4037 4039 4040
f 4044 4043 4042
f 4044 4042 4041
f 4041 4042 4038
f 4041 4038 4037
f 4042 4043 4039
f 4042 4039 4038
f 4043 4044 4040
f 4043 4040 4039
f 4044 4041 4037
f 4044 4037 4040
o right_tow_eye
usemtl Tracks
s off
v 0.537000 0.460000 1.995000
v 0.533383 0.473500 1.995000
v 0.523500 0.483383 1.995000
v 0.510000 0.487000 1.995000
v 0.496500 0.483383 1.995000
v 0.486617 0.473500 1.995000
v 0.483000 0.460000 1.995000
v 0.486617 0.446500 1.995000
v 0.496500 0.436617 1.995000
v 0.510000 0.433000 1.995000
v 0.523500 0.436617 1.995000
v 0.533383 0.446500 1.995000
v 0.537000 0.460000 2.007000
v 0.533383 0.473500 2.007000
v 0.523500 0.483383 2.007000
v 0.510000 0.487000 2.007000
v 0.496500 0.483383 2.007000
v 0.486617 0.473500 2.007000
v 0.483000 0.460000 2.007000
v 0.486617 0.446500 2.007000
v 0.496500 0.436617 2.007000
v 0.510000 0.433000 2.007000
v 0.523500 0.436617 2.007000
v 0.533383 0.446500 2.007000
f 4056 4055 4054
f 4056 4054 4053
f 4056 4053 4052
f 4056 4052 4051
f 4056 4051 4050
f 4056 4050 4049
f 4056 4049 4048
f 4056 4048 4047
f 4056 4047 4046
f 4056 4046 4045
f 4057 4058 4059
f 4057 4059 4060
f 4057 4060 4061
f 4057 4061 4062
f 4057 4062 4063
f 4057 4063 4064
f 4057 4064 4065
f 4057 4065 4066
f 4057 4066 4067
f 4057 4067 4068
f 4045 4046 4058
f 4045 4058 4057
f 4046 4047 4059
f 4046 4059 4058
f 4047 4048 4060
f 4047 4060 4059
f 4048 4049 4061
f 4048 4061 4060
f 4049 4050 4062
f 4049 4062 4061
f 4050 4051 4063
f 4050 4063 4062
f 4051 4052 4064
f 4051 4064 4063
f 4052 4053 4065
f 4052 4065 4064
f 4053 4054 4066
f 4053 4066 4065
f 4054 4055 4067
f 4054 4067 4066
f 4055 4056 4068
f 4055 4068 4067
f 4056 4045 4057
f 4056 4057 4068
o right_tail_light_housing
usemtl HullFittings
s off
v 0.770000 0.640000 -2.430000
v 1.030000 0.640000 -2.430000
v 1.030000 0.640000 -2.340000
v 0.770000 0.640000 -2.340000
v 0.770000 0.790000 -2.430000
v 1.030000 0.790000 -2.430000
v 1.030000 0.790000 -2.340000
v 0.770000 0.790000 -2.340000
f 4069 4070 4071
f 4069 4071 4072
f 4076 4075 4074
f 4076 4074 4073
f 4073 4074 4070
f 4073 4070 4069
f 4074 4075 4071
f 4074 4071 4070
f 4075 4076 4072
f 4075 4072 4071
f 4076 4073 4069
f 4076 4069 4072
o right_tail_lens_-0.065
usemtl Tracks
s off
v 0.789000 0.675000 -2.448000
v 0.881000 0.675000 -2.448000
v 0.881000 0.675000 -2.430000
v 0.789000 0.675000 -2.430000
v 0.789000 0.742000 -2.448000
v 0.881000 0.742000 -2.448000
v 0.881000 0.742000 -2.430000
v 0.789000 0.742000 -2.430000
f 4077 4078 4079
f 4077 4079 4080
f 4084 4083 4082
f 4084 4082 4081
f 4081 4082 4078
f 4081 4078 4077
f 4082 4083 4079
f 4082 4079 4078
f 4083 4084 4080
f 4083 4080 4079
f 4084 4081 4077
f 4084 4077 4080
o right_tail_lens_0.065
usemtl Tracks
s off
v 0.919000 0.675000 -2.448000
v 1.011000 0.675000 -2.448000
v 1.011000 0.675000 -2.430000
v 0.919000 0.675000 -2.430000
v 0.919000 0.742000 -2.448000
v 1.011000 0.742000 -2.448000
v 1.011000 0.742000 -2.430000
v 0.919000 0.742000 -2.430000
f 4085 4086 4087
f 4085 4087 4088
f 4092 4091 4090
f 4092 4090 4089
f 4089 4090 4086
f 4089 4086 4085
f 4090 4091 4087
f 4090 4087 4086
f 4091 4092 4088
f 4091 4088 4087
f 4092 4089 4085
f 4092 4085 4088
o engine_deck
usemtl Base
s off
v -0.720000 0.940000 -2.300000
v 0.720000 0.940000 -2.300000
v 0.720000 0.940000 -1.510000
v -0.720000 0.940000 -1.510000
v -0.720000 1.015000 -2.300000
v 0.720000 1.015000 -2.300000
v 0.720000 1.015000 -1.510000
v -0.720000 1.015000 -1.510000
f 4093 4094 4095
f 4093 4095 4096
f 4100 4099 4098
f 4100 4098 4097
f 4097 4098 4094
f 4097 4094 4093
f 4098 4099 4095
f 4098 4095 4094
f 4099 4100 4096
f 4099 4096 4095
f 4100 4097 4093
f 4100 4093 4096
o engine_grille_bed_-1_0
usemtl Tracks
s off
v -0.660000 1.015000 -2.245000
v -0.220000 1.015000 -2.245000
v -0.220000 1.015000 -1.955000
v -0.660000 1.015000 -1.955000
v -0.660000 1.024000 -2.245000
v -0.220000 1.024000 -2.245000
v -0.220000 1.024000 -1.955000
v -0.660000 1.024000 -1.955000
f 4101 4102 4103
f 4101 4103 4104
f 4108 4107 4106
f 4108 4106 4105
f 4105 4106 4102
f 4105 4102 4101
f 4106 4107 4103
f 4106 4103 4102
f 4107 4108 4104
f 4107 4104 4103
f 4108 4105 4101
f 4108 4101 4104
o engine_louvre_-1_0_0
usemtl Base
s off
v -0.650000 1.025000 -2.230000
v -0.230000 1.025000 -2.230000
v -0.230000 1.025000 -2.208000
v -0.650000 1.025000 -2.208000
v -0.650000 1.039000 -2.230000
v -0.230000 1.039000 -2.230000
v -0.230000 1.039000 -2.208000
v -0.650000 1.039000 -2.208000
f 4109 4110 4111
f 4109 4111 4112
f 4116 4115 4114
f 4116 4114 4113
f 4113 4114 4110
f 4113 4110 4109
f 4114 4115 4111
f 4114 4111 4110
f 4115 4116 4112
f 4115 4112 4111
f 4116 4113 4109
f 4116 4109 4112
o engine_louvre_-1_0_1
usemtl Base
s off
v -0.650000 1.025000 -2.181000
v -0.230000 1.025000 -2.181000
v -0.230000 1.025000 -2.159000
v -0.650000 1.025000 -2.159000
v -0.650000 1.039000 -2.181000
v -0.230000 1.039000 -2.181000
v -0.230000 1.039000 -2.159000
v -0.650000 1.039000 -2.159000
f 4117 4118 4119
f 4117 4119 4120
f 4124 4123 4122
f 4124 4122 4121
f 4121 4122 4118
f 4121 4118 4117
f 4122 4123 4119
f 4122 4119 4118
f 4123 4124 4120
f 4123 4120 4119
f 4124 4121 4117
f 4124 4117 4120
o engine_louvre_-1_0_2
usemtl Base
s off
v -0.650000 1.025000 -2.132000
v -0.230000 1.025000 -2.132000
v -0.230000 1.025000 -2.110000
v -0.650000 1.025000 -2.110000
v -0.650000 1.039000 -2.132000
v -0.230000 1.039000 -2.132000
v -0.230000 1.039000 -2.110000
v -0.650000 1.039000 -2.110000
f 4125 4126 4127
f 4125 4127 4128
f 4132 4131 4130
f 4132 4130 4129
f 4129 4130 4126
f 4129 4126 4125
f 4130 4131 4127
f 4130 4127 4126
f 4131 4132 4128
f 4131 4128 4127
f 4132 4129 4125
f 4132 4125 4128
o engine_louvre_-1_0_3
usemtl Base
s off
v -0.650000 1.025000 -2.083000
v -0.230000 1.025000 -2.083000
v -0.230000 1.025000 -2.061000
v -0.650000 1.025000 -2.061000
v -0.650000 1.039000 -2.083000
v -0.230000 1.039000 -2.083000
v -0.230000 1.039000 -2.061000
v -0.650000 1.039000 -2.061000
f 4133 4134 4135
f 4133 4135 4136
f 4140 4139 4138
f 4140 4138 4137
f 4137 4138 4134
f 4137 4134 4133
f 4138 4139 4135
f 4138 4135 4134
f 4139 4140 4136
f 4139 4136 4135
f 4140 4137 4133
f 4140 4133 4136
o engine_louvre_-1_0_4
usemtl Base
s off
v -0.650000 1.025000 -2.034000
v -0.230000 1.025000 -2.034000
v -0.230000 1.025000 -2.012000
v -0.650000 1.025000 -2.012000
v -0.650000 1.039000 -2.034000
v -0.230000 1.039000 -2.034000
v -0.230000 1.039000 -2.012000
v -0.650000 1.039000 -2.012000
f 4141 4142 4143
f 4141 4143 4144
f 4148 4147 4146
f 4148 4146 4145
f 4145 4146 4142
f 4145 4142 4141
f 4146 4147 4143
f 4146 4143 4142
f 4147 4148 4144
f 4147 4144 4143
f 4148 4145 4141
f 4148 4141 4144
o engine_louvre_-1_0_5
usemtl Base
s off
v -0.650000 1.025000 -1.985000
v -0.230000 1.025000 -1.985000
v -0.230000 1.025000 -1.963000
v -0.650000 1.025000 -1.963000
v -0.650000 1.039000 -1.985000
v -0.230000 1.039000 -1.985000
v -0.230000 1.039000 -1.963000
v -0.650000 1.039000 -1.963000
f 4149 4150 4151
f 4149 4151 4152
f 4156 4155 4154
f 4156 4154 4153
f 4153 4154 4150
f 4153 4150 4149
f 4154 4155 4151
f 4154 4151 4150
f 4155 4156 4152
f 4155 4152 4151
f 4156 4153 4149
f 4156 4149 4152
o engine_grille_bed_-1_1
usemtl Tracks
s off
v -0.660000 1.015000 -1.875000
v -0.220000 1.015000 -1.875000
v -0.220000 1.015000 -1.585000
v -0.660000 1.015000 -1.585000
v -0.660000 1.024000 -1.875000
v -0.220000 1.024000 -1.875000
v -0.220000 1.024000 -1.585000
v -0.660000 1.024000 -1.585000
f 4157 4158 4159
f 4157 4159 4160
f 4164 4163 4162
f 4164 4162 4161
f 4161 4162 4158
f 4161 4158 4157
f 4162 4163 4159
f 4162 4159 4158
f 4163 4164 4160
f 4163 4160 4159
f 4164 4161 4157
f 4164 4157 4160
o engine_louvre_-1_1_0
usemtl Base
s off
v -0.650000 1.025000 -1.860000
v -0.230000 1.025000 -1.860000
v -0.230000 1.025000 -1.838000
v -0.650000 1.025000 -1.838000
v -0.650000 1.039000 -1.860000
v -0.230000 1.039000 -1.860000
v -0.230000 1.039000 -1.838000
v -0.650000 1.039000 -1.838000
f 4165 4166 4167
f 4165 4167 4168
f 4172 4171 4170
f 4172 4170 4169
f 4169 4170 4166
f 4169 4166 4165
f 4170 4171 4167
f 4170 4167 4166
f 4171 4172 4168
f 4171 4168 4167
f 4172 4169 4165
f 4172 4165 4168
o engine_louvre_-1_1_1
usemtl Base
s off
v -0.650000 1.025000 -1.811000
v -0.230000 1.025000 -1.811000
v -0.230000 1.025000 -1.789000
v -0.650000 1.025000 -1.789000
v -0.650000 1.039000 -1.811000
v -0.230000 1.039000 -1.811000
v -0.230000 1.039000 -1.789000
v -0.650000 1.039000 -1.789000
f 4173 4174 4175
f 4173 4175 4176
f 4180 4179 4178
f 4180 4178 4177
f 4177 4178 4174
f 4177 4174 4173
f 4178 4179 4175
f 4178 4175 4174
f 4179 4180 4176
f 4179 4176 4175
f 4180 4177 4173
f 4180 4173 4176
o engine_louvre_-1_1_2
usemtl Base
s off
v -0.650000 1.025000 -1.762000
v -0.230000 1.025000 -1.762000
v -0.230000 1.025000 -1.740000
v -0.650000 1.025000 -1.740000
v -0.650000 1.039000 -1.762000
v -0.230000 1.039000 -1.762000
v -0.230000 1.039000 -1.740000
v -0.650000 1.039000 -1.740000
f 4181 4182 4183
f 4181 4183 4184
f 4188 4187 4186
f 4188 4186 4185
f 4185 4186 4182
f 4185 4182 4181
f 4186 4187 4183
f 4186 4183 4182
f 4187 4188 4184
f 4187 4184 4183
f 4188 4185 4181
f 4188 4181 4184
o engine_louvre_-1_1_3
usemtl Base
s off
v -0.650000 1.025000 -1.713000
v -0.230000 1.025000 -1.713000
v -0.230000 1.025000 -1.691000
v -0.650000 1.025000 -1.691000
v -0.650000 1.039000 -1.713000
v -0.230000 1.039000 -1.713000
v -0.230000 1.039000 -1.691000
v -0.650000 1.039000 -1.691000
f 4189 4190 4191
f 4189 4191 4192
f 4196 4195 4194
f 4196 4194 4193
f 4193 4194 4190
f 4193 4190 4189
f 4194 4195 4191
f 4194 4191 4190
f 4195 4196 4192
f 4195 4192 4191
f 4196 4193 4189
f 4196 4189 4192
o engine_louvre_-1_1_4
usemtl Base
s off
v -0.650000 1.025000 -1.664000
v -0.230000 1.025000 -1.664000
v -0.230000 1.025000 -1.642000
v -0.650000 1.025000 -1.642000
v -0.650000 1.039000 -1.664000
v -0.230000 1.039000 -1.664000
v -0.230000 1.039000 -1.642000
v -0.650000 1.039000 -1.642000
f 4197 4198 4199
f 4197 4199 4200
f 4204 4203 4202
f 4204 4202 4201
f 4201 4202 4198
f 4201 4198 4197
f 4202 4203 4199
f 4202 4199 4198
f 4203 4204 4200
f 4203 4200 4199
f 4204 4201 4197
f 4204 4197 4200
o engine_louvre_-1_1_5
usemtl Base
s off
v -0.650000 1.025000 -1.615000
v -0.230000 1.025000 -1.615000
v -0.230000 1.025000 -1.593000
v -0.650000 1.025000 -1.593000
v -0.650000 1.039000 -1.615000
v -0.230000 1.039000 -1.615000
v -0.230000 1.039000 -1.593000
v -0.650000 1.039000 -1.593000
f 4205 4206 4207
f 4205 4207 4208
f 4212 4211 4210
f 4212 4210 4209
f 4209 4210 4206
f 4209 4206 4205
f 4210 4211 4207
f 4210 4207 4206
f 4211 4212 4208
f 4211 4208 4207
f 4212 4209 4205
f 4212 4205 4208
o engine_grille_bed_1_0
usemtl Tracks
s off
v 0.220000 1.015000 -2.245000
v 0.660000 1.015000 -2.245000
v 0.660000 1.015000 -1.955000
v 0.220000 1.015000 -1.955000
v 0.220000 1.024000 -2.245000
v 0.660000 1.024000 -2.245000
v 0.660000 1.024000 -1.955000
v 0.220000 1.024000 -1.955000
f 4213 4214 4215
f 4213 4215 4216
f 4220 4219 4218
f 4220 4218 4217
f 4217 4218 4214
f 4217 4214 4213
f 4218 4219 4215
f 4218 4215 4214
f 4219 4220 4216
f 4219 4216 4215
f 4220 4217 4213
f 4220 4213 4216
o engine_louvre_1_0_0
usemtl Base
s off
v 0.230000 1.025000 -2.230000
v 0.650000 1.025000 -2.230000
v 0.650000 1.025000 -2.208000
v 0.230000 1.025000 -2.208000
v 0.230000 1.039000 -2.230000
v 0.650000 1.039000 -2.230000
v 0.650000 1.039000 -2.208000
v 0.230000 1.039000 -2.208000
f 4221 4222 4223
f 4221 4223 4224
f 4228 4227 4226
f 4228 4226 4225
f 4225 4226 4222
f 4225 4222 4221
f 4226 4227 4223
f 4226 4223 4222
f 4227 4228 4224
f 4227 4224 4223
f 4228 4225 4221
f 4228 4221 4224
o engine_louvre_1_0_1
usemtl Base
s off
v 0.230000 1.025000 -2.181000
v 0.650000 1.025000 -2.181000
v 0.650000 1.025000 -2.159000
v 0.230000 1.025000 -2.159000
v 0.230000 1.039000 -2.181000
v 0.650000 1.039000 -2.181000
v 0.650000 1.039000 -2.159000
v 0.230000 1.039000 -2.159000
f 4229 4230 4231
f 4229 4231 4232
f 4236 4235 4234
f 4236 4234 4233
f 4233 4234 4230
f 4233 4230 4229
f 4234 4235 4231
f 4234 4231 4230
f 4235 4236 4232
f 4235 4232 4231
f 4236 4233 4229
f 4236 4229 4232
o engine_louvre_1_0_2
usemtl Base
s off
v 0.230000 1.025000 -2.132000
v 0.650000 1.025000 -2.132000
v 0.650000 1.025000 -2.110000
v 0.230000 1.025000 -2.110000
v 0.230000 1.039000 -2.132000
v 0.650000 1.039000 -2.132000
v 0.650000 1.039000 -2.110000
v 0.230000 1.039000 -2.110000
f 4237 4238 4239
f 4237 4239 4240
f 4244 4243 4242
f 4244 4242 4241
f 4241 4242 4238
f 4241 4238 4237
f 4242 4243 4239
f 4242 4239 4238
f 4243 4244 4240
f 4243 4240 4239
f 4244 4241 4237
f 4244 4237 4240
o engine_louvre_1_0_3
usemtl Base
s off
v 0.230000 1.025000 -2.083000
v 0.650000 1.025000 -2.083000
v 0.650000 1.025000 -2.061000
v 0.230000 1.025000 -2.061000
v 0.230000 1.039000 -2.083000
v 0.650000 1.039000 -2.083000
v 0.650000 1.039000 -2.061000
v 0.230000 1.039000 -2.061000
f 4245 4246 4247
f 4245 4247 4248
f 4252 4251 4250
f 4252 4250 4249
f 4249 4250 4246
f 4249 4246 4245
f 4250 4251 4247
f 4250 4247 4246
f 4251 4252 4248
f 4251 4248 4247
f 4252 4249 4245
f 4252 4245 4248
o engine_louvre_1_0_4
usemtl Base
s off
v 0.230000 1.025000 -2.034000
v 0.650000 1.025000 -2.034000
v 0.650000 1.025000 -2.012000
v 0.230000 1.025000 -2.012000
v 0.230000 1.039000 -2.034000
v 0.650000 1.039000 -2.034000
v 0.650000 1.039000 -2.012000
v 0.230000 1.039000 -2.012000
f 4253 4254 4255
f 4253 4255 4256
f 4260 4259 4258
f 4260 4258 4257
f 4257 4258 4254
f 4257 4254 4253
f 4258 4259 4255
f 4258 4255 4254
f 4259 4260 4256
f 4259 4256 4255
f 4260 4257 4253
f 4260 4253 4256
o engine_louvre_1_0_5
usemtl Base
s off
v 0.230000 1.025000 -1.985000
v 0.650000 1.025000 -1.985000
v 0.650000 1.025000 -1.963000
v 0.230000 1.025000 -1.963000
v 0.230000 1.039000 -1.985000
v 0.650000 1.039000 -1.985000
v 0.650000 1.039000 -1.963000
v 0.230000 1.039000 -1.963000
f 4261 4262 4263
f 4261 4263 4264
f 4268 4267 4266
f 4268 4266 4265
f 4265 4266 4262
f 4265 4262 4261
f 4266 4267 4263
f 4266 4263 4262
f 4267 4268 4264
f 4267 4264 4263
f 4268 4265 4261
f 4268 4261 4264
o engine_grille_bed_1_1
usemtl Tracks
s off
v 0.220000 1.015000 -1.875000
v 0.660000 1.015000 -1.875000
v 0.660000 1.015000 -1.585000
v 0.220000 1.015000 -1.585000
v 0.220000 1.024000 -1.875000
v 0.660000 1.024000 -1.875000
v 0.660000 1.024000 -1.585000
v 0.220000 1.024000 -1.585000
f 4269 4270 4271
f 4269 4271 4272
f 4276 4275 4274
f 4276 4274 4273
f 4273 4274 4270
f 4273 4270 4269
f 4274 4275 4271
f 4274 4271 4270
f 4275 4276 4272
f 4275 4272 4271
f 4276 4273 4269
f 4276 4269 4272
o engine_louvre_1_1_0
usemtl Base
s off
v 0.230000 1.025000 -1.860000
v 0.650000 1.025000 -1.860000
v 0.650000 1.025000 -1.838000
v 0.230000 1.025000 -1.838000
v 0.230000 1.039000 -1.860000
v 0.650000 1.039000 -1.860000
v 0.650000 1.039000 -1.838000
v 0.230000 1.039000 -1.838000
f 4277 4278 4279
f 4277 4279 4280
f 4284 4283 4282
f 4284 4282 4281
f 4281 4282 4278
f 4281 4278 4277
f 4282 4283 4279
f 4282 4279 4278
f 4283 4284 4280
f 4283 4280 4279
f 4284 4281 4277
f 4284 4277 4280
o engine_louvre_1_1_1
usemtl Base
s off
v 0.230000 1.025000 -1.811000
v 0.650000 1.025000 -1.811000
v 0.650000 1.025000 -1.789000
v 0.230000 1.025000 -1.789000
v 0.230000 1.039000 -1.811000
v 0.650000 1.039000 -1.811000
v 0.650000 1.039000 -1.789000
v 0.230000 1.039000 -1.789000
f 4285 4286 4287
f 4285 4287 4288
f 4292 4291 4290
f 4292 4290 4289
f 4289 4290 4286
f 4289 4286 4285
f 4290 4291 4287
f 4290 4287 4286
f 4291 4292 4288
f 4291 4288 4287
f 4292 4289 4285
f 4292 4285 4288
o engine_louvre_1_1_2
usemtl Base
s off
v 0.230000 1.025000 -1.762000
v 0.650000 1.025000 -1.762000
v 0.650000 1.025000 -1.740000
v 0.230000 1.025000 -1.740000
v 0.230000 1.039000 -1.762000
v 0.650000 1.039000 -1.762000
v 0.650000 1.039000 -1.740000
v 0.230000 1.039000 -1.740000
f 4293 4294 4295
f 4293 4295 4296
f 4300 4299 4298
f 4300 4298 4297
f 4297 4298 4294
f 4297 4294 4293
f 4298 4299 4295
f 4298 4295 4294
f 4299 4300 4296
f 4299 4296 4295
f 4300 4297 4293
f 4300 4293 4296
o engine_louvre_1_1_3
usemtl Base
s off
v 0.230000 1.025000 -1.713000
v 0.650000 1.025000 -1.713000
v 0.650000 1.025000 -1.691000
v 0.230000 1.025000 -1.691000
v 0.230000 1.039000 -1.713000
v 0.650000 1.039000 -1.713000
v 0.650000 1.039000 -1.691000
v 0.230000 1.039000 -1.691000
f 4301 4302 4303
f 4301 4303 4304
f 4308 4307 4306
f 4308 4306 4305
f 4305 4306 4302
f 4305 4302 4301
f 4306 4307 4303
f 4306 4303 4302
f 4307 4308 4304
f 4307 4304 4303
f 4308 4305 4301
f 4308 4301 4304
o engine_louvre_1_1_4
usemtl Base
s off
v 0.230000 1.025000 -1.664000
v 0.650000 1.025000 -1.664000
v 0.650000 1.025000 -1.642000
v 0.230000 1.025000 -1.642000
v 0.230000 1.039000 -1.664000
v 0.650000 1.039000 -1.664000
v 0.650000 1.039000 -1.642000
v 0.230000 1.039000 -1.642000
f 4309 4310 4311
f 4309 4311 4312
f 4316 4315 4314
f 4316 4314 4313
f 4313 4314 4310
f 4313 4310 4309
f 4314 4315 4311
f 4314 4311 4310
f 4315 4316 4312
f 4315 4312 4311
f 4316 4313 4309
f 4316 4309 4312
o engine_louvre_1_1_5
usemtl Base
s off
v 0.230000 1.025000 -1.615000
v 0.650000 1.025000 -1.615000
v 0.650000 1.025000 -1.593000
v 0.230000 1.025000 -1.593000
v 0.230000 1.039000 -1.615000
v 0.650000 1.039000 -1.615000
v 0.650000 1.039000 -1.593000
v 0.230000 1.039000 -1.593000
f 4317 4318 4319
f 4317 4319 4320
f 4324 4323 4322
f 4324 4322 4321
f 4321 4322 4318
f 4321 4318 4317
f 4322 4323 4319
f 4322 4319 4318
f 4323 4324 4320
f 4323 4320 4319
f 4324 4321 4317
f 4324 4317 4320
o engine_service_panel
usemtl Base
s off
v -0.150000 1.016000 -2.270000
v 0.150000 1.016000 -2.270000
v 0.150000 1.016000 -1.530000
v -0.150000 1.016000 -1.530000
v -0.150000 1.042000 -2.270000
v 0.150000 1.042000 -2.270000
v 0.150000 1.042000 -1.530000
v -0.150000 1.042000 -1.530000
f 4325 4326 4327
f 4325 4327 4328
f 4332 4331 4330
f 4332 4330 4329
f 4329 4330 4326
f 4329 4326 4325
f 4330 4331 4327
f 4330 4327 4326
f 4331 4332 4328
f 4331 4328 4327
f 4332 4329 4325
f 4332 4325 4328
o engine_service_handle
usemtl Tracks
s off
v -0.070000 1.043000 -1.930000
v 0.070000 1.043000 -1.930000
v 0.070000 1.043000 -1.900000
v -0.070000 1.043000 -1.900000
v -0.070000 1.060000 -1.930000
v 0.070000 1.060000 -1.930000
v 0.070000 1.060000 -1.900000
v -0.070000 1.060000 -1.900000
f 4333 4334 4335
f 4333 4335 4336
f 4340 4339 4338
f 4340 4338 4337
f 4337 4338 4334
f 4337 4334 4333
f 4338 4339 4335
f 4338 4335 4334
f 4339 4340 4336
f 4339 4336 4335
f 4340 4337 4333
f 4340 4333 4336
o rear_lower_plate
usemtl HullFittings
s off
v -0.580000 0.260000 -1.600000
v 0.580000 0.260000 -1.600000
v 0.700000 0.650000 -2.130000
v -0.700000 0.650000 -2.130000
v -0.580000 0.260000 -1.625000
v 0.580000 0.260000 -1.625000
v 0.700000 0.650000 -2.155000
v -0.700000 0.650000 -2.155000
f 4341 4342 4343
f 4341 4343 4344
f 4348 4347 4346
f 4348 4346 4345
f 4345 4346 4342
f 4345 4342 4341
f 4346 4347 4343
f 4346 4343 4342
f 4347 4348 4344
f 4347 4344 4343
f 4348 4345 4341
f 4348 4341 4344
o rear_tow_mount
usemtl HullFittings
s off
v -0.064000 0.320000 -1.680000
v 0.064000 0.320000 -1.680000
v 0.064000 0.490000 -1.920000
v -0.064000 0.490000 -1.920000
v -0.064000 0.320000 -1.780000
v 0.064000 0.320000 -1.780000
v 0.064000 0.490000 -2.020000
v -0.064000 0.490000 -2.020000
f 4349 4350 4351
f 4349 4351 4352
f 4356 4355 4354
f 4356 4354 4353
f 4353 4354 4350
f 4353 4350 4349
f 4354 4355 4351
f 4354 4351 4350
f 4355 4356 4352
f 4355 4352 4351
f 4356 4353 4349
f 4356 4349 4352
o rear_tow_eye
usemtl Tracks
s off
v 0.036000 0.450000 -2.000000
v 0.033260 0.463777 -2.000000
v 0.025456 0.475456 -2.000000
v 0.013777 0.483260 -2.000000
v 0.000000 0.486000 -2.000000
v -0.013777 0.483260 -2.000000
v -0.025456 0.475456 -2.000000
v -0.033260 0.463777 -2.000000
v -0.036000 0.450000 -2.000000
v -0.033260 0.436223 -2.000000
v -0.025456 0.424544 -2.000000
v -0.013777 0.416740 -2.000000
v -0.000000 0.414000 -2.000000
v 0.013777 0.416740 -2.000000
v 0.025456 0.424544 -2.000000
v 0.033260 0.436223 -2.000000
v 0.036000 0.450000 -1.980000
v 0.033260 0.463777 -1.980000
v 0.025456 0.475456 -1.980000
v 0.013777 0.483260 -1.980000
v 0.000000 0.486000 -1.980000
v -0.013777 0.483260 -1.980000
v -0.025456 0.475456 -1.980000
v -0.033260 0.463777 -1.980000
v -0.036000 0.450000 -1.980000
v -0.033260 0.436223 -1.980000
v -0.025456 0.424544 -1.980000
v -0.013777 0.416740 -1.980000
v -0.000000 0.414000 -1.980000
v 0.013777 0.416740 -1.980000
v 0.025456 0.424544 -1.980000
v 0.033260 0.436223 -1.980000
f 4372 4371 4370
f 4372 4370 4369
f 4372 4369 4368
f 4372 4368 4367
f 4372 4367 4366
f 4372 4366 4365
f 4372 4365 4364
f 4372 4364 4363
f 4372 4363 4362
f 4372 4362 4361
f 4372 4361 4360
f 4372 4360 4359
f 4372 4359 4358
f 4372 4358 4357
f 4373 4374 4375
f 4373 4375 4376
f 4373 4376 4377
f 4373 4377 4378
f 4373 4378 4379
f 4373 4379 4380
f 4373 4380 4381
f 4373 4381 4382
f 4373 4382 4383
f 4373 4383 4384
f 4373 4384 4385
f 4373 4385 4386
f 4373 4386 4387
f 4373 4387 4388
f 4357 4358 4374
f 4357 4374 4373
f 4358 4359 4375
f 4358 4375 4374
f 4359 4360 4376
f 4359 4376 4375
f 4360 4361 4377
f 4360 4377 4376
f 4361 4362 4378
f 4361 4378 4377
f 4362 4363 4379
f 4362 4379 4378
f 4363 4364 4380
f 4363 4380 4379
f 4364 4365 4381
f 4364 4381 4380
f 4365 4366 4382
f 4365 4382 4381
f 4366 4367 4383
f 4366 4383 4382
f 4367 4368 4384
f 4367 4384 4383
f 4368 4369 4385
f 4368 4385 4384
f 4369 4370 4386
f 4369 4386 4385
f 4370 4371 4387
f 4370 4387 4386
f 4371 4372 4388
f 4371 4388 4387
f 4372 4357 4373
f 4372 4373 4388
o rear_spare_wheel
usemtl Tracks
s off
v 0.037000 0.690000 -2.677500
v 0.032673 0.722870 -2.677500
v 0.019985 0.753500 -2.677500
v -0.000197 0.779803 -2.677500
v -0.026500 0.799985 -2.677500
v -0.057130 0.812673 -2.677500
v -0.090000 0.817000 -2.677500
v -0.122870 0.812673 -2.677500
v -0.153500 0.799985 -2.677500
v -0.179803 0.779803 -2.677500
v -0.199985 0.753500 -2.677500
v -0.212673 0.722870 -2.677500
v -0.217000 0.690000 -2.677500
v -0.212673 0.657130 -2.677500
v -0.199985 0.626500 -2.677500
v -0.179803 0.600197 -2.677500
v -0.153500 0.580015 -2.677500
v -0.122870 0.567327 -2.677500
v -0.090000 0.563000 -2.677500
v -0.057130 0.567327 -2.677500
v -0.026500 0.580015 -2.677500
v -0.000197 0.600197 -2.677500
v 0.019985 0.626500 -2.677500
v 0.032673 0.657130 -2.677500
v 0.037000 0.690000 -2.602500
v 0.032673 0.722870 -2.602500
v 0.019985 0.753500 -2.602500
v -0.000197 0.779803 -2.602500
v -0.026500 0.799985 -2.602500
v -0.057130 0.812673 -2.602500
v -0.090000 0.817000 -2.602500
v -0.122870 0.812673 -2.602500
v -0.153500 0.799985 -2.602500
v -0.179803 0.779803 -2.602500
v -0.199985 0.753500 -2.602500
v -0.212673 0.722870 -2.602500
v -0.217000 0.690000 -2.602500
v -0.212673 0.657130 -2.602500
v -0.199985 0.626500 -2.602500
v -0.179803 0.600197 -2.602500
v -0.153500 0.580015 -2.602500
v -0.122870 0.567327 -2.602500
v -0.090000 0.563000 -2.602500
v -0.057130 0.567327 -2.602500
v -0.026500 0.580015 -2.602500
v -0.000197 0.600197 -2.602500
v 0.019985 0.626500 -2.602500
v 0.032673 0.657130 -2.602500
f 4412 4411 4410
f 4412 4410 4409
f 4412 4409 4408
f 4412 4408 4407
f 4412 4407 4406
f 4412 4406 4405
f 4412 4405 4404
f 4412 4404 4403
f 4412 4403 4402
f 4412 4402 4401
f 4412 4401 4400
f 4412 4400 4399
f 4412 4399 4398
f 4412 4398 4397
f 4412 4397 4396
f 4412 4396 4395
f 4412 4395 4394
f 4412 4394 4393
f 4412 4393 4392
f 4412 4392 4391
f 4412 4391 4390
f 4412 4390 4389
f 4413 4414 4415
f 4413 4415 4416
f 4413 4416 4417
f 4413 4417 4418
f 4413 4418 4419
f 4413 4419 4420
f 4413 4420 4421
f 4413 4421 4422
f 4413 4422 4423
f 4413 4423 4424
f 4413 4424 4425
f 4413 4425 4426
f 4413 4426 4427
f 4413 4427 4428
f 4413 4428 4429
f 4413 4429 4430
f 4413 4430 4431
f 4413 4431 4432
f 4413 4432 4433
f 4413 4433 4434
f 4413 4434 4435
f 4413 4435 4436
f 4389 4390 4414
f 4389 4414 4413
f 4390 4391 4415
f 4390 4415 4414
f 4391 4392 4416
f 4391 4416 4415
f 4392 4393 4417
f 4392 4417 4416
f 4393 4394 4418
f 4393 4418 4417
f 4394 4395 4419
f 4394 4419 4418
f 4395 4396 4420
f 4395 4420 4419
f 4396 4397 4421
f 4396 4421 4420
f 4397 4398 4422
f 4397 4422 4421
f 4398 4399 4423
f 4398 4423 4422
f 4399 4400 4424
f 4399 4424 4423
f 4400 4401 4425
f 4400 4425 4424
f 4401 4402 4426
f 4401 4426 4425
f 4402 4403 4427
f 4402 4427 4426
f 4403 4404 4428
f 4403 4428 4427
f 4404 4405 4429
f 4404 4429 4428
f 4405 4406 4430
f 4405 4430 4429
f 4406 4407 4431
f 4406 4431 4430
f 4407 4408 4432
f 4407 4432 4431
f 4408 4409 4433
f 4408 4433 4432
f 4409 4410 4434
f 4409 4434 4433
f 4410 4411 4435
f 4410 4435 4434
f 4411 4412 4436
f 4411 4436 4435
f 4412 4389 4413
f 4412 4413 4436
o rear_spare_hub
usemtl HullFittings
s off
v -0.029000 0.690000 -2.705500
v -0.033643 0.713344 -2.705500
v -0.046866 0.733134 -2.705500
v -0.066656 0.746357 -2.705500
v -0.090000 0.751000 -2.705500
v -0.113344 0.746357 -2.705500
v -0.133134 0.733134 -2.705500
v -0.146357 0.713344 -2.705500
v -0.151000 0.690000 -2.705500
v -0.146357 0.666656 -2.705500
v -0.133134 0.646866 -2.705500
v -0.113344 0.633643 -2.705500
v -0.090000 0.629000 -2.705500
v -0.066656 0.633643 -2.705500
v -0.046866 0.646866 -2.705500
v -0.033643 0.666656 -2.705500
v -0.029000 0.690000 -2.670500
v -0.033643 0.713344 -2.670500
v -0.046866 0.733134 -2.670500
v -0.066656 0.746357 -2.670500
v -0.090000 0.751000 -2.670500
v -0.113344 0.746357 -2.670500
v -0.133134 0.733134 -2.670500
v -0.146357 0.713344 -2.670500
v -0.151000 0.690000 -2.670500
v -0.146357 0.666656 -2.670500
v -0.133134 0.646866 -2.670500
v -0.113344 0.633643 -2.670500
v -0.090000 0.629000 -2.670500
v -0.066656 0.633643 -2.670500
v -0.046866 0.646866 -2.670500
v -0.033643 0.666656 -2.670500
f 4452 4451 4450
f 4452 4450 4449
f 4452 4449 4448
f 4452 4448 4447
f 4452 4447 4446
f 4452 4446 4445
f 4452 4445 4444
f 4452 4444 4443
f 4452 4443 4442
f 4452 4442 4441
f 4452 4441 4440
f 4452 4440 4439
f 4452 4439 4438
f 4452 4438 4437
f 4453 4454 4455
f 4453 4455 4456
f 4453 4456 4457
f 4453 4457 4458
f 4453 4458 4459
f 4453 4459 4460
f 4453 4460 4461
f 4453 4461 4462
f 4453 4462 4463
f 4453 4463 4464
f 4453 4464 4465
f 4453 4465 4466
f 4453 4466 4467
f 4453 4467 4468
f 4437 4438 4454
f 4437 4454 4453
f 4438 4439 4455
f 4438 4455 4454
f 4439 4440 4456
f 4439 4456 4455
f 4440 4441 4457
f 4440 4457 4456
f 4441 4442 4458
f 4441 4458 4457
f 4442 4443 4459
f 4442 4459 4458
f 4443 4444 4460
f 4443 4460 4459
f 4444 4445 4461
f 4444 4461 4460
f 4445 4446 4462
f 4445 4462 4461
f 4446 4447 4463
f 4446 4463 4462
f 4447 4448 4464
f 4447 4464 4463
f 4448 4449 4465
f 4448 4465 4464
f 4449 4450 4466
f 4449 4466 4465
f 4450 4451 4467
f 4450 4467 4466
f 4451 4452 4468
f 4451 4468 4467
f 4452 4437 4453
f 4452 4453 4468
o rear_stowage_box
usemtl HullFittings
s off
v 0.090000 0.670000 -2.630000
v 0.225000 0.670000 -2.630000
v 0.225000 0.670000 -2.400000
v 0.090000 0.670000 -2.400000
v 0.090000 0.920000 -2.630000
v 0.225000 0.920000 -2.630000
v 0.225000 0.920000 -2.400000
v 0.090000 0.920000 -2.400000
f 4469 4470 4471
f 4469 4471 4472
f 4476 4475 4474
f 4476 4474 4473
f 4473 4474 4470
f 4473 4470 4469
f 4474 4475 4471
f 4474 4471 4470
f 4475 4476 4472
f 4475 4472 4471
f 4476 4473 4469
f 4476 4469 4472
o driver_hatch
usemtl Base
s off
v -0.170000 0.740000 1.530000
v 0.170000 0.740000 1.530000
v 0.170000 0.740000 1.860000
v -0.170000 0.740000 1.860000
v -0.170000 0.800000 1.530000
v 0.170000 0.800000 1.530000
v 0.170000 0.800000 1.860000
v -0.170000 0.800000 1.860000
f 4477 4478 4479
f 4477 4479 4480
f 4484 4483 4482
f 4484 4482 4481
f 4481 4482 4478
f 4481 4478 4477
f 4482 4483 4479
f 4482 4479 4478
f 4483 4484 4480
f 4483 4480 4479
f 4484 4481 4477
f 4484 4477 4480
o driver_periscope
usemtl Tracks
s off
v -0.120000 0.800000 1.600000
v 0.120000 0.800000 1.600000
v 0.120000 0.800000 1.670000
v -0.120000 0.800000 1.670000
v -0.120000 0.845000 1.600000
v 0.120000 0.845000 1.600000
v 0.120000 0.845000 1.670000
v -0.120000 0.845000 1.670000
f 4485 4486 4487
f 4485 4487 4488
f 4492 4491 4490
f 4492 4490 4489
f 4489 4490 4486
f 4489 4486 4485
f 4490 4491 4487
f 4490 4487 4486
f 4491 4492 4488
f 4491 4488 4487
f 4492 4489 4485
f 4492 4485 4488
o front_plate_rib_0
usemtl Base
s off
v -0.552000 0.300000 1.557000
v -0.528000 0.300000 1.557000
v -0.528000 0.510000 1.812000
v -0.552000 0.510000 1.812000
v -0.552000 0.300000 1.571000
v -0.528000 0.300000 1.571000
v -0.528000 0.510000 1.826000
v -0.552000 0.510000 1.826000
f 4496 4495 4494
f 4496 4494 4493
f 4497 4498 4499
f 4497 4499 4500
f 4493 4494 4498
f 4493 4498 4497
f 4494 4495 4499
f 4494 4499 4498
f 4495 4496 4500
f 4495 4500 4499
f 4496 4493 4497
f 4496 4497 4500
o front_plate_rib_1
usemtl Base
s off
v -0.372000 0.300000 1.557000
v -0.348000 0.300000 1.557000
v -0.348000 0.510000 1.812000
v -0.372000 0.510000 1.812000
v -0.372000 0.300000 1.571000
v -0.348000 0.300000 1.571000
v -0.348000 0.510000 1.826000
v -0.372000 0.510000 1.826000
f 4504 4503 4502
f 4504 4502 4501
f 4505 4506 4507
f 4505 4507 4508
f 4501 4502 4506
f 4501 4506 4505
f 4502 4503 4507
f 4502 4507 4506
f 4503 4504 4508
f 4503 4508 4507
f 4504 4501 4505
f 4504 4505 4508
o front_plate_rib_2
usemtl Base
s off
v -0.192000 0.300000 1.557000
v -0.168000 0.300000 1.557000
v -0.168000 0.510000 1.812000
v -0.192000 0.510000 1.812000
v -0.192000 0.300000 1.571000
v -0.168000 0.300000 1.571000
v -0.168000 0.510000 1.826000
v -0.192000 0.510000 1.826000
f 4512 4511 4510
f 4512 4510 4509
f 4513 4514 4515
f 4513 4515 4516
f 4509 4510 4514
f 4509 4514 4513
f 4510 4511 4515
f 4510 4515 4514
f 4511 4512 4516
f 4511 4516 4515
f 4512 4509 4513
f 4512 4513 4516
o front_plate_rib_3
usemtl Base
s off
v -0.012000 0.300000 1.557000
v 0.012000 0.300000 1.557000
v 0.012000 0.510000 1.812000
v -0.012000 0.510000 1.812000
v -0.012000 0.300000 1.571000
v 0.012000 0.300000 1.571000
v 0.012000 0.510000 1.826000
v -0.012000 0.510000 1.826000
f 4520 4519 4518
f 4520 4518 4517
f 4521 4522 4523
f 4521 4523 4524
f 4517 4518 4522
f 4517 4522 4521
f 4518 4519 4523
f 4518 4523 4522
f 4519 4520 4524
f 4519 4524 4523
f 4520 4517 4521
f 4520 4521 4524
o front_plate_rib_4
usemtl Base
s off
v 0.168000 0.300000 1.557000
v 0.192000 0.300000 1.557000
v 0.192000 0.510000 1.812000
v 0.168000 0.510000 1.812000
v 0.168000 0.300000 1.571000
v 0.192000 0.300000 1.571000
v 0.192000 0.510000 1.826000
v 0.168000 0.510000 1.826000
f 4528 4527 4526
f 4528 4526 4525
f 4529 4530 4531
f 4529 4531 4532
f 4525 4526 4530
f 4525 4530 4529
f 4526 4527 4531
f 4526 4531 4530
f 4527 4528 4532
f 4527 4532 4531
f 4528 4525 4529
f 4528 4529 4532
o front_plate_rib_5
usemtl Base
s off
v 0.348000 0.300000 1.557000
v 0.372000 0.300000 1.557000
v 0.372000 0.510000 1.812000
v 0.348000 0.510000 1.812000
v 0.348000 0.300000 1.571000
v 0.372000 0.300000 1.571000
v 0.372000 0.510000 1.826000
v 0.348000 0.510000 1.826000
f 4536 4535 4534
f 4536 4534 4533
f 4537 4538 4539
f 4537 4539 4540
f 4533 4534 4538
f 4533 4538 4537
f 4534 4535 4539
f 4534 4539 4538
f 4535 4536 4540
f 4535 4540 4539
f 4536 4533 4537
f 4536 4537 4540
o front_plate_rib_6
usemtl Base
s off
v 0.528000 0.300000 1.557000
v 0.552000 0.300000 1.557000
v 0.552000 0.510000 1.812000
v 0.528000 0.510000 1.812000
v 0.528000 0.300000 1.571000
v 0.552000 0.300000 1.571000
v 0.552000 0.510000 1.826000
v 0.528000 0.510000 1.826000
f 4544 4543 4542
f 4544 4542 4541
f 4545 4546 4547
f 4545 4547 4548
f 4541 4542 4546
f 4541 4546 4545
f 4542 4543 4547
f 4542 4547 4546
f 4543 4544 4548
f 4543 4548 4547
f 4544 4541 4545
f 4544 4545 4548
o turret_ring
usemtl Turret
s off
v 0.690000 0.910000 0.000000
v 0.676742 0.910000 0.134612
v 0.637477 0.910000 0.264052
v 0.573714 0.910000 0.383343
v 0.487904 0.910000 0.487904
v 0.383343 0.910000 0.573714
v 0.264052 0.910000 0.637477
v 0.134612 0.910000 0.676742
v 0.000000 0.910000 0.690000
v -0.134612 0.910000 0.676742
v -0.264052 0.910000 0.637477
v -0.383343 0.910000 0.573714
v -0.487904 0.910000 0.487904
v -0.573714 0.910000 0.383343
v -0.637477 0.910000 0.264052
v -0.676742 0.910000 0.134612
v -0.690000 0.910000 0.000000
v -0.676742 0.910000 -0.134612
v -0.637477 0.910000 -0.264052
v -0.573714 0.910000 -0.383343
v -0.487904 0.910000 -0.487904
v -0.383343 0.910000 -0.573714
v -0.264052 0.910000 -0.637477
v -0.134612 0.910000 -0.676742
v -0.000000 0.910000 -0.690000
v 0.134612 0.910000 -0.676742
v 0.264052 0.910000 -0.637477
v 0.383343 0.910000 -0.573714
v 0.487904 0.910000 -0.487904
v 0.573714 0.910000 -0.383343
v 0.637477 0.910000 -0.264052
v 0.676742 0.910000 -0.134612
v 0.690000 0.990000 0.000000
v 0.676742 0.990000 0.134612
v 0.637477 0.990000 0.264052
v 0.573714 0.990000 0.383343
v 0.487904 0.990000 0.487904
v 0.383343 0.990000 0.573714
v 0.264052 0.990000 0.637477
v 0.134612 0.990000 0.676742
v 0.000000 0.990000 0.690000
v -0.134612 0.990000 0.676742
v -0.264052 0.990000 0.637477
v -0.383343 0.990000 0.573714
v -0.487904 0.990000 0.487904
v -0.573714 0.990000 0.383343
v -0.637477 0.990000 0.264052
v -0.676742 0.990000 0.134612
v -0.690000 0.990000 0.000000
v -0.676742 0.990000 -0.134612
v -0.637477 0.990000 -0.264052
v -0.573714 0.990000 -0.383343
v -0.487904 0.990000 -0.487904
v -0.383343 0.990000 -0.573714
v -0.264052 0.990000 -0.637477
v -0.134612 0.990000 -0.676742
v -0.000000 0.990000 -0.690000
v 0.134612 0.990000 -0.676742
v 0.264052 0.990000 -0.637477
v 0.383343 0.990000 -0.573714
v 0.487904 0.990000 -0.487904
v 0.573714 0.990000 -0.383343
v 0.637477 0.990000 -0.264052
v 0.676742 0.990000 -0.134612
f 4549 4550 4551
f 4549 4551 4552
f 4549 4552 4553
f 4549 4553 4554
f 4549 4554 4555
f 4549 4555 4556
f 4549 4556 4557
f 4549 4557 4558
f 4549 4558 4559
f 4549 4559 4560
f 4549 4560 4561
f 4549 4561 4562
f 4549 4562 4563
f 4549 4563 4564
f 4549 4564 4565
f 4549 4565 4566
f 4549 4566 4567
f 4549 4567 4568
f 4549 4568 4569
f 4549 4569 4570
f 4549 4570 4571
f 4549 4571 4572
f 4549 4572 4573
f 4549 4573 4574
f 4549 4574 4575
f 4549 4575 4576
f 4549 4576 4577
f 4549 4577 4578
f 4549 4578 4579
f 4549 4579 4580
f 4612 4611 4610
f 4612 4610 4609
f 4612 4609 4608
f 4612 4608 4607
f 4612 4607 4606
f 4612 4606 4605
f 4612 4605 4604
f 4612 4604 4603
f 4612 4603 4602
f 4612 4602 4601
f 4612 4601 4600
f 4612 4600 4599
f 4612 4599 4598
f 4612 4598 4597
f 4612 4597 4596
f 4612 4596 4595
f 4612 4595 4594
f 4612 4594 4593
f 4612 4593 4592
f 4612 4592 4591
f 4612 4591 4590
f 4612 4590 4589
f 4612 4589 4588
f 4612 4588 4587
f 4612 4587 4586
f 4612 4586 4585
f 4612 4585 4584
f 4612 4584 4583
f 4612 4583 4582
f 4612 4582 4581
f 4581 4582 4550
f 4581 4550 4549
f 4582 4583 4551
f 4582 4551 4550
f 4583 4584 4552
f 4583 4552 4551
f 4584 4585 4553
f 4584 4553 4552
f 4585 4586 4554
f 4585 4554 4553
f 4586 4587 4555
f 4586 4555 4554
f 4587 4588 4556
f 4587 4556 4555
f 4588 4589 4557
f 4588 4557 4556
f 4589 4590 4558
f 4589 4558 4557
f 4590 4591 4559
f 4590 4559 4558
f 4591 4592 4560
f 4591 4560 4559
f 4592 4593 4561
f 4592 4561 4560
f 4593 4594 4562
f 4593 4562 4561
f 4594 4595 4563
f 4594 4563 4562
f 4595 4596 4564
f 4595 4564 4563
f 4596 4597 4565
f 4596 4565 4564
f 4597 4598 4566
f 4597 4566 4565
f 4598 4599 4567
f 4598 4567 4566
f 4599 4600 4568
f 4599 4568 4567
f 4600 4601 4569
f 4600 4569 4568
f 4601 4602 4570
f 4601 4570 4569
f 4602 4603 4571
f 4602 4571 4570
f 4603 4604 4572
f 4603 4572 4571
f 4604 4605 4573
f 4604 4573 4572
f 4605 4606 4574
f 4605 4574 4573
f 4606 4607 4575
f 4606 4575 4574
f 4607 4608 4576
f 4607 4576 4575
f 4608 4609 4577
f 4608 4577 4576
f 4609 4610 4578
f 4609 4578 4577
f 4610 4611 4579
f 4610 4579 4578
f 4611 4612 4580
f 4611 4580 4579
f 4612 4581 4549
f 4612 4549 4580
o turret_armour
usemtl Turret
s off
v -0.740000 0.900503 1.339497
v 0.740000 0.900503 1.339497
v 0.700000 0.934271 1.339497
v -0.700000 0.934271 1.339497
v -0.860000 0.844221 0.585327
v 0.860000 0.844221 0.585327
v 0.760000 1.339497 0.585327
v -0.760000 1.339497 0.585327
v -0.870000 0.866734 -0.270151
v 0.870000 0.866734 -0.270151
v 0.790000 1.395779 -0.270151
v -0.790000 1.395779 -0.270151
v -0.840000 0.979296 -1.407035
v 0.840000 0.979296 -1.407035
v 0.780000 1.271960 -1.407035
v -0.780000 1.271960 -1.407035
f 4613 4614 4615
f 4613 4615 4616
f 4628 4627 4626
f 4628 4626 4625
f 4617 4618 4614
f 4617 4614 4613
f 4618 4619 4615
f 4618 4615 4614
f 4619 4620 4616
f 4619 4616 4615
f 4620 4617 4613
f 4620 4613 4616
f 4621 4622 4618
f 4621 4618 4617
f 4622 4623 4619
f 4622 4619 4618
f 4623 4624 4620
f 4623 4620 4619
f 4624 4621 4617
f 4624 4617 4620
f 4625 4626 4622
f 4625 4622 4621
f 4626 4627 4623
f 4626 4623 4622
f 4627 4628 4624
f 4627 4624 4623
f 4628 4625 4621
f 4628 4621 4624
o cheek_panel_-1
usemtl TurretDark
s off
v -0.710000 1.070000 1.090000
v -0.370000 1.070000 1.090000
v -0.370000 1.260000 0.737000
v -0.710000 1.260000 0.737000
v -0.710000 1.070000 1.102000
v -0.370000 1.070000 1.102000
v -0.370000 1.260000 0.749000
v -0.710000 1.260000 0.749000
f 4632 4631 4630
f 4632 4630 4629
f 4633 4634 4635
f 4633 4635 4636
f 4629 4630 4634
f 4629 4634 4633
f 4630 4631 4635
f 4630 4635 4634
f 4631 4632 4636
f 4631 4636 4635
f 4632 4629 4633
f 4632 4633 4636
o smoke_rack_-1
usemtl Turret
s off
v -0.670000 0.950000 1.200000
v -0.410000 0.950000 1.200000
v -0.410000 0.950000 1.300000
v -0.670000 0.950000 1.300000
v -0.670000 1.025000 1.200000
v -0.410000 1.025000 1.200000
v -0.410000 1.025000 1.300000
v -0.670000 1.025000 1.300000
f 4637 4638 4639
f 4637 4639 4640
f 4644 4643 4642
f 4644 4642 4641
f 4641 4642 4638
f 4641 4638 4637
f 4642 4643 4639
f 4642 4639 4638
f 4643 4644 4640
f 4643 4640 4639
f 4644 4641 4637
f 4644 4637 4640
o smoke_launcher_-1_0
usemtl TurretDark
s off
v -0.568877 0.999693 1.243325
v -0.571137 1.013368 1.235238
v -0.580849 1.023379 1.227304
v -0.595412 1.027043 1.221648
v -0.610923 1.023379 1.219786
v -0.623227 1.013368 1.222216
v -0.629026 0.999693 1.228287
v -0.626766 0.986018 1.236373
v -0.617054 0.976007 1.244308
v -0.602491 0.972343 1.249964
v -0.586980 0.976007 1.251826
v -0.574676 0.986018 1.249396
v -0.600974 1.070307 1.371713
v -0.603234 1.083982 1.363627
v -0.612946 1.093993 1.355692
v -0.627509 1.097657 1.350036
v -0.643020 1.093993 1.348174
v -0.655324 1.083982 1.350604
v -0.661123 1.070307 1.356675
v -0.658863 1.056632 1.364762
v -0.649151 1.046621 1.372696
v -0.634588 1.042957 1.378352
v -0.619077 1.046621 1.380214
v -0.606773 1.056632 1.377784
f 4656 4655 4654
f 4656 4654 4653
f 4656 4653 4652
f 4656 4652 4651
f 4656 4651 4650
f 4656 4650 4649
f 4656 4649 4648
f 4656 4648 4647
f 4656 4647 4646
f 4656 4646 4645
f 4657 4658 4659
f 4657 4659 4660
f 4657 4660 4661
f 4657 4661 4662
f 4657 4662 4663
f 4657 4663 4664
f 4657 4664 4665
f 4657 4665 4666
f 4657 4666 4667
f 4657 4667 4668
f 4645 4646 4658
f 4645 4658 4657
f 4646 4647 4659
f 4646 4659 4658
f 4647 4648 4660
f 4647 4660 4659
f 4648 4649 4661
f 4648 4661 4660
f 4649 4650 4662
f 4649 4662 4661
f 4650 4651 4663
f 4650 4663 4662
f 4651 4652 4664
f 4651 4664 4663
f 4652 4653 4665
f 4652 4665 4664
f 4653 4654 4666
f 4653 4666 4665
f 4654 4655 4667
f 4654 4667 4666
f 4655 4656 4668
f 4655 4668 4667
f 4656 4645 4657
f 4656 4657 4668
o smoke_launcher_-1_1
usemtl TurretDark
s off
v -0.487796 1.000618 1.248244
v -0.489226 1.014393 1.240139
v -0.498063 1.024477 1.231323
v -0.511939 1.028169 1.224159
v -0.527136 1.024477 1.220566
v -0.539583 1.014393 1.221507
v -0.545944 1.000618 1.226730
v -0.544514 0.986843 1.234835
v -0.535678 0.976758 1.243651
v -0.521802 0.973067 1.250815
v -0.506604 0.976758 1.254408
v -0.494157 0.986843 1.253467
v -0.534056 1.069382 1.373270
v -0.535486 1.083157 1.365165
v -0.544322 1.093242 1.356349
v -0.558198 1.096933 1.349185
v -0.573396 1.093242 1.345592
v -0.585843 1.083157 1.346533
v -0.592204 1.069382 1.351756
v -0.590774 1.055607 1.359861
v -0.581937 1.045523 1.368677
v -0.568061 1.041831 1.375841
v -0.552864 1.045523 1.379434
v -0.540417 1.055607 1.378493
f 4680 4679 4678
f 4680 4678 4677
f 4680 4677 4676
f 4680 4676 4675
f 4680 4675 4674
f 4680 4674 4673
f 4680 4673 4672
f 4680 4672 4671
f 4680 4671 4670
f 4680 4670 4669
f 4681 4682 4683
f 4681 4683 4684
f 4681 4684 4685
f 4681 4685 4686
f 4681 4686 4687
f 4681 4687 4688
f 4681 4688 4689
f 4681 4689 4690
f 4681 4690 4691
f 4681 4691 4692
f 4669 4670 4682
f 4669 4682 4681
f 4670 4671 4683
f 4670 4683 4682
f 4671 4672 4684
f 4671 4684 4683
f 4672 4673 4685
f 4672 4685 4684
f 4673 4674 4686
f 4673 4686 4685
f 4674 4675 4687
f 4674 4687 4686
f 4675 4676 4688
f 4675 4688 4687
f 4676 4677 4689
f 4676 4689 4688
f 4677 4678 4690
f 4677 4690 4689
f 4678 4679 4691
f 4678 4691 4690
f 4679 4680 4692
f 4679 4692 4691
f 4680 4669 4681
f 4680 4681 4692
o smoke_launcher_-1_2
usemtl TurretDark
s off
v -0.407573 1.001788 1.253255
v -0.408283 1.015685 1.245264
v -0.416261 1.025859 1.235759
v -0.429371 1.029583 1.227287
v -0.444099 1.025859 1.222118
v -0.456499 1.015685 1.221638
v -0.463249 1.001788 1.225974
v -0.462539 0.987890 1.233965
v -0.454561 0.977717 1.243470
v -0.441451 0.973993 1.251942
v -0.426723 0.977717 1.257110
v -0.414323 0.987890 1.257591
v -0.466751 1.068212 1.374026
v -0.467461 1.082110 1.366035
v -0.475439 1.092283 1.356530
v -0.488549 1.096007 1.348058
v -0.503277 1.092283 1.342890
v -0.515677 1.082110 1.342409
v -0.522427 1.068212 1.346745
v -0.521717 1.054315 1.354736
v -0.513739 1.044141 1.364241
v -0.500629 1.040417 1.372713
v -0.485901 1.044141 1.377882
v -0.473501 1.054315 1.378362
f 4704 4703 4702
f 4704 4702 4701
f 4704 4701 4700
f 4704 4700 4699
f 4704 4699 4698
f 4704 4698 4697
f 4704 4697 4696
f 4704 4696 4695
f 4704 4695 4694
f 4704 4694 4693
f 4705 4706 4707
f 4705 4707 4708
f 4705 4708 4709
f 4705 4709 4710
f 4705 4710 4711
f 4705 4711 4712
f 4705 4712 4713
f 4705 4713 4714
f 4705 4714 4715
f 4705 4715 4716
f 4693 4694 4706
f 4693 4706 4705
f 4694 4695 4707
f 4694 4707 4706
f 4695 4696 4708
f 4695 4708 4707
f 4696 4697 4709
f 4696 4709 4708
f 4697 4698 4710
f 4697 4710 4709
f 4698 4699 4711
f 4698 4711 4710
f 4699 4700 4712
f 4699 4712 4711
f 4700 4701 4713
f 4700 4713 4712
f 4701 4702 4714
f 4701 4714 4713
f 4702 4703 4715
f 4702 4715 4714
f 4703 4704 4716
f 4703 4716 4715
f 4704 4693 4705
f 4704 4705 4716
o smoke_launcher_-1_3
usemtl TurretDark
s off
v -0.568877 1.069693 1.243325
v -0.571137 1.083368 1.235238
v -0.580849 1.093379 1.227304
v -0.595412 1.097043 1.221648
v -0.610923 1.093379 1.219786
v -0.623227 1.083368 1.222216
v -0.629026 1.069693 1.228287
v -0.626766 1.056018 1.236373
v -0.617054 1.046007 1.244308
v -0.602491 1.042343 1.249964
v -0.586980 1.046007 1.251826
v -0.574676 1.056018 1.249396
v -0.600974 1.140307 1.371713
v -0.603234 1.153982 1.363627
v -0.612946 1.163993 1.355692
v -0.627509 1.167657 1.350036
v -0.643020 1.163993 1.348174
v -0.655324 1.153982 1.350604
v -0.661123 1.140307 1.356675
v -0.658863 1.126632 1.364762
v -0.649151 1.116621 1.372696
v -0.634588 1.112957 1.378352
v -0.619077 1.116621 1.380214
v -0.606773 1.126632 1.377784
f 4728 4727 4726
f 4728 4726 4725
f 4728 4725 4724
f 4728 4724 4723
f 4728 4723 4722
f 4728 4722 4721
f 4728 4721 4720
f 4728 4720 4719
f 4728 4719 4718
f 4728 4718 4717
f 4729 4730 4731
f 4729 4731 4732
f 4729 4732 4733
f 4729 4733 4734
f 4729 4734 4735
f 4729 4735 4736
f 4729 4736 4737
f 4729 4737 4738
f 4729 4738 4739
f 4729 4739 4740
f 4717 4718 4730
f 4717 4730 4729
f 4718 4719 4731
f 4718 4731 4730
f 4719 4720 4732
f 4719 4732 4731
f 4720 4721 4733
f 4720 4733 4732
f 4721 4722 4734
f 4721 4734 4733
f 4722 4723 4735
f 4722 4735 4734
f 4723 4724 4736
f 4723 4736 4735
f 4724 4725 4737
f 4724 4737 4736
f 4725 4726 4738
f 4725 4738 4737
f 4726 4727 4739
f 4726 4739 4738
f 4727 4728 4740
f 4727 4740 4739
f 4728 4717 4729
f 4728 4729 4740
o smoke_launcher_-1_4
usemtl TurretDark
s off
v -0.487796 1.070618 1.248244
v -0.489226 1.084393 1.240139
v -0.498063 1.094477 1.231323
v -0.511939 1.098169 1.224159
v -0.527136 1.094477 1.220566
v -0.539583 1.084393 1.221507
v -0.545944 1.070618 1.226730
v -0.544514 1.056843 1.234835
v -0.535678 1.046758 1.243651
v -0.521802 1.043067 1.250815
v -0.506604 1.046758 1.254408
v -0.494157 1.056843 1.253467
v -0.534056 1.139382 1.373270
v -0.535486 1.153157 1.365165
v -0.544322 1.163242 1.356349
v -0.558198 1.166933 1.349185
v -0.573396 1.163242 1.345592
v -0.585843 1.153157 1.346533
v -0.592204 1.139382 1.351756
v -0.590774 1.125607 1.359861
v -0.581937 1.115523 1.368677
v -0.568061 1.111831 1.375841
v -0.552864 1.115523 1.379434
v -0.540417 1.125607 1.378493
f 4752 4751 4750
f 4752 4750 4749
f 4752 4749 4748
f 4752 4748 4747
f 4752 4747 4746
f 4752 4746 4745
f 4752 4745 4744
f 4752 4744 4743
f 4752 4743 4742
f 4752 4742 4741
f 4753 4754 4755
f 4753 4755 4756
f 4753 4756 4757
f 4753 4757 4758
f 4753 4758 4759
f 4753 4759 4760
f 4753 4760 4761
f 4753 4761 4762
f 4753 4762 4763
f 4753 4763 4764
f 4741 4742 4754
f 4741 4754 4753
f 4742 4743 4755
f 4742 4755 4754
f 4743 4744 4756
f 4743 4756 4755
f 4744 4745 4757
f 4744 4757 4756
f 4745 4746 4758
f 4745 4758 4757
f 4746 4747 4759
f 4746 4759 4758
f 4747 4748 4760
f 4747 4760 4759
f 4748 4749 4761
f 4748 4761 4760
f 4749 4750 4762
f 4749 4762 4761
f 4750 4751 4763
f 4750 4763 4762
f 4751 4752 4764
f 4751 4764 4763
f 4752 4741 4753
f 4752 4753 4764
o turret_rear_grille_-1
usemtl TurretDark
s off
v -0.775000 1.005000 -1.428000
v -0.305000 1.005000 -1.428000
v -0.305000 1.005000 -1.412000
v -0.775000 1.005000 -1.412000
v -0.775000 1.250000 -1.428000
v -0.305000 1.250000 -1.428000
v -0.305000 1.250000 -1.412000
v -0.775000 1.250000 -1.412000
f 4765 4766 4767
f 4765 4767 4768
f 4772 4771 4770
f 4772 4770 4769
f 4769 4770 4766
f 4769 4766 4765
f 4770 4771 4767
f 4770 4767 4766
f 4771 4772 4768
f 4771 4768 4767
f 4772 4769 4765
f 4772 4765 4768
o turret_rear_louvre_-1_0
usemtl Turret
s off
v -0.762000 1.030000 -1.440000
v -0.318000 1.030000 -1.440000
v -0.318000 1.030000 -1.425000
v -0.762000 1.030000 -1.425000
v -0.762000 1.047000 -1.440000
v -0.318000 1.047000 -1.440000
v -0.318000 1.047000 -1.425000
v -0.762000 1.047000 -1.425000
f 4773 4774 4775
f 4773 4775 4776
f 4780 4779 4778
f 4780 4778 4777
f 4777 4778 4774
f 4777 4774 4773
f 4778 4779 4775
f 4778 4775 4774
f 4779 4780 4776
f 4779 4776 4775
f 4780 4777 4773
f 4780 4773 4776
o turret_rear_louvre_-1_1
usemtl Turret
s off
v -0.762000 1.086000 -1.440000
v -0.318000 1.086000 -1.440000
v -0.318000 1.086000 -1.425000
v -0.762000 1.086000 -1.425000
v -0.762000 1.103000 -1.440000
v -0.318000 1.103000 -1.440000
v -0.318000 1.103000 -1.425000
v -0.762000 1.103000 -1.425000
f 4781 4782 4783
f 4781 4783 4784
f 4788 4787 4786
f 4788 4786 4785
f 4785 4786 4782
f 4785 4782 4781
f 4786 4787 4783
f 4786 4783 4782
f 4787 4788 4784
f 4787 4784 4783
f 4788 4785 4781
f 4788 4781 4784
o turret_rear_louvre_-1_2
usemtl Turret
s off
v -0.762000 1.142000 -1.440000
v -0.318000 1.142000 -1.440000
v -0.318000 1.142000 -1.425000
v -0.762000 1.142000 -1.425000
v -0.762000 1.159000 -1.440000
v -0.318000 1.159000 -1.440000
v -0.318000 1.159000 -1.425000
v -0.762000 1.159000 -1.425000
f 4789 4790 4791
f 4789 4791 4792
f 4796 4795 4794
f 4796 4794 4793
f 4793 4794 4790
f 4793 4790 4789
f 4794 4795 4791
f 4794 4791 4790
f 4795 4796 4792
f 4795 4792 4791
f 4796 4793 4789
f 4796 4789 4792
o turret_rear_louvre_-1_3
usemtl Turret
s off
v -0.762000 1.198000 -1.440000
v -0.318000 1.198000 -1.440000
v -0.318000 1.198000 -1.425000
v -0.762000 1.198000 -1.425000
v -0.762000 1.215000 -1.440000
v -0.318000 1.215000 -1.440000
v -0.318000 1.215000 -1.425000
v -0.762000 1.215000 -1.425000
f 4797 4798 4799
f 4797 4799 4800
f 4804 4803 4802
f 4804 4802 4801
f 4801 4802 4798
f 4801 4798 4797
f 4802 4803 4799
f 4802 4799 4798
f 4803 4804 4800
f 4803 4800 4799
f 4804 4801 4797
f 4804 4797 4800
o turret_side_bin_-1
usemtl Turret
s off
v -0.835000 1.070000 -1.240000
v -0.745000 1.070000 -1.240000
v -0.745000 1.070000 -0.300000
v -0.835000 1.070000 -0.300000
v -0.835000 1.250000 -1.240000
v -0.745000 1.250000 -1.240000
v -0.745000 1.250000 -0.300000
v -0.835000 1.250000 -0.300000
f 4805 4806 4807
f 4805 4807 4808
f 4812 4811 4810
f 4812 4810 4809
f 4809 4810 4806
f 4809 4806 4805
f 4810 4811 4807
f 4810 4807 4806
f 4811 4812 4808
f 4811 4808 4807
f 4812 4809 4805
f 4812 4805 4808
o cheek_panel_1
usemtl TurretDark
s off
v 0.370000 1.070000 1.090000
v 0.710000 1.070000 1.090000
v 0.710000 1.260000 0.737000
v 0.370000 1.260000 0.737000
v 0.370000 1.070000 1.102000
v 0.710000 1.070000 1.102000
v 0.710000 1.260000 0.749000
v 0.370000 1.260000 0.749000
f 4816 4815 4814
f 4816 4814 4813
f 4817 4818 4819
f 4817 4819 4820
f 4813 4814 4818
f 4813 4818 4817
f 4814 4815 4819
f 4814 4819 4818
f 4815 4816 4820
f 4815 4820 4819
f 4816 4813 4817
f 4816 4817 4820
o smoke_rack_1
usemtl Turret
s off
v 0.410000 0.950000 1.200000
v 0.670000 0.950000 1.200000
v 0.670000 0.950000 1.300000
v 0.410000 0.950000 1.300000
v 0.410000 1.025000 1.200000
v 0.670000 1.025000 1.200000
v 0.670000 1.025000 1.300000
v 0.410000 1.025000 1.300000
f 4821 4822 4823
f 4821 4823 4824
f 4828 4827 4826
f 4828 4826 4825
f 4825 4826 4822
f 4825 4822 4821
f 4826 4827 4823
f 4826 4823 4822
f 4827 4828 4824
f 4827 4824 4823
f 4828 4825 4821
f 4828 4821 4824
o smoke_launcher_1_0
usemtl TurretDark
s off
v 0.479026 0.999693 1.228287
v 0.473227 1.013368 1.222216
v 0.460923 1.023379 1.219786
v 0.445412 1.027043 1.221648
v 0.430849 1.023379 1.227304
v 0.421137 1.013368 1.235238
v 0.418877 0.999693 1.243325
v 0.424676 0.986018 1.249396
v 0.436980 0.976007 1.251826
v 0.452491 0.972343 1.249964
v 0.467054 0.976007 1.244308
v 0.476766 0.986018 1.236373
v 0.511123 1.070307 1.356675
v 0.505324 1.083982 1.350604
v 0.493020 1.093993 1.348174
v 0.477509 1.097657 1.350036
v 0.462946 1.093993 1.355692
v 0.453234 1.083982 1.363627
v 0.450974 1.070307 1.371713
v 0.456773 1.056632 1.377784
v 0.469077 1.046621 1.380214
v 0.484588 1.042957 1.378352
v 0.499151 1.046621 1.372696
v 0.508863 1.056632 1.364762
f 4840 4839 4838
f 4840 4838 4837
f 4840 4837 4836
f 4840 4836 4835
f 4840 4835 4834
f 4840 4834 4833
f 4840 4833 4832
f 4840 4832 4831
f 4840 4831 4830
f 4840 4830 4829
f 4841 4842 4843
f 4841 4843 4844
f 4841 4844 4845
f 4841 4845 4846
f 4841 4846 4847
f 4841 4847 4848
f 4841 4848 4849
f 4841 4849 4850
f 4841 4850 4851
f 4841 4851 4852
f 4829 4830 4842
f 4829 4842 4841
f 4830 4831 4843
f 4830 4843 4842
f 4831 4832 4844
f 4831 4844 4843
f 4832 4833 4845
f 4832 4845 4844
f 4833 4834 4846
f 4833 4846 4845
f 4834 4835 4847
f 4834 4847 4846
f 4835 4836 4848
f 4835 4848 4847
f 4836 4837 4849
f 4836 4849 4848
f 4837 4838 4850
f 4837 4850 4849
f 4838 4839 4851
f 4838 4851 4850
f 4839 4840 4852
f 4839 4852 4851
f 4840 4829 4841
f 4840 4841 4852
o smoke_launcher_1_1
usemtl TurretDark
s off
v 0.545944 1.000618 1.226730
v 0.539583 1.014393 1.221507
v 0.527136 1.024477 1.220566
v 0.511939 1.028169 1.224159
v 0.498063 1.024477 1.231323
v 0.489226 1.014393 1.240139
v 0.487796 1.000618 1.248244
v 0.494157 0.986843 1.253467
v 0.506604 0.976758 1.254408
v 0.521802 0.973067 1.250815
v 0.535678 0.976758 1.243651
v 0.544514 0.986843 1.234835
v 0.592204 1.069382 1.351756
v 0.585843 1.083157 1.346533
v 0.573396 1.093242 1.345592
v 0.558198 1.096933 1.349185
v 0.544322 1.093242 1.356349
v 0.535486 1.083157 1.365165
v 0.534056 1.069382 1.373270
v 0.540417 1.055607 1.378493
v 0.552864 1.045523 1.379434
v 0.568061 1.041831 1.375841
v 0.581937 1.045523 1.368677
v 0.590774 1.055607 1.359861
f 4864 4863 4862
f 4864 4862 4861
f 4864 4861 4860
f 4864 4860 4859
f 4864 4859 4858
f 4864 4858 4857
f 4864 4857 4856
f 4864 4856 4855
f 4864 4855 4854
f 4864 4854 4853
f 4865 4866 4867
f 4865 4867 4868
f 4865 4868 4869
f 4865 4869 4870
f 4865 4870 4871
f 4865 4871 4872
f 4865 4872 4873
f 4865 4873 4874
f 4865 4874 4875
f 4865 4875 4876
f 4853 4854 4866
f 4853 4866 4865
f 4854 4855 4867
f 4854 4867 4866
f 4855 4856 4868
f 4855 4868 4867
f 4856 4857 4869
f 4856 4869 4868
f 4857 4858 4870
f 4857 4870 4869
f 4858 4859 4871
f 4858 4871 4870
f 4859 4860 4872
f 4859 4872 4871
f 4860 4861 4873
f 4860 4873 4872
f 4861 4862 4874
f 4861 4874 4873
f 4862 4863 4875
f 4862 4875 4874
f 4863 4864 4876
f 4863 4876 4875
f 4864 4853 4865
f 4864 4865 4876
o smoke_launcher_1_2
usemtl TurretDark
s off
v 0.613249 1.001788 1.225974
v 0.606499 1.015685 1.221638
v 0.594099 1.025859 1.222118
v 0.579371 1.029583 1.227287
v 0.566261 1.025859 1.235759
v 0.558283 1.015685 1.245264
v 0.557573 1.001788 1.253255
v 0.564323 0.987890 1.257591
v 0.576723 0.977717 1.257110
v 0.591451 0.973993 1.251942
v 0.604561 0.977717 1.243470
v 0.612539 0.987890 1.233965
v 0.672427 1.068212 1.346745
v 0.665677 1.082110 1.342409
v 0.653277 1.092283 1.342890
v 0.638549 1.096007 1.348058
v 0.625439 1.092283 1.356530
v 0.617461 1.082110 1.366035
v 0.616751 1.068212 1.374026
v 0.623501 1.054315 1.378362
v 0.635901 1.044141 1.377882
v 0.650629 1.040417 1.372713
v 0.663739 1.044141 1.364241
v 0.671717 1.054315 1.354736
f 4888 4887 4886
f 4888 4886 4885
f 4888 4885 4884
f 4888 4884 4883
f 4888 4883 4882
f 4888 4882 4881
f 4888 4881 4880
f 4888 4880 4879
f 4888 4879 4878
f 4888 4878 4877
f 4889 4890 4891
f 4889 4891 4892
f 4889 4892 4893
f 4889 4893 4894
f 4889 4894 4895
f 4889 4895 4896
f 4889 4896 4897
f 4889 4897 4898
f 4889 4898 4899
f 4889 4899 4900
f 4877 4878 4890
f 4877 4890 4889
f 4878 4879 4891
f 4878 4891 4890
f 4879 4880 4892
f 4879 4892 4891
f 4880 4881 4893
f 4880 4893 4892
f 4881 4882 4894
f 4881 4894 4893
f 4882 4883 4895
f 4882 4895 4894
f 4883 4884 4896
f 4883 4896 4895
f 4884 4885 4897
f 4884 4897 4896
f 4885 4886 4898
f 4885 4898 4897
f 4886 4887 4899
f 4886 4899 4898
f 4887 4888 4900
f 4887 4900 4899
f 4888 4877 4889
f 4888 4889 4900
o smoke_launcher_1_3
usemtl TurretDark
s off
v 0.479026 1.069693 1.228287
v 0.473227 1.083368 1.222216
v 0.460923 1.093379 1.219786
v 0.445412 1.097043 1.221648
v 0.430849 1.093379 1.227304
v 0.421137 1.083368 1.235238
v 0.418877 1.069693 1.243325
v 0.424676 1.056018 1.249396
v 0.436980 1.046007 1.251826
v 0.452491 1.042343 1.249964
v 0.467054 1.046007 1.244308
v 0.476766 1.056018 1.236373
v 0.511123 1.140307 1.356675
v 0.505324 1.153982 1.350604
v 0.493020 1.163993 1.348174
v 0.477509 1.167657 1.350036
v 0.462946 1.163993 1.355692
v 0.453234 1.153982 1.363627
v 0.450974 1.140307 1.371713
v 0.456773 1.126632 1.377784
v 0.469077 1.116621 1.380214
v 0.484588 1.112957 1.378352
v 0.499151 1.116621 1.372696
v 0.508863 1.126632 1.364762
f 4912 4911 4910
f 4912 4910 4909
f 4912 4909 4908
f 4912 4908 4907
f 4912 4907 4906
f 4912 4906 4905
f 4912 4905 4904
f 4912 4904 4903
f 4912 4903 4902
f 4912 4902 4901
f 4913 4914 4915
f 4913 4915 4916
f 4913 4916 4917
f 4913 4917 4918
f 4913 4918 4919
f 4913 4919 4920
f 4913 4920 4921
f 4913 4921 4922
f 4913 4922 4923
f 4913 4923 4924
f 4901 4902 4914
f 4901 4914 4913
f 4902 4903 4915
f 4902 4915 4914
f 4903 4904 4916
f 4903 4916 4915
f 4904 4905 4917
f 4904 4917 4916
f 4905 4906 4918
f 4905 4918 4917
f 4906 4907 4919
f 4906 4919 4918
f 4907 4908 4920
f 4907 4920 4919
f 4908 4909 4921
f 4908 4921 4920
f 4909 4910 4922
f 4909 4922 4921
f 4910 4911 4923
f 4910 4923 4922
f 4911 4912 4924
f 4911 4924 4923
f 4912 4901 4913
f 4912 4913 4924
o smoke_launcher_1_4
usemtl TurretDark
s off
v 0.545944 1.070618 1.226730
v 0.539583 1.084393 1.221507
v 0.527136 1.094477 1.220566
v 0.511939 1.098169 1.224159
v 0.498063 1.094477 1.231323
v 0.489226 1.084393 1.240139
v 0.487796 1.070618 1.248244
v 0.494157 1.056843 1.253467
v 0.506604 1.046758 1.254408
v 0.521802 1.043067 1.250815
v 0.535678 1.046758 1.243651
v 0.544514 1.056843 1.234835
v 0.592204 1.139382 1.351756
v 0.585843 1.153157 1.346533
v 0.573396 1.163242 1.345592
v 0.558198 1.166933 1.349185
v 0.544322 1.163242 1.356349
v 0.535486 1.153157 1.365165
v 0.534056 1.139382 1.373270
v 0.540417 1.125607 1.378493
v 0.552864 1.115523 1.379434
v 0.568061 1.111831 1.375841
v 0.581937 1.115523 1.368677
v 0.590774 1.125607 1.359861
f 4936 4935 4934
f 4936 4934 4933
f 4936 4933 4932
f 4936 4932 4931
f 4936 4931 4930
f 4936 4930 4929
f 4936 4929 4928
f 4936 4928 4927
f 4936 4927 4926
f 4936 4926 4925
f 4937 4938 4939
f 4937 4939 4940
f 4937 4940 4941
f 4937 4941 4942
f 4937 4942 4943
f 4937 4943 4944
f 4937 4944 4945
f 4937 4945 4946
f 4937 4946 4947
f 4937 4947 4948
f 4925 4926 4938
f 4925 4938 4937
f 4926 4927 4939
f 4926 4939 4938
f 4927 4928 4940
f 4927 4940 4939
f 4928 4929 4941
f 4928 4941 4940
f 4929 4930 4942
f 4929 4942 4941
f 4930 4931 4943
f 4930 4943 4942
f 4931 4932 4944
f 4931 4944 4943
f 4932 4933 4945
f 4932 4945 4944
f 4933 4934 4946
f 4933 4946 4945
f 4934 4935 4947
f 4934 4947 4946
f 4935 4936 4948
f 4935 4948 4947
f 4936 4925 4937
f 4936 4937 4948
o turret_rear_grille_1
usemtl TurretDark
s off
v 0.305000 1.005000 -1.428000
v 0.775000 1.005000 -1.428000
v 0.775000 1.005000 -1.412000
v 0.305000 1.005000 -1.412000
v 0.305000 1.250000 -1.428000
v 0.775000 1.250000 -1.428000
v 0.775000 1.250000 -1.412000
v 0.305000 1.250000 -1.412000
f 4949 4950 4951
f 4949 4951 4952
f 4956 4955 4954
f 4956 4954 4953
f 4953 4954 4950
f 4953 4950 4949
f 4954 4955 4951
f 4954 4951 4950
f 4955 4956 4952
f 4955 4952 4951
f 4956 4953 4949
f 4956 4949 4952
o turret_rear_louvre_1_0
usemtl Turret
s off
v 0.318000 1.030000 -1.440000
v 0.762000 1.030000 -1.440000
v 0.762000 1.030000 -1.425000
v 0.318000 1.030000 -1.425000
v 0.318000 1.047000 -1.440000
v 0.762000 1.047000 -1.440000
v 0.762000 1.047000 -1.425000
v 0.318000 1.047000 -1.425000
f 4957 4958 4959
f 4957 4959 4960
f 4964 4963 4962
f 4964 4962 4961
f 4961 4962 4958
f 4961 4958 4957
f 4962 4963 4959
f 4962 4959 4958
f 4963 4964 4960
f 4963 4960 4959
f 4964 4961 4957
f 4964 4957 4960
o turret_rear_louvre_1_1
usemtl Turret
s off
v 0.318000 1.086000 -1.440000
v 0.762000 1.086000 -1.440000
v 0.762000 1.086000 -1.425000
v 0.318000 1.086000 -1.425000
v 0.318000 1.103000 -1.440000
v 0.762000 1.103000 -1.440000
v 0.762000 1.103000 -1.425000
v 0.318000 1.103000 -1.425000
f 4965 4966 4967
f 4965 4967 4968
f 4972 4971 4970
f 4972 4970 4969
f 4969 4970 4966
f 4969 4966 4965
f 4970 4971 4967
f 4970 4967 4966
f 4971 4972 4968
f 4971 4968 4967
f 4972 4969 4965
f 4972 4965 4968
o turret_rear_louvre_1_2
usemtl Turret
s off
v 0.318000 1.142000 -1.440000
v 0.762000 1.142000 -1.440000
v 0.762000 1.142000 -1.425000
v 0.318000 1.142000 -1.425000
v 0.318000 1.159000 -1.440000
v 0.762000 1.159000 -1.440000
v 0.762000 1.159000 -1.425000
v 0.318000 1.159000 -1.425000
f 4973 4974 4975
f 4973 4975 4976
f 4980 4979 4978
f 4980 4978 4977
f 4977 4978 4974
f 4977 4974 4973
f 4978 4979 4975
f 4978 4975 4974
f 4979 4980 4976
f 4979 4976 4975
f 4980 4977 4973
f 4980 4973 4976
o turret_rear_louvre_1_3
usemtl Turret
s off
v 0.318000 1.198000 -1.440000
v 0.762000 1.198000 -1.440000
v 0.762000 1.198000 -1.425000
v 0.318000 1.198000 -1.425000
v 0.318000 1.215000 -1.440000
v 0.762000 1.215000 -1.440000
v 0.762000 1.215000 -1.425000
v 0.318000 1.215000 -1.425000
f 4981 4982 4983
f 4981 4983 4984
f 4988 4987 4986
f 4988 4986 4985
f 4985 4986 4982
f 4985 4982 4981
f 4986 4987 4983
f 4986 4983 4982
f 4987 4988 4984
f 4987 4984 4983
f 4988 4985 4981
f 4988 4981 4984
o turret_side_bin_1
usemtl Turret
s off
v 0.745000 1.070000 -1.240000
v 0.835000 1.070000 -1.240000
v 0.835000 1.070000 -0.300000
v 0.745000 1.070000 -0.300000
v 0.745000 1.250000 -1.240000
v 0.835000 1.250000 -1.240000
v 0.835000 1.250000 -0.300000
v 0.745000 1.250000 -0.300000
f 4989 4990 4991
f 4989 4991 4992
f 4996 4995 4994
f 4996 4994 4993
f 4993 4994 4990
f 4993 4990 4989
f 4994 4995 4991
f 4994 4991 4990
f 4995 4996 4992
f 4995 4992 4991
f 4996 4993 4989
f 4996 4989 4992
o commander_cupola
usemtl Turret
s off
v -0.095000 1.372500 -0.120000
v -0.103007 1.372500 -0.059178
v -0.126484 1.372500 -0.002500
v -0.163830 1.372500 0.046170
v -0.212500 1.372500 0.083516
v -0.269178 1.372500 0.106993
v -0.330000 1.372500 0.115000
v -0.390822 1.372500 0.106993
v -0.447500 1.372500 0.083516
v -0.496170 1.372500 0.046170
v -0.533516 1.372500 -0.002500
v -0.556993 1.372500 -0.059178
v -0.565000 1.372500 -0.120000
v -0.556993 1.372500 -0.180822
v -0.533516 1.372500 -0.237500
v -0.496170 1.372500 -0.286170
v -0.447500 1.372500 -0.323516
v -0.390822 1.372500 -0.346993
v -0.330000 1.372500 -0.355000
v -0.269178 1.372500 -0.346993
v -0.212500 1.372500 -0.323516
v -0.163830 1.372500 -0.286170
v -0.126484 1.372500 -0.237500
v -0.103007 1.372500 -0.180822
v -0.095000 1.467500 -0.120000
v -0.103007 1.467500 -0.059178
v -0.126484 1.467500 -0.002500
v -0.163830 1.467500 0.046170
v -0.212500 1.467500 0.083516
v -0.269178 1.467500 0.106993
v -0.330000 1.467500 0.115000
v -0.390822 1.467500 0.106993
v -0.447500 1.467500 0.083516
v -0.496170 1.467500 0.046170
v -0.533516 1.467500 -0.002500
v -0.556993 1.467500 -0.059178
v -0.565000 1.467500 -0.120000
v -0.556993 1.467500 -0.180822
v -0.533516 1.467500 -0.237500
v -0.496170 1.467500 -0.286170
v -0.447500 1.467500 -0.323516
v -0.390822 1.467500 -0.346993
v -0.330000 1.467500 -0.355000
v -0.269178 1.467500 -0.346993
v -0.212500 1.467500 -0.323516
v -0.163830 1.467500 -0.286170
v -0.126484 1.467500 -0.237500
v -0.103007 1.467500 -0.180822
f 4997 4998 4999
f 4997 4999 5000
f 4997 5000 5001
f 4997 5001 5002
f 4997 5002 5003
f 4997 5003 5004
f 4997 5004 5005
f 4997 5005 5006
f 4997 5006 5007
f 4997 5007 5008
f 4997 5008 5009
f 4997 5009 5010
f 4997 5010 5011
f 4997 5011 5012
f 4997 5012 5013
f 4997 5013 5014
f 4997 5014 5015
f 4997 5015 5016
f 4997 5016 5017
f 4997 5017 5018
f 4997 5018 5019
f 4997 5019 5020
f 5044 5043 5042
f 5044 5042 5041
f 5044 5041 5040
f 5044 5040 5039
f 5044 5039 5038
f 5044 5038 5037
f 5044 5037 5036
f 5044 5036 5035
f 5044 5035 5034
f 5044 5034 5033
f 5044 5033 5032
f 5044 5032 5031
f 5044 5031 5030
f 5044 5030 5029
f 5044 5029 5028
f 5044 5028 5027
f 5044 5027 5026
f 5044 5026 5025
f 5044 5025 5024
f 5044 5024 5023
f 5044 5023 5022
f 5044 5022 5021
f 5021 5022 4998
f 5021 4998 4997
f 5022 5023 4999
f 5022 4999 4998
f 5023 5024 5000
f 5023 5000 4999
f 5024 5025 5001
f 5024 5001 5000
f 5025 5026 5002
f 5025 5002 5001
f 5026 5027 5003
f 5026 5003 5002
f 5027 5028 5004
f 5027 5004 5003
f 5028 5029 5005
f 5028 5005 5004
f 5029 5030 5006
f 5029 5006 5005
f 5030 5031 5007
f 5030 5007 5006
f 5031 5032 5008
f 5031 5008 5007
f 5032 5033 5009
f 5032 5009 5008
f 5033 5034 5010
f 5033 5010 5009
f 5034 5035 5011
f 5034 5011 5010
f 5035 5036 5012
f 5035 5012 5011
f 5036 5037 5013
f 5036 5013 5012
f 5037 5038 5014
f 5037 5014 5013
f 5038 5039 5015
f 5038 5015 5014
f 5039 5040 5016
f 5039 5016 5015
f 5040 5041 5017
f 5040 5017 5016
f 5041 5042 5018
f 5041 5018 5017
f 5042 5043 5019
f 5042 5019 5018
f 5043 5044 5020
f 5043 5020 5019
f 5044 5021 4997
f 5044 4997 5020
o commander_hatch
usemtl Turret
s off
v -0.140000 1.467000 -0.120000
v -0.146474 1.467000 -0.070824
v -0.165455 1.467000 -0.025000
v -0.195650 1.467000 0.014350
v -0.235000 1.467000 0.044545
v -0.280824 1.467000 0.063526
v -0.330000 1.467000 0.070000
v -0.379176 1.467000 0.063526
v -0.425000 1.467000 0.044545
v -0.464350 1.467000 0.014350
v -0.494545 1.467000 -0.025000
v -0.513526 1.467000 -0.070824
v -0.520000 1.467000 -0.120000
v -0.513526 1.467000 -0.169176
v -0.494545 1.467000 -0.215000
v -0.464350 1.467000 -0.254350
v -0.425000 1.467000 -0.284545
v -0.379176 1.467000 -0.303526
v -0.330000 1.467000 -0.310000
v -0.280824 1.467000 -0.303526
v -0.235000 1.467000 -0.284545
v -0.195650 1.467000 -0.254350
v -0.165455 1.467000 -0.215000
v -0.146474 1.467000 -0.169176
v -0.140000 1.487000 -0.120000
v -0.146474 1.487000 -0.070824
v -0.165455 1.487000 -0.025000
v -0.195650 1.487000 0.014350
v -0.235000 1.487000 0.044545
v -0.280824 1.487000 0.063526
v -0.330000 1.487000 0.070000
v -0.379176 1.487000 0.063526
v -0.425000 1.487000 0.044545
v -0.464350 1.487000 0.014350
v -0.494545 1.487000 -0.025000
v -0.513526 1.487000 -0.070824
v -0.520000 1.487000 -0.120000
v -0.513526 1.487000 -0.169176
v -0.494545 1.487000 -0.215000
v -0.464350 1.487000 -0.254350
v -0.425000 1.487000 -0.284545
v -0.379176 1.487000 -0.303526
v -0.330000 1.487000 -0.310000
v -0.280824 1.487000 -0.303526
v -0.235000 1.487000 -0.284545
v -0.195650 1.487000 -0.254350
v -0.165455 1.487000 -0.215000
v -0.146474 1.487000 -0.169176
f 5045 5046 5047
f 5045 5047 5048
f 5045 5048 5049
f 5045 5049 5050
f 5045 5050 5051
f 5045 5051 5052
f 5045 5052 5053
f 5045 5053 5054
f 5045 5054 5055
f 5045 5055 5056
f 5045 5056 5057
f 5045 5057 5058
f 5045 5058 5059
f 5045 5059 5060
f 5045 5060 5061
f 5045 5061 5062
f 5045 5062 5063
f 5045 5063 5064
f 5045 5064 5065
f 5045 5065 5066
f 5045 5066 5067
f 5045 5067 5068
f 5092 5091 5090
f 5092 5090 5089
f 5092 5089 5088
f 5092 5088 5087
f 5092 5087 5086
f 5092 5086 5085
f 5092 5085 5084
f 5092 5084 5083
f 5092 5083 5082
f 5092 5082 5081
f 5092 5081 5080
f 5092 5080 5079
f 5092 5079 5078
f 5092 5078 5077
f 5092 5077 5076
f 5092 5076 5075
f 5092 5075 5074
f 5092 5074 5073
f 5092 5073 5072
f 5092 5072 5071
f 5092 5071 5070
f 5092 5070 5069
f 5069 5070 5046
f 5069 5046 5045
f 5070 5071 5047
f 5070 5047 5046
f 5071 5072 5048
f 5071 5048 5047
f 5072 5073 5049
f 5072 5049 5048
f 5073 5074 5050
f 5073 5050 5049
f 5074 5075 5051
f 5074 5051 5050
f 5075 5076 5052
f 5075 5052 5051
f 5076 5077 5053
f 5076 5053 5052
f 5077 5078 5054
f 5077 5054 5053
f 5078 5079 5055
f 5078 5055 5054
f 5079 5080 5056
f 5079 5056 5055
f 5080 5081 5057
f 5080 5057 5056
f 5081 5082 5058
f 5081 5058 5057
f 5082 5083 5059
f 5082 5059 5058
f 5083 5084 5060
f 5083 5060 5059
f 5084 5085 5061
f 5084 5061 5060
f 5085 5086 5062
f 5085 5062 5061
f 5086 5087 5063
f 5086 5063 5062
f 5087 5088 5064
f 5087 5064 5063
f 5088 5089 5065
f 5088 5065 5064
f 5089 5090 5066
f 5089 5066 5065
f 5090 5091 5067
f 5090 5067 5066
f 5091 5092 5068
f 5091 5068 5067
f 5092 5069 5045
f 5092 5045 5068
o cupola_periscope_0
usemtl TurretDark
s off
v -0.126000 1.430000 -0.145000
v -0.126000 1.455000 -0.120000
v -0.126000 1.430000 -0.095000
v -0.126000 1.405000 -0.120000
v -0.088000 1.430000 -0.145000
v -0.088000 1.455000 -0.120000
v -0.088000 1.430000 -0.095000
v -0.088000 1.405000 -0.120000
f 5096 5095 5094
f 5096 5094 5093
f 5097 5098 5099
f 5097 5099 5100
f 5093 5094 5098
f 5093 5098 5097
f 5094 5095 5099
f 5094 5099 5098
f 5095 5096 5100
f 5095 5100 5099
f 5096 5093 5097
f 5096 5097 5100
o cupola_periscope_1
usemtl TurretDark
s off
v -0.168073 1.430000 0.006572
v -0.185750 1.455000 0.024250
v -0.203428 1.430000 0.041927
v -0.185750 1.405000 0.024250
v -0.141202 1.430000 0.033442
v -0.158880 1.455000 0.051120
v -0.176558 1.430000 0.068798
v -0.158880 1.405000 0.051120
f 5104 5103 5102
f 5104 5102 5101
f 5105 5106 5107
f 5105 5107 5108
f 5101 5102 5106
f 5101 5106 5105
f 5102 5103 5107
f 5102 5107 5106
f 5103 5104 5108
f 5103 5108 5107
f 5104 5101 5105
f 5104 5105 5108
o cupola_periscope_2
usemtl TurretDark
s off
v -0.305000 1.430000 0.084000
v -0.330000 1.455000 0.084000
v -0.355000 1.430000 0.084000
v -0.330000 1.405000 0.084000
v -0.305000 1.430000 0.122000
v -0.330000 1.455000 0.122000
v -0.355000 1.430000 0.122000
v -0.330000 1.405000 0.122000
f 5112 5111 5110
f 5112 5110 5109
f 5113 5114 5115
f 5113 5115 5116
f 5109 5110 5114
f 5109 5114 5113
f 5110 5111 5115
f 5110 5115 5114
f 5111 5112 5116
f 5111 5116 5115
f 5112 5109 5113
f 5112 5113 5116
o cupola_periscope_3
usemtl TurretDark
s off
v -0.456572 1.430000 0.041927
v -0.474250 1.455000 0.024250
v -0.491927 1.430000 0.006572
v -0.474250 1.405000 0.024250
v -0.483442 1.430000 0.068798
v -0.501120 1.455000 0.051120
v -0.518798 1.430000 0.033442
v -0.501120 1.405000 0.051120
f 5120 5119 5118
f 5120 5118 5117
f 5121 5122 5123
f 5121 5123 5124
f 5117 5118 5122
f 5117 5122 5121
f 5118 5119 5123
f 5118 5123 5122
f 5119 5120 5124
f 5119 5124 5123
f 5120 5117 5121
f 5120 5121 5124
o cupola_periscope_4
usemtl TurretDark
s off
v -0.534000 1.430000 -0.095000
v -0.534000 1.455000 -0.120000
v -0.534000 1.430000 -0.145000
v -0.534000 1.405000 -0.120000
v -0.572000 1.430000 -0.095000
v -0.572000 1.455000 -0.120000
v -0.572000 1.430000 -0.145000
v -0.572000 1.405000 -0.120000
f 5128 5127 5126
f 5128 5126 5125
f 5129 5130 5131
f 5129 5131 5132
f 5125 5126 5130
f 5125 5130 5129
f 5126 5127 5131
f 5126 5131 5130
f 5127 5128 5132
f 5127 5132 5131
f 5128 5125 5129
f 5128 5129 5132
o cupola_periscope_5
usemtl TurretDark
s off
v -0.491927 1.430000 -0.246572
v -0.474250 1.455000 -0.264250
v -0.456572 1.430000 -0.281927
v -0.474250 1.405000 -0.264250
v -0.518798 1.430000 -0.273442
v -0.501120 1.455000 -0.291120
v -0.483442 1.430000 -0.308798
v -0.501120 1.405000 -0.291120
f 5136 5135 5134
f 5136 5134 5133
f 5137 5138 5139
f 5137 5139 5140
f 5133 5134 5138
f 5133 5138 5137
f 5134 5135 5139
f 5134 5139 5138
f 5135 5136 5140
f 5135 5140 5139
f 5136 5133 5137
f 5136 5137 5140
o cupola_periscope_6
usemtl TurretDark
s off
v -0.355000 1.430000 -0.324000
v -0.330000 1.455000 -0.324000
v -0.305000 1.430000 -0.324000
v -0.330000 1.405000 -0.324000
v -0.355000 1.430000 -0.362000
v -0.330000 1.455000 -0.362000
v -0.305000 1.430000 -0.362000
v -0.330000 1.405000 -0.362000
f 5144 5143 5142
f 5144 5142 5141
f 5145 5146 5147
f 5145 5147 5148
f 5141 5142 5146
f 5141 5146 5145
f 5142 5143 5147
f 5142 5147 5146
f 5143 5144 5148
f 5143 5148 5147
f 5144 5141 5145
f 5144 5145 5148
o cupola_periscope_7
usemtl TurretDark
s off
v -0.203428 1.430000 -0.281927
v -0.185750 1.455000 -0.264250
v -0.168073 1.430000 -0.246572
v -0.185750 1.405000 -0.264250
v -0.176558 1.430000 -0.308798
v -0.158880 1.455000 -0.291120
v -0.141202 1.430000 -0.273442
v -0.158880 1.405000 -0.291120
f 5152 5151 5150
f 5152 5150 5149
f 5153 5154 5155
f 5153 5155 5156
f 5149 5150 5154
f 5149 5154 5153
f 5150 5151 5155
f 5150 5155 5154
f 5151 5152 5156
f 5151 5156 5155
f 5152 5149 5153
f 5152 5153 5156
o loader_hatch
usemtl Turret
s off
v 0.250000 1.375000 -0.260000
v 0.610000 1.375000 -0.260000
v 0.610000 1.375000 0.100000
v 0.250000 1.375000 0.100000
v 0.250000 1.406000 -0.260000
v 0.610000 1.406000 -0.260000
v 0.610000 1.406000 0.100000
v 0.250000 1.406000 0.100000
f 5157 5158 5159
f 5157 5159 5160
f 5164 5163 5162
f 5164 5162 5161
f 5161 5162 5158
f 5161 5158 5157
f 5162 5163 5159
f 5162 5159 5158
f 5163 5164 5160
f 5163 5160 5159
f 5164 5161 5157
f 5164 5157 5160
o commander_sight
usemtl Turret
s off
v -0.480000 1.320000 0.240000
v -0.250000 1.320000 0.240000
v -0.250000 1.320000 0.420000
v -0.480000 1.320000 0.420000
v -0.480000 1.605000 0.240000
v -0.250000 1.605000 0.240000
v -0.250000 1.605000 0.420000
v -0.480000 1.605000 0.420000
f 5165 5166 5167
f 5165 5167 5168
f 5172 5171 5170
f 5172 5170 5169
f 5169 5170 5166
f 5169 5166 5165
f 5170 5171 5167
f 5170 5167 5166
f 5171 5172 5168
f 5171 5168 5167
f 5172 5169 5165
f 5172 5165 5168
o commander_sight_glass
usemtl TurretDark
s off
v -0.452000 1.445000 0.422000
v -0.277000 1.445000 0.422000
v -0.277000 1.445000 0.434000
v -0.452000 1.445000 0.434000
v -0.452000 1.574000 0.422000
v -0.277000 1.574000 0.422000
v -0.277000 1.574000 0.434000
v -0.452000 1.574000 0.434000
f 5173 5174 5175
f 5173 5175 5176
f 5180 5179 5178
f 5180 5178 5177
f 5177 5178 5174
f 5177 5174 5173
f 5178 5179 5175
f 5178 5175 5174
f 5179 5180 5176
f 5179 5176 5175
f 5180 5177 5173
f 5180 5173 5176
o gunner_sight
usemtl Turret
s off
v 0.240000 1.190000 1.030000
v 0.480000 1.190000 1.030000
v 0.480000 1.190000 1.300000
v 0.240000 1.190000 1.300000
v 0.240000 1.350000 1.030000
v 0.480000 1.350000 1.030000
v 0.480000 1.350000 1.300000
v 0.240000 1.350000 1.300000
f 5181 5182 5183
f 5181 5183 5184
f 5188 5187 5186
f 5188 5186 5185
f 5185 5186 5182
f 5185 5182 5181
f 5186 5187 5183
f 5186 5183 5182
f 5187 5188 5184
f 5187 5184 5183
f 5188 5185 5181
f 5188 5181 5184
o gunner_sight_glass
usemtl TurretDark
s off
v 0.269000 1.247000 1.303000
v 0.452000 1.247000 1.303000
v 0.452000 1.247000 1.315000
v 0.269000 1.247000 1.315000
v 0.269000 1.321000 1.303000
v 0.452000 1.321000 1.303000
v 0.452000 1.321000 1.315000
v 0.269000 1.321000 1.315000
f 5189 5190 5191
f 5189 5191 5192
f 5196 5195 5194
f 5196 5194 5193
f 5193 5194 5190
f 5193 5190 5189
f 5194 5195 5191
f 5194 5191 5190
f 5195 5196 5192
f 5195 5192 5191
f 5196 5193 5189
f 5196 5189 5192
o loader_hatch_handle
usemtl TurretDark
s off
v 0.360000 1.406000 -0.100000
v 0.500000 1.406000 -0.100000
v 0.500000 1.406000 -0.070000
v 0.360000 1.406000 -0.070000
v 0.360000 1.431000 -0.100000
v 0.500000 1.431000 -0.100000
v 0.500000 1.431000 -0.070000
v 0.360000 1.431000 -0.070000
f 5197 5198 5199
f 5197 5199 5200
f 5204 5203 5202
f 5204 5202 5201
f 5201 5202 5198
f 5201 5198 5197
f 5202 5203 5199
f 5202 5199 5198
f 5203 5204 5200
f 5203 5200 5199
f 5204 5201 5197
f 5204 5197 5200
o roof_access_panel_-0.43
usemtl Turret
s off
v -0.600000 1.320000 -1.080000
v -0.260000 1.320000 -1.080000
v -0.260000 1.320000 -0.560000
v -0.600000 1.320000 -0.560000
v -0.600000 1.347000 -1.080000
v -0.260000 1.347000 -1.080000
v -0.260000 1.347000 -0.560000
v -0.600000 1.347000 -0.560000
f 5205 5206 5207
f 5205 5207 5208
f 5212 5211 5210
f 5212 5210 5209
f 5209 5210 5206
f 5209 5206 5205
f 5210 5211 5207
f 5210 5207 5206
f 5211 5212 5208
f 5211 5208 5207
f 5212 5209 5205
f 5212 5205 5208
o roof_hinge_-0.43_-1.02
usemtl TurretDark
s off
v -0.590000 1.346000 -1.038000
v -0.540000 1.346000 -1.038000
v -0.540000 1.346000 -1.002000
v -0.590000 1.346000 -1.002000
v -0.590000 1.360000 -1.038000
v -0.540000 1.360000 -1.038000
v -0.540000 1.360000 -1.002000
v -0.590000 1.360000 -1.002000
f 5213 5214 5215
f 5213 5215 5216
f 5220 5219 5218
f 5220 5218 5217
f 5217 5218 5214
f 5217 5214 5213
f 5218 5219 5215
f 5218 5215 5214
f 5219 5220 5216
f 5219 5216 5215
f 5220 5217 5213
f 5220 5213 5216
o roof_hinge_-0.43_-0.63
usemtl TurretDark
s off
v -0.590000 1.346000 -0.648000
v -0.540000 1.346000 -0.648000
v -0.540000 1.346000 -0.612000
v -0.590000 1.346000 -0.612000
v -0.590000 1.360000 -0.648000
v -0.540000 1.360000 -0.648000
v -0.540000 1.360000 -0.612000
v -0.590000 1.360000 -0.612000
f 5221 5222 5223
f 5221 5223 5224
f 5228 5227 5226
f 5228 5226 5225
f 5225 5226 5222
f 5225 5222 5221
f 5226 5227 5223
f 5226 5223 5222
f 5227 5228 5224
f 5227 5224 5223
f 5228 5225 5221
f 5228 5221 5224
o roof_access_panel_0.43
usemtl Turret
s off
v 0.260000 1.320000 -1.080000
v 0.600000 1.320000 -1.080000
v 0.600000 1.320000 -0.560000
v 0.260000 1.320000 -0.560000
v 0.260000 1.347000 -1.080000
v 0.600000 1.347000 -1.080000
v 0.600000 1.347000 -0.560000
v 0.260000 1.347000 -0.560000
f 5229 5230 5231
f 5229 5231 5232
f 5236 5235 5234
f 5236 5234 5233
f 5233 5234 5230
f 5233 5230 5229
f 5234 5235 5231
f 5234 5231 5230
f 5235 5236 5232
f 5235 5232 5231
f 5236 5233 5229
f 5236 5229 5232
o roof_hinge_0.43_-1.02
usemtl TurretDark
s off
v 0.270000 1.346000 -1.038000
v 0.320000 1.346000 -1.038000
v 0.320000 1.346000 -1.002000
v 0.270000 1.346000 -1.002000
v 0.270000 1.360000 -1.038000
v 0.320000 1.360000 -1.038000
v 0.320000 1.360000 -1.002000
v 0.270000 1.360000 -1.002000
f 5237 5238 5239
f 5237 5239 5240
f 5244 5243 5242
f 5244 5242 5241
f 5241 5242 5238
f 5241 5238 5237
f 5242 5243 5239
f 5242 5239 5238
f 5243 5244 5240
f 5243 5240 5239
f 5244 5241 5237
f 5244 5237 5240
o roof_hinge_0.43_-0.63
usemtl TurretDark
s off
v 0.270000 1.346000 -0.648000
v 0.320000 1.346000 -0.648000
v 0.320000 1.346000 -0.612000
v 0.270000 1.346000 -0.612000
v 0.270000 1.360000 -0.648000
v 0.320000 1.360000 -0.648000
v 0.320000 1.360000 -0.612000
v 0.270000 1.360000 -0.612000
f 5245 5246 5247
f 5245 5247 5248
f 5252 5251 5250
f 5252 5250 5249
f 5249 5250 5246
f 5249 5246 5245
f 5250 5251 5247
f 5250 5247 5246
f 5251 5252 5248
f 5251 5248 5247
f 5252 5249 5245
f 5252 5245 5248
o roof_sensor
usemtl Turret
s off
v -0.155000 1.380000 -0.390000
v -0.158349 1.380000 -0.377500
v -0.167500 1.380000 -0.368349
v -0.180000 1.380000 -0.365000
v -0.192500 1.380000 -0.368349
v -0.201651 1.380000 -0.377500
v -0.205000 1.380000 -0.390000
v -0.201651 1.380000 -0.402500
v -0.192500 1.380000 -0.411651
v -0.180000 1.380000 -0.415000
v -0.167500 1.380000 -0.411651
v -0.158349 1.380000 -0.402500
v -0.155000 1.590000 -0.390000
v -0.158349 1.590000 -0.377500
v -0.167500 1.590000 -0.368349
v -0.180000 1.590000 -0.365000
v -0.192500 1.590000 -0.368349
v -0.201651 1.590000 -0.377500
v -0.205000 1.590000 -0.390000
v -0.201651 1.590000 -0.402500
v -0.192500 1.590000 -0.411651
v -0.180000 1.590000 -0.415000
v -0.167500 1.590000 -0.411651
v -0.158349 1.590000 -0.402500
f 5253 5254 5255
f 5253 5255 5256
f 5253 5256 5257
f 5253 5257 5258
f 5253 5258 5259
f 5253 5259 5260
f 5253 5260 5261
f 5253 5261 5262
f 5253 5262 5263
f 5253 5263 5264
f 5276 5275 5274
f 5276 5274 5273
f 5276 5273 5272
f 5276 5272 5271
f 5276 5271 5270
f 5276 5270 5269
f 5276 5269 5268
f 5276 5268 5267
f 5276 5267 5266
f 5276 5266 5265
f 5265 5266 5254
f 5265 5254 5253
f 5266 5267 5255
f 5266 5255 5254
f 5267 5268 5256
f 5267 5256 5255
f 5268 5269 5257
f 5268 5257 5256
f 5269 5270 5258
f 5269 5258 5257
f 5270 5271 5259
f 5270 5259 5258
f 5271 5272 5260
f 5271 5260 5259
f 5272 5273 5261
f 5272 5261 5260
f 5273 5274 5262
f 5273 5262 5261
f 5274 5275 5263
f 5274 5263 5262
f 5275 5276 5264
f 5275 5264 5263
f 5276 5265 5253
f 5276 5253 5264
o aerial_base_-0.52
usemtl Turret
s off
v -0.485000 1.310000 -0.750000
v -0.489689 1.310000 -0.732500
v -0.502500 1.310000 -0.719689
v -0.520000 1.310000 -0.715000
v -0.537500 1.310000 -0.719689
v -0.550311 1.310000 -0.732500
v -0.555000 1.310000 -0.750000
v -0.550311 1.310000 -0.767500
v -0.537500 1.310000 -0.780311
v -0.520000 1.310000 -0.785000
v -0.502500 1.310000 -0.780311
v -0.489689 1.310000 -0.767500
v -0.485000 1.430000 -0.750000
v -0.489689 1.430000 -0.732500
v -0.502500 1.430000 -0.719689
v -0.520000 1.430000 -0.715000
v -0.537500 1.430000 -0.719689
v -0.550311 1.430000 -0.732500
v -0.555000 1.430000 -0.750000
v -0.550311 1.430000 -0.767500
v -0.537500 1.430000 -0.780311
v -0.520000 1.430000 -0.785000
v -0.502500 1.430000 -0.780311
v -0.489689 1.430000 -0.767500
f 5277 5278 5279
f 5277 5279 5280
f 5277 5280 5281
f 5277 5281 5282
f 5277 5282 5283
f 5277 5283 5284
f 5277 5284 5285
f 5277 5285 5286
f 5277 5286 5287
f 5277 5287 5288
f 5300 5299 5298
f 5300 5298 5297
f 5300 5297 5296
f 5300 5296 5295
f 5300 5295 5294
f 5300 5294 5293
f 5300 5293 5292
f 5300 5292 5291
f 5300 5291 5290
f 5300 5290 5289
f 5289 5290 5278
f 5289 5278 5277
f 5290 5291 5279
f 5290 5279 5278
f 5291 5292 5280
f 5291 5280 5279
f 5292 5293 5281
f 5292 5281 5280
f 5293 5294 5282
f 5293 5282 5281
f 5294 5295 5283
f 5294 5283 5282
f 5295 5296 5284
f 5295 5284 5283
f 5296 5297 5285
f 5296 5285 5284
f 5297 5298 5286
f 5297 5286 5285
f 5298 5299 5287
f 5298 5287 5286
f 5299 5300 5288
f 5299 5288 5287
f 5300 5289 5277
f 5300 5277 5288
o aerial_-0.52
usemtl Turret
s off
v -0.514000 1.410000 -0.750000
v -0.515757 1.410000 -0.745757
v -0.520000 1.410000 -0.744000
v -0.524243 1.410000 -0.745757
v -0.526000 1.410000 -0.750000
v -0.524243 1.410000 -0.754243
v -0.520000 1.410000 -0.756000
v -0.515757 1.410000 -0.754243
v -0.514000 2.030000 -0.750000
v -0.515757 2.030000 -0.745757
v -0.520000 2.030000 -0.744000
v -0.524243 2.030000 -0.745757
v -0.526000 2.030000 -0.750000
v -0.524243 2.030000 -0.754243
v -0.520000 2.030000 -0.756000
v -0.515757 2.030000 -0.754243
f 5301 5302 5303
f 5301 5303 5304
f 5301 5304 5305
f 5301 5305 5306
f 5301 5306 5307
f 5301 5307 5308
f 5316 5315 5314
f 5316 5314 5313
f 5316 5313 5312
f 5316 5312 5311
f 5316 5311 5310
f 5316 5310 5309
f 5309 5310 5302
f 5309 5302 5301
f 5310 5311 5303
f 5310 5303 5302
f 5311 5312 5304
f 5311 5304 5303
f 5312 5313 5305
f 5312 5305 5304
f 5313 5314 5306
f 5313 5306 5305
f 5314 5315 5307
f 5314 5307 5306
f 5315 5316 5308
f 5315 5308 5307
f 5316 5309 5301
f 5316 5301 5308
o aerial_base_0.52
usemtl Turret
s off
v 0.555000 1.310000 -0.980000
v 0.550311 1.310000 -0.962500
v 0.537500 1.310000 -0.949689
v 0.520000 1.310000 -0.945000
v 0.502500 1.310000 -0.949689
v 0.489689 1.310000 -0.962500
v 0.485000 1.310000 -0.980000
v 0.489689 1.310000 -0.997500
v 0.502500 1.310000 -1.010311
v 0.520000 1.310000 -1.015000
v 0.537500 1.310000 -1.010311
v 0.550311 1.310000 -0.997500
v 0.555000 1.430000 -0.980000
v 0.550311 1.430000 -0.962500
v 0.537500 1.430000 -0.949689
v 0.520000 1.430000 -0.945000
v 0.502500 1.430000 -0.949689
v 0.489689 1.430000 -0.962500
v 0.485000 1.430000 -0.980000
v 0.489689 1.430000 -0.997500
v 0.502500 1.430000 -1.010311
v 0.520000 1.430000 -1.015000
v 0.537500 1.430000 -1.010311
v 0.550311 1.430000 -0.997500
f 5317 5318 5319
f 5317 5319 5320
f 5317 5320 5321
f 5317 5321 5322
f 5317 5322 5323
f 5317 5323 5324
f 5317 5324 5325
f 5317 5325 5326
f 5317 5326 5327
f 5317 5327 5328
f 5340 5339 5338
f 5340 5338 5337
f 5340 5337 5336
f 5340 5336 5335
f 5340 5335 5334
f 5340 5334 5333
f 5340 5333 5332
f 5340 5332 5331
f 5340 5331 5330
f 5340 5330 5329
f 5329 5330 5318
f 5329 5318 5317
f 5330 5331 5319
f 5330 5319 5318
f 5331 5332 5320
f 5331 5320 5319
f 5332 5333 5321
f 5332 5321 5320
f 5333 5334 5322
f 5333 5322 5321
f 5334 5335 5323
f 5334 5323 5322
f 5335 5336 5324
f 5335 5324 5323
f 5336 5337 5325
f 5336 5325 5324
f 5337 5338 5326
f 5337 5326 5325
f 5338 5339 5327
f 5338 5327 5326
f 5339 5340 5328
f 5339 5328 5327
f 5340 5329 5317
f 5340 5317 5328
o aerial_0.52
usemtl Turret
s off
v 0.526000 1.410000 -0.980000
v 0.524243 1.410000 -0.975757
v 0.520000 1.410000 -0.974000
v 0.515757 1.410000 -0.975757
v 0.514000 1.410000 -0.980000
v 0.515757 1.410000 -0.984243
v 0.520000 1.410000 -0.986000
v 0.524243 1.410000 -0.984243
v 0.526000 2.030000 -0.980000
v 0.524243 2.030000 -0.975757
v 0.520000 2.030000 -0.974000
v 0.515757 2.030000 -0.975757
v 0.514000 2.030000 -0.980000
v 0.515757 2.030000 -0.984243
v 0.520000 2.030000 -0.986000
v 0.524243 2.030000 -0.984243
f 5341 5342 5343
f 5341 5343 5344
f 5341 5344 5345
f 5341 5345 5346
f 5341 5346 5347
f 5341 5347 5348
f 5356 5355 5354
f 5356 5354 5353
f 5356 5353 5352
f 5356 5352 5351
f 5356 5351 5350
f 5356 5350 5349
f 5349 5350 5342
f 5349 5342 5341
f 5350 5351 5343
f 5350 5343 5342
f 5351 5352 5344
f 5351 5344 5343
f 5352 5353 5345
f 5352 5345 5344
f 5353 5354 5346
f 5353 5346 5345
f 5354 5355 5347
f 5354 5347 5346
f 5355 5356 5348
f 5355 5348 5347
f 5356 5349 5341
f 5356 5341 5348
o mantlet
usemtl Barrel
s off
v -0.190000 0.986859 0.800000
v 0.190000 0.986859 0.800000
v 0.190000 0.986859 1.190000
v -0.190000 0.986859 1.190000
v -0.190000 1.196859 0.800000
v 0.190000 1.196859 0.800000
v 0.190000 1.196859 1.190000
v -0.190000 1.196859 1.190000
f 5357 5358 5359
f 5357 5359 5360
f 5364 5363 5362
f 5364 5362 5361
f 5361 5362 5358
f 5361 5358 5357
f 5362 5363 5359
f 5362 5359 5358
f 5363 5364 5360
f 5363 5360 5359
f 5364 5361 5357
f 5364 5357 5360
o breech_sleeve
usemtl Barrel
s off
v 0.090000 1.091859 1.120000
v 0.086933 1.115153 1.120000
v 0.077942 1.136859 1.120000
v 0.063640 1.155499 1.120000
v 0.045000 1.169802 1.120000
v 0.023294 1.178793 1.120000
v 0.000000 1.181859 1.120000
v -0.023294 1.178793 1.120000
v -0.045000 1.169802 1.120000
v -0.063640 1.155499 1.120000
v -0.077942 1.136859 1.120000
v -0.086933 1.115153 1.120000
v -0.090000 1.091859 1.120000
v -0.086933 1.068566 1.120000
v -0.077942 1.046859 1.120000
v -0.063640 1.028220 1.120000
v -0.045000 1.013917 1.120000
v -0.023294 1.004926 1.120000
v -0.000000 1.001859 1.120000
v 0.023294 1.004926 1.120000
v 0.045000 1.013917 1.120000
v 0.063640 1.028220 1.120000
v 0.077942 1.046859 1.120000
v 0.086933 1.068566 1.120000
v 0.090000 1.091859 1.380000
v 0.086933 1.115153 1.380000
v 0.077942 1.136859 1.380000
v 0.063640 1.155499 1.380000
v 0.045000 1.169802 1.380000
v 0.023294 1.178793 1.380000
v 0.000000 1.181859 1.380000
v -0.023294 1.178793 1.380000
v -0.045000 1.169802 1.380000
v -0.063640 1.155499 1.380000
v -0.077942 1.136859 1.380000
v -0.086933 1.115153 1.380000
v -0.090000 1.091859 1.380000
v -0.086933 1.068566 1.380000
v -0.077942 1.046859 1.380000
v -0.063640 1.028220 1.380000
v -0.045000 1.013917 1.380000
v -0.023294 1.004926 1.380000
v -0.000000 1.001859 1.380000
v 0.023294 1.004926 1.380000
v 0.045000 1.013917 1.380000
v 0.063640 1.028220 1.380000
v 0.077942 1.046859 1.380000
v 0.086933 1.068566 1.380000
f 5388 5387 5386
f 5388 5386 5385
f 5388 5385 5384
f 5388 5384 5383
f 5388 5383 5382
f 5388 5382 5381
f 5388 5381 5380
f 5388 5380 5379
f 5388 5379 5378
f 5388 5378 5377
f 5388 5377 5376
f 5388 5376 5375
f 5388 5375 5374
f 5388 5374 5373
f 5388 5373 5372
f 5388 5372 5371
f 5388 5371 5370
f 5388 5370 5369
f 5388 5369 5368
f 5388 5368 5367
f 5388 5367 5366
f 5388 5366 5365
f 5389 5390 5391
f 5389 5391 5392
f 5389 5392 5393
f 5389 5393 5394
f 5389 5394 5395
f 5389 5395 5396
f 5389 5396 5397
f 5389 5397 5398
f 5389 5398 5399
f 5389 5399 5400
f 5389 5400 5401
f 5389 5401 5402
f 5389 5402 5403
f 5389 5403 5404
f 5389 5404 5405
f 5389 5405 5406
f 5389 5406 5407
f 5389 5407 5408
f 5389 5408 5409
f 5389 5409 5410
f 5389 5410 5411
f 5389 5411 5412
f 5365 5366 5390
f 5365 5390 5389
f 5366 5367 5391
f 5366 5391 5390
f 5367 5368 5392
f 5367 5392 5391
f 5368 5369 5393
f 5368 5393 5392
f 5369 5370 5394
f 5369 5394 5393
f 5370 5371 5395
f 5370 5395 5394
f 5371 5372 5396
f 5371 5396 5395
f 5372 5373 5397
f 5372 5397 5396
f 5373 5374 5398
f 5373 5398 5397
f 5374 5375 5399
f 5374 5399 5398
f 5375 5376 5400
f 5375 5400 5399
f 5376 5377 5401
f 5376 5401 5400
f 5377 5378 5402
f 5377 5402 5401
f 5378 5379 5403
f 5378 5403 5402
f 5379 5380 5404
f 5379 5404 5403
f 5380 5381 5405
f 5380 5405 5404
f 5381 5382 5406
f 5381 5406 5405
f 5382 5383 5407
f 5382 5407 5406
f 5383 5384 5408
f 5383 5408 5407
f 5384 5385 5409
f 5384 5409 5408
f 5385 5386 5410
f 5385 5410 5409
f 5386 5387 5411
f 5386 5411 5410
f 5387 5388 5412
f 5387 5412 5411
f 5388 5365 5389
f 5388 5389 5412
o thermal_sleeve
usemtl Barrel
s off
v 0.064000 1.091859 1.380000
v 0.061819 1.108424 1.380000
v 0.055426 1.123859 1.380000
v 0.045255 1.137114 1.380000
v 0.032000 1.147285 1.380000
v 0.016564 1.153679 1.380000
v 0.000000 1.155859 1.380000
v -0.016564 1.153679 1.380000
v -0.032000 1.147285 1.380000
v -0.045255 1.137114 1.380000
v -0.055426 1.123859 1.380000
v -0.061819 1.108424 1.380000
v -0.064000 1.091859 1.380000
v -0.061819 1.075295 1.380000
v -0.055426 1.059859 1.380000
v -0.045255 1.046604 1.380000
v -0.032000 1.036434 1.380000
v -0.016564 1.030040 1.380000
v -0.000000 1.027859 1.380000
v 0.016564 1.030040 1.380000
v 0.032000 1.036434 1.380000
v 0.045255 1.046604 1.380000
v 0.055426 1.059859 1.380000
v 0.061819 1.075295 1.380000
v 0.064000 1.091859 2.490000
v 0.061819 1.108424 2.490000
v 0.055426 1.123859 2.490000
v 0.045255 1.137114 2.490000
v 0.032000 1.147285 2.490000
v 0.016564 1.153679 2.490000
v 0.000000 1.155859 2.490000
v -0.016564 1.153679 2.490000
v -0.032000 1.147285 2.490000
v -0.045255 1.137114 2.490000
v -0.055426 1.123859 2.490000
v -0.061819 1.108424 2.490000
v -0.064000 1.091859 2.490000
v -0.061819 1.075295 2.490000
v -0.055426 1.059859 2.490000
v -0.045255 1.046604 2.490000
v -0.032000 1.036434 2.490000
v -0.016564 1.030040 2.490000
v -0.000000 1.027859 2.490000
v 0.016564 1.030040 2.490000
v 0.032000 1.036434 2.490000
v 0.045255 1.046604 2.490000
v 0.055426 1.059859 2.490000
v 0.061819 1.075295 2.490000
f 5436 5435 5434
f 5436 5434 5433
f 5436 5433 5432
f 5436 5432 5431
f 5436 5431 5430
f 5436 5430 5429
f 5436 5429 5428
f 5436 5428 5427
f 5436 5427 5426
f 5436 5426 5425
f 5436 5425 5424
f 5436 5424 5423
f 5436 5423 5422
f 5436 5422 5421
f 5436 5421 5420
f 5436 5420 5419
f 5436 5419 5418
f 5436 5418 5417
f 5436 5417 5416
f 5436 5416 5415
f 5436 5415 5414
f 5436 5414 5413
f 5437 5438 5439
f 5437 5439 5440
f 5437 5440 5441
f 5437 5441 5442
f 5437 5442 5443
f 5437 5443 5444
f 5437 5444 5445
f 5437 5445 5446
f 5437 5446 5447
f 5437 5447 5448
f 5437 5448 5449
f 5437 5449 5450
f 5437 5450 5451
f 5437 5451 5452
f 5437 5452 5453
f 5437 5453 5454
f 5437 5454 5455
f 5437 5455 5456
f 5437 5456 5457
f 5437 5457 5458
f 5437 5458 5459
f 5437 5459 5460
f 5413 5414 5438
f 5413 5438 5437
f 5414 5415 5439
f 5414 5439 5438
f 5415 5416 5440
f 5415 5440 5439
f 5416 5417 5441
f 5416 5441 5440
f 5417 5418 5442
f 5417 5442 5441
f 5418 5419 5443
f 5418 5443 5442
f 5419 5420 5444
f 5419 5444 5443
f 5420 5421 5445
f 5420 5445 5444
f 5421 5422 5446
f 5421 5446 5445
f 5422 5423 5447
f 5422 5447 5446
f 5423 5424 5448
f 5423 5448 5447
f 5424 5425 5449
f 5424 5449 5448
f 5425 5426 5450
f 5425 5450 5449
f 5426 5427 5451
f 5426 5451 5450
f 5427 5428 5452
f 5427 5452 5451
f 5428 5429 5453
f 5428 5453 5452
f 5429 5430 5454
f 5429 5454 5453
f 5430 5431 5455
f 5430 5455 5454
f 5431 5432 5456
f 5431 5456 5455
f 5432 5433 5457
f 5432 5457 5456
f 5433 5434 5458
f 5433 5458 5457
f 5434 5435 5459
f 5434 5459 5458
f 5435 5436 5460
f 5435 5460 5459
f 5436 5413 5437
f 5436 5437 5460
o fume_extractor
usemtl Barrel
s off
v 0.088000 1.091859 2.490000
v 0.085001 1.114635 2.490000
v 0.076210 1.135859 2.490000
v 0.062225 1.154085 2.490000
v 0.044000 1.168070 2.490000
v 0.022776 1.176861 2.490000
v 0.000000 1.179859 2.490000
v -0.022776 1.176861 2.490000
v -0.044000 1.168070 2.490000
v -0.062225 1.154085 2.490000
v -0.076210 1.135859 2.490000
v -0.085001 1.114635 2.490000
v -0.088000 1.091859 2.490000
v -0.085001 1.069083 2.490000
v -0.076210 1.047859 2.490000
v -0.062225 1.029634 2.490000
v -0.044000 1.015649 2.490000
v -0.022776 1.006858 2.490000
v -0.000000 1.003859 2.490000
v 0.022776 1.006858 2.490000
v 0.044000 1.015649 2.490000
v 0.062225 1.029634 2.490000
v 0.076210 1.047859 2.490000
v 0.085001 1.069083 2.490000
v 0.088000 1.091859 2.910000
v 0.085001 1.114635 2.910000
v 0.076210 1.135859 2.910000
v 0.062225 1.154085 2.910000
v 0.044000 1.168070 2.910000
v 0.022776 1.176861 2.910000
v 0.000000 1.179859 2.910000
v -0.022776 1.176861 2.910000
v -0.044000 1.168070 2.910000
v -0.062225 1.154085 2.910000
v -0.076210 1.135859 2.910000
v -0.085001 1.114635 2.910000
v -0.088000 1.091859 2.910000
v -0.085001 1.069083 2.910000
v -0.076210 1.047859 2.910000
v -0.062225 1.029634 2.910000
v -0.044000 1.015649 2.910000
v -0.022776 1.006858 2.910000
v -0.000000 1.003859 2.910000
v 0.022776 1.006858 2.910000
v 0.044000 1.015649 2.910000
v 0.062225 1.029634 2.910000
v 0.076210 1.047859 2.910000
v 0.085001 1.069083 2.910000
f 5484 5483 5482
f 5484 5482 5481
f 5484 5481 5480
f 5484 5480 5479
f 5484 5479 5478
f 5484 5478 5477
f 5484 5477 5476
f 5484 5476 5475
f 5484 5475 5474
f 5484 5474 5473
f 5484 5473 5472
f 5484 5472 5471
f 5484 5471 5470
f 5484 5470 5469
f 5484 5469 5468
f 5484 5468 5467
f 5484 5467 5466
f 5484 5466 5465
f 5484 5465 5464
f 5484 5464 5463
f 5484 5463 5462
f 5484 5462 5461
f 5485 5486 5487
f 5485 5487 5488
f 5485 5488 5489
f 5485 5489 5490
f 5485 5490 5491
f 5485 5491 5492
f 5485 5492 5493
f 5485 5493 5494
f 5485 5494 5495
f 5485 5495 5496
f 5485 5496 5497
f 5485 5497 5498
f 5485 5498 5499
f 5485 5499 5500
f 5485 5500 5501
f 5485 5501 5502
f 5485 5502 5503
f 5485 5503 5504
f 5485 5504 5505
f 5485 5505 5506
f 5485 5506 5507
f 5485 5507 5508
f 5461 5462 5486
f 5461 5486 5485
f 5462 5463 5487
f 5462 5487 5486
f 5463 5464 5488
f 5463 5488 5487
f 5464 5465 5489
f 5464 5489 5488
f 5465 5466 5490
f 5465 5490 5489
f 5466 5467 5491
f 5466 5491 5490
f 5467 5468 5492
f 5467 5492 5491
f 5468 5469 5493
f 5468 5493 5492
f 5469 5470 5494
f 5469 5494 5493
f 5470 5471 5495
f 5470 5495 5494
f 5471 5472 5496
f 5471 5496 5495
f 5472 5473 5497
f 5472 5497 5496
f 5473 5474 5498
f 5473 5498 5497
f 5474 5475 5499
f 5474 5499 5498
f 5475 5476 5500
f 5475 5500 5499
f 5476 5477 5501
f 5476 5501 5500
f 5477 5478 5502
f 5477 5502 5501
f 5478 5479 5503
f 5478 5503 5502
f 5479 5480 5504
f 5479 5504 5503
f 5480 5481 5505
f 5480 5505 5504
f 5481 5482 5506
f 5481 5506 5505
f 5482 5483 5507
f 5482 5507 5506
f 5483 5484 5508
f 5483 5508 5507
f 5484 5461 5485
f 5484 5485 5508
o forward_tube
usemtl Barrel
s off
v 0.059000 1.091859 2.910000
v 0.056990 1.107130 2.910000
v 0.051095 1.121359 2.910000
v 0.041719 1.133579 2.910000
v 0.029500 1.142955 2.910000
v 0.015270 1.148849 2.910000
v 0.000000 1.150859 2.910000
v -0.015270 1.148849 2.910000
v -0.029500 1.142955 2.910000
v -0.041719 1.133579 2.910000
v -0.051095 1.121359 2.910000
v -0.056990 1.107130 2.910000
v -0.059000 1.091859 2.910000
v -0.056990 1.076589 2.910000
v -0.051095 1.062359 2.910000
v -0.041719 1.050140 2.910000
v -0.029500 1.040764 2.910000
v -0.015270 1.034870 2.910000
v -0.000000 1.032859 2.910000
v 0.015270 1.034870 2.910000
v 0.029500 1.040764 2.910000
v 0.041719 1.050140 2.910000
v 0.051095 1.062359 2.910000
v 0.056990 1.076589 2.910000
v 0.059000 1.091859 3.690000
v 0.056990 1.107130 3.690000
v 0.051095 1.121359 3.690000
v 0.041719 1.133579 3.690000
v 0.029500 1.142955 3.690000
v 0.015270 1.148849 3.690000
v 0.000000 1.150859 3.690000
v -0.015270 1.148849 3.690000
v -0.029500 1.142955 3.690000
v -0.041719 1.133579 3.690000
v -0.051095 1.121359 3.690000
v -0.056990 1.107130 3.690000
v -0.059000 1.091859 3.690000
v -0.056990 1.076589 3.690000
v -0.051095 1.062359 3.690000
v -0.041719 1.050140 3.690000
v -0.029500 1.040764 3.690000
v -0.015270 1.034870 3.690000
v -0.000000 1.032859 3.690000
v 0.015270 1.034870 3.690000
v 0.029500 1.040764 3.690000
v 0.041719 1.050140 3.690000
v 0.051095 1.062359 3.690000
v 0.056990 1.076589 3.690000
f 5532 5531 5530
f 5532 5530 5529
f 5532 5529 5528
f 5532 5528 5527
f 5532 5527 5526
f 5532 5526 5525
f 5532 5525 5524
f 5532 5524 5523
f 5532 5523 5522
f 5532 5522 5521
f 5532 5521 5520
f 5532 5520 5519
f 5532 5519 5518
f 5532 5518 5517
f 5532 5517 5516
f 5532 5516 5515
f 5532 5515 5514
f 5532 5514 5513
f 5532 5513 5512
f 5532 5512 5511
f 5532 5511 5510
f 5532 5510 5509
f 5533 5534 5535
f 5533 5535 5536
f 5533 5536 5537
f 5533 5537 5538
f 5533 5538 5539
f 5533 5539 5540
f 5533 5540 5541
f 5533 5541 5542
f 5533 5542 5543
f 5533 5543 5544
f 5533 5544 5545
f 5533 5545 5546
f 5533 5546 5547
f 5533 5547 5548
f 5533 5548 5549
f 5533 5549 5550
f 5533 5550 5551
f 5533 5551 5552
f 5533 5552 5553
f 5533 5553 5554
f 5533 5554 5555
f 5533 5555 5556
f 5509 5510 5534
f 5509 5534 5533
f 5510 5511 5535
f 5510 5535 5534
f 5511 5512 5536
f 5511 5536 5535
f 5512 5513 5537
f 5512 5537 5536
f 5513 5514 5538
f 5513 5538 5537
f 5514 5515 5539
f 5514 5539 5538
f 5515 5516 5540
f 5515 5540 5539
f 5516 5517 5541
f 5516 5541 5540
f 5517 5518 5542
f 5517 5542 5541
f 5518 5519 5543
f 5518 5543 5542
f 5519 5520 5544
f 5519 5544 5543
f 5520 5521 5545
f 5520 5545 5544
f 5521 5522 5546
f 5521 5546 5545
f 5522 5523 5547
f 5522 5547 5546
f 5523 5524 5548
f 5523 5548 5547
f 5524 5525 5549
f 5524 5549 5548
f 5525 5526 5550
f 5525 5550 5549
f 5526 5527 5551
f 5526 5551 5550
f 5527 5528 5552
f 5527 5552 5551
f 5528 5529 5553
f 5528 5553 5552
f 5529 5530 5554
f 5529 5554 5553
f 5530 5531 5555
f 5530 5555 5554
f 5531 5532 5556
f 5531 5556 5555
f 5532 5509 5533
f 5532 5533 5556
o open_muzzle
usemtl Barrel
s off
v 0.067000 1.091859 3.680000
v 0.064717 1.109200 3.680000
v 0.058024 1.125359 3.680000
v 0.047376 1.139235 3.680000
v 0.033500 1.149883 3.680000
v 0.017341 1.156576 3.680000
v 0.000000 1.158859 3.680000
v -0.017341 1.156576 3.680000
v -0.033500 1.149883 3.680000
v -0.047376 1.139235 3.680000
v -0.058024 1.125359 3.680000
v -0.064717 1.109200 3.680000
v -0.067000 1.091859 3.680000
v -0.064717 1.074518 3.680000
v -0.058024 1.058359 3.680000
v -0.047376 1.044483 3.680000
v -0.033500 1.033836 3.680000
v -0.017341 1.027142 3.680000
v -0.000000 1.024859 3.680000
v 0.017341 1.027142 3.680000
v 0.033500 1.033836 3.680000
v 0.047376 1.044483 3.680000
v 0.058024 1.058359 3.680000
v 0.064717 1.074518 3.680000
v 0.067000 1.091859 3.748342
v 0.064717 1.109200 3.748342
v 0.058024 1.125359 3.748342
v 0.047376 1.139235 3.748342
v 0.033500 1.149883 3.748342
v 0.017341 1.156576 3.748342
v 0.000000 1.158859 3.748342
v -0.017341 1.156576 3.748342
v -0.033500 1.149883 3.748342
v -0.047376 1.139235 3.748342
v -0.058024 1.125359 3.748342
v -0.064717 1.109200 3.748342
v -0.067000 1.091859 3.748342
v -0.064717 1.074518 3.748342
v -0.058024 1.058359 3.748342
v -0.047376 1.044483 3.748342
v -0.033500 1.033836 3.748342
v -0.017341 1.027142 3.748342
v -0.000000 1.024859 3.748342
v 0.017341 1.027142 3.748342
v 0.033500 1.033836 3.748342
v 0.047376 1.044483 3.748342
v 0.058024 1.058359 3.748342
v 0.064717 1.074518 3.748342
v 0.043000 1.091859 3.748342
v 0.041535 1.102989 3.748342
v 0.037239 1.113359 3.748342
v 0.030406 1.122265 3.748342
v 0.021500 1.129098 3.748342
v 0.011129 1.133394 3.748342
v 0.000000 1.134859 3.748342
v -0.011129 1.133394 3.748342
v -0.021500 1.129098 3.748342
v -0.030406 1.122265 3.748342
v -0.037239 1.113359 3.748342
v -0.041535 1.102989 3.748342
v -0.043000 1.091859 3.748342
v -0.041535 1.080730 3.748342
v -0.037239 1.070359 3.748342
v -0.030406 1.061454 3.748342
v -0.021500 1.054620 3.748342
v -0.011129 1.050324 3.748342
v -0.000000 1.048859 3.748342
v 0.011129 1.050324 3.748342
v 0.021500 1.054620 3.748342
v 0.030406 1.061454 3.748342
v 0.037239 1.070359 3.748342
v 0.041535 1.080730 3.748342
v 0.043000 1.091859 3.700000
v 0.041535 1.102989 3.700000
v 0.037239 1.113359 3.700000
v 0.030406 1.122265 3.700000
v 0.021500 1.129098 3.700000
v 0.011129 1.133394 3.700000
v 0.000000 1.134859 3.700000
v -0.011129 1.133394 3.700000
v -0.021500 1.129098 3.700000
v -0.030406 1.122265 3.700000
v -0.037239 1.113359 3.700000
v -0.041535 1.102989 3.700000
v -0.043000 1.091859 3.700000
v -0.041535 1.080730 3.700000
v -0.037239 1.070359 3.700000
v -0.030406 1.061454 3.700000
v -0.021500 1.054620 3.700000
v -0.011129 1.050324 3.700000
v -0.000000 1.048859 3.700000
v 0.011129 1.050324 3.700000
v 0.021500 1.054620 3.700000
v 0.030406 1.061454 3.700000
v 0.037239 1.070359 3.700000
v 0.041535 1.080730 3.700000
f 5557 5558 5582
f 5557 5582 5581
f 5581 5582 5606
f 5581 5606 5605
f 5605 5606 5630
f 5605 5630 5629
f 5558 5559 5583
f 5558 5583 5582
f 5582 5583 5607
f 5582 5607 5606
f 5606 5607 5631
f 5606 5631 5630
f 5559 5560 5584
f 5559 5584 5583
f 5583 5584 5608
f 5583 5608 5607
f 5607 5608 5632
f 5607 5632 5631
f 5560 5561 5585
f 5560 5585 5584
f 5584 5585 5609
f 5584 5609 5608
f 5608 5609 5633
f 5608 5633 5632
f 5561 5562 5586
f 5561 5586 5585
f 5585 5586 5610
f 5585 5610 5609
f 5609 5610 5634
f 5609 5634 5633
f 5562 5563 5587
f 5562 5587 5586
f 5586 5587 5611
f 5586 5611 5610
f 5610 5611 5635
f 5610 5635 5634
f 5563 5564 5588
f 5563 5588 5587
f 5587 5588 5612
f 5587 5612 5611
f 5611 5612 5636
f 5611 5636 5635
f 5564 5565 5589
f 5564 5589 5588
f 5588 5589 5613
f 5588 5613 5612
f 5612 5613 5637
f 5612 5637 5636
f 5565 5566 5590
f 5565 5590 5589
f 5589 5590 5614
f 5589 5614 5613
f 5613 5614 5638
f 5613 5638 5637
f 5566 5567 5591
f 5566 5591 5590
f 5590 5591 5615
f 5590 5615 5614
f 5614 5615 5639
f 5614 5639 5638
f 5567 5568 5592
f 5567 5592 5591
f 5591 5592 5616
f 5591 5616 5615
f 5615 5616 5640
f 5615 5640 5639
f 5568 5569 5593
f 5568 5593 5592
f 5592 5593 5617
f 5592 5617 5616
f 5616 5617 5641
f 5616 5641 5640
f 5569 5570 5594
f 5569 5594 5593
f 5593 5594 5618
f 5593 5618 5617
f 5617 5618 5642
f 5617 5642 5641
f 5570 5571 5595
f 5570 5595 5594
f 5594 5595 5619
f 5594 5619 5618
f 5618 5619 5643
f 5618 5643 5642
f 5571 5572 5596
f 5571 5596 5595
f 5595 5596 5620
f 5595 5620 5619
f 5619 5620 5644
f 5619 5644 5643
f 5572 5573 5597
f 5572 5597 5596
f 5596 5597 5621
f 5596 5621 5620
f 5620 5621 5645
f 5620 5645 5644
f 5573 5574 5598
f 5573 5598 5597
f 5597 5598 5622
f 5597 5622 5621
f 5621 5622 5646
f 5621 5646 5645
f 5574 5575 5599
f 5574 5599 5598
f 5598 5599 5623
f 5598 5623 5622
f 5622 5623 5647
f 5622 5647 5646
f 5575 5576 5600
f 5575 5600 5599
f 5599 5600 5624
f 5599 5624 5623
f 5623 5624 5648
f 5623 5648 5647
f 5576 5577 5601
f 5576 5601 5600
f 5600 5601 5625
f 5600 5625 5624
f 5624 5625 5649
f 5624 5649 5648
f 5577 5578 5602
f 5577 5602 5601
f 5601 5602 5626
f 5601 5626 5625
f 5625 5626 5650
f 5625 5650 5649
f 5578 5579 5603
f 5578 5603 5602
f 5602 5603 5627
f 5602 5627 5626
f 5626 5627 5651
f 5626 5651 5650
f 5579 5580 5604
f 5579 5604 5603
f 5603 5604 5628
f 5603 5628 5627
f 5627 5628 5652
f 5627 5652 5651
f 5580 5557 5581
f 5580 5581 5604
f 5604 5581 5605
f 5604 5605 5628
f 5628 5605 5629
f 5628 5629 5652
f 5629 5630 5631
f 5629 5631 5632
f 5629 5632 5633
f 5629 5633 5634
f 5629 5634 5635
f 5629 5635 5636
f 5629 5636 5637
f 5629 5637 5638
f 5629 5638 5639
f 5629 5639 5640
f 5629 5640 5641
f 5629 5641 5642
f 5629 5642 5643
f 5629 5643 5644
f 5629 5644 5645
f 5629 5645 5646
f 5629 5646 5647
f 5629 5647 5648
f 5629 5648 5649
f 5629 5649 5650
f 5629 5650 5651
f 5629 5651 5652
